bag_ID,rhodo_acer,DM_start_g,DM_end_g,tin_g,tin_DM_g,tin_ash_g,date_dep,date_coll,stream,QC,hole,Notes
C0097,R,5.08,NA,NA,NA,NA,8/31/18,11/2/18,CWCR,,,START YEAR 2
C0098,R,4.93,0.9,3.6301,4.3129,3.6701,8/31/18,11/2/18,CWCR,,hole,HOLE
C0099,R,4.92,NA,NA,NA,NA,8/31/18,11/2/18,CWCR,,hole,HOLE
C0100,R,4.99,0.6,3.6182,4.2005,3.6565,8/31/18,11/2/18,CWCR,,hole,HOLE
C0101,R,5.1,3.16,3.6262,6.7602,3.8711,8/31/18,11/2/18,WS09,,,
C0102,R,4.94,3,3.518,6.5159,3.7103,8/31/18,11/2/18,WS09,,,
C0103,R,5.09,2.74,3.6296,6.3401,3.8214,8/31/18,11/2/18,WS09,,,
C0104,R,4.94,2.77,3.5272,6.2878,3.9176,8/31/18,11/2/18,WS09,,,
C0105,R,4.95,3.08,3.664,6.7342,3.8855,8/31/18,11/2/18,HNCR,,,
C0106,R,5.02,3.43,3.6025,6.9903,3.8516,8/31/18,11/2/18,HNCR,,,
C0107,R,5.09,3.04,3.5453,6.552,3.7696,8/31/18,11/2/18,HNCR,,,
C0108,R,4.96,3.03,3.6241,6.6536,3.8502,8/31/18,11/2/18,HNCR,,,
C0109,R,4.98,3.27,3.5283,6.7718,3.7513,8/31/18,11/2/18,WS55,,,
C0110,R,4.9,3.33,3.5273,6.8466,3.7406,8/31/18,11/2/18,WS55,,,
C0111,R,4.95,3.15,3.5334,6.6931,3.715,8/31/18,11/2/18,WS55,,,
C0112,R,4.97,3.27,3.613,6.7452,3.8191,8/31/18,11/2/18,WS55,,,
C0113,R,5.09,3.91,3.5189,7.5077,3.7839,8/31/18,11/2/18,TOWR,,,
C0114,R,4.91,3.6,3.641,7.2178,3.8548,8/31/18,11/2/18,TOWR,,,
C0115,R,5,3.72,3.6593,7.3672,3.9335,8/31/18,11/2/18,TOWR,,,
C0116,R,4.9,3.39,3.5126,6.9038,3.7489,8/31/18,11/2/18,TOWR,,,
C0117,R,5.04,2.35,3.6363,5.9982,3.8434,8/31/18,11/2/18,WS17,,,
C0118,R,4.92,2.17,3.5342,5.696,3.8015,8/31/18,11/2/18,WS17,,,
C0119,R,4.9,2.65,3.5457,6.1535,3.7277,8/31/18,11/2/18,WS17,,,
C0120,R,4.93,2.18,3.649,5.7384,3.7952,8/31/18,11/2/18,WS17,,,
C0121,R,5.08,2.93,3.66,6.5796,NA,8/31/18,11/2/18,WS37,,,
C0122,R,5.09,3.14,3.5292,6.6616,3.7205,8/31/18,11/2/18,WS37,,,
C0123,R,4.92,3.12,3.5456,6.5753,3.7528,8/31/18,11/2/18,WS37,,,
C0124,R,4.95,2.88,3.5553,6.4166,3.8466,8/31/18,11/2/18,WS37,,,
C0125,R,5.01,NA,NA,NA,NA,8/31/18,11/2/18,WS34,,,
C0126,R,5.05,3.1,3.6111,6.7097,3.863,8/31/18,11/2/18,WS34,,,
C0127,R,5.04,3.7,3.6432,7.1943,3.8931,8/31/18,11/2/18,WS34,,,
C0128,R,5,3.3,3.5332,6.7729,3.8862,8/31/18,11/2/18,WS34,,,
C0129,R,5.02,3.5,3.6468,7.1386,3.8462,8/31/18,11/2/18,LCCR,,,
C0130,R,4.93,3.34,3.5125,6.8581,3.7243,8/31/18,11/2/18,LCCR,,,
C0131,R,5.01,3.63,3.6697,7.2761,3.8911,8/31/18,11/2/18,LCCR,,,
C0132,R,4.97,3.69,3.6616,7.348,3.8901,8/31/18,11/2/18,LCCR,,,
C0133,R,5.05,2.33,3.5309,5.8549,3.6934,8/31/18,11/2/18,USHF,,,
C0134,R,5.07,1.32,3.6126,4.9449,3.6934,8/31/18,11/2/18,USHF,,,
C0135,R,4.97,2.94,3.6305,6.5558,3.8411,8/31/18,11/2/18,USHF,,hole,hole
C0136,R,4.97,2.52,3.6507,6.176,3.8014,8/31/18,11/2/18,USHF,,,
C0145,A,5.03,0.07,3.5715,3.6242,3.608,8/31/18,11/2/18,WS17,,,
C0146,A,4.98,0.0176,3.6297,3.6473,3.6317,8/31/18,11/2/18,WS17,,,
C0147,A,5.09,0.43,3.6131,4.0296,3.6673,8/31/18,11/2/18,WS17,,,
C0148,A,4.94,0.024,3.6431,3.6671,3.6477,8/31/18,11/2/18,WS17,,,
C0149,A,5.01,0.65,3.6481,4.2884,3.8199,8/31/18,11/2/18,HNCR,,,
C0150,A,5.07,0.94,3.5269,4.466,3.6431,8/31/18,11/2/18,HNCR,,,
C0151,A,4.94,2.01,3.5487,5.5515,3.8285,8/31/18,11/2/18,HNCR,,,
C0152,A,5.08,0.85,3.5418,4.3842,3.647,8/31/18,11/2/18,HNCR,,,
C0153,A,4.95,0.98,3.538,4.6173,3.7562,8/31/18,11/2/18,WS55,,,
C0154,A,5.08,1.33,3.5503,4.8479,3.7663,8/31/18,11/2/18,WS55,,,
C0155,A,5.1,1.15,3.6582,4.8071,4.0126,8/31/18,11/2/18,WS55,,,
C0156,A,4.95,0.56,3.5269,4.0868,3.6315,8/31/18,11/2/18,WS55,,,
C0157,A,4.9,0.53,3.5284,4.0556,3.5862,8/31/18,11/2/18,USHF,,,
C0158,A,4.93,1.23,3.5536,4.766,3.6747,8/31/18,11/2/18,USHF,,,
C0159,A,5,1.28,3.5395,4.8233,3.6706,8/31/18,11/2/18,USHF,,,
C0160,A,4.98,1.8,3.6184,5.4046,,8/31/18,11/2/18,USHF,,,
C0161,A,5.03,0.96,3.644,4.5678,3.8644,8/31/18,11/2/18,WS34,,,
C0162,A,4.92,0.55,3.632,4.1946,3.7288,8/31/18,11/2/18,WS34,,,
C0163,A,5.09,0.39,3.6117,3.9774,3.7273,8/31/18,11/2/18,WS34,,,
C0164,A,4.95,1.78,3.5191,5.2821,3.8827,8/31/18,11/2/18,WS34,,,
C0165,A,5.02,1.17,3.5503,4.7222,3.6885,8/31/18,11/2/18,LCCR,,,
C0166,A,4.99,1.25,3.5229,4.8008,3.7643,8/31/18,11/2/18,LCCR,,,
C0167,A,4.99,0.54,3.5353,3.8894,3.5793,8/31/18,11/2/18,LCCR,,hole,HOLE
C0168,A,4.99,1.22,3.5327,4.7474,3.7855,8/31/18,11/2/18,LCCR,,,
C0169,A,5.01,0.64,3.6152,4.259,3.7135,8/31/18,11/2/18,WS37,,,
C0170,A,4.95,0.94,3.6629,4.5636,3.7931,8/31/18,11/2/18,WS37,,,
C0171,A,4.93,0.16,3.5523,3.7106,3.5915,8/31/18,11/2/18,WS37,,,
C0172,A,5.05,0.28,3.6326,3.9087,3.6835,8/31/18,11/2/18,WS37,,,
C0173,A,4.97,0.25,3.5333,3.7895,3.5583,8/31/18,11/2/18,CWCR,,,
C0174,A,5.08,NA,NA,NA,NA,8/31/18,11/2/18,CWCR,,,
C0175,A,5,0.35,3.675,4.0045,3.7167,8/31/18,11/2/18,CWCR,,,
C0176,A,5.09,1.23,3.6167,4.656,3.7798,8/31/18,11/2/18,CWCR,,,
C0177,A,4.98,0.07,3.537,3.5946,NA,8/31/18,12/5/18,WS09,QC,,ACC LEFT OUT FOR 3 MONTHS…
C0178,A,4.98,NA,NA,NA,NA,8/31/18,12/5/18,WS09,QC,,ACC LEFT OUT FOR 3 MONTHS…
C0179,A,5.01,NA,NA,NA,NA,8/31/18,12/5/18,WS09,QC,,ACC LEFT OUT FOR 3 MONTHS…
C0180,A,5.07,NA,NA,NA,NA,8/31/18,12/5/18,WS09,QC,,ACC LEFT OUT FOR 3 MONTHS…
C0181,A,4.92,1.18,3.5913,4.7945,3.7365,8/31/18,11/2/18,TOWR,,,
C0182,A,4.98,0.79,3.6466,4.4158,3.806,8/31/18,11/2/18,TOWR,,,
C0183,A,5.02,0.84,3.6193,4.4557,3.7449,8/31/18,11/2/18,TOWR,,,
C0184,A,5.01,0.61,3.5431,4.155,3.6191,8/31/18,11/2/18,TOWR,,,
C0193,R,5.1,3.99,3.6674,3.7701,3.84,9/28/18,12/5/18,LCCR,,,????
C0194,R,4.94,3.35,3.6555,5.852,3.772,9/28/18,12/5/18,LCCR,,,
C0195,R,4.99,2.47,3.5347,5.2301,3.6404,9/28/18,12/5/18,LCCR,,,
C0196,R,5.05,3.9,3.6718,6.5697,3.8376,9/28/18,12/5/18,LCCR,,,
C0197,R,5.07,4.04,3.5342,6.2248,3.6873,9/28/18,12/5/18,WS55,,,
C0198,R,5.02,3.68,3.5275,5.9217,3.6737,9/28/18,12/5/18,WS55,,,
C0199,R,5.05,4.05,3.6459,7.002,3.8365,9/28/18,12/5/18,WS55,,,
C0200,R,4.93,4,3.6575,6.9907,3.8381,9/28/18,12/5/18,WS55,,,
C0201,R,4.99,3.81,3.633,5.5321,3.767,9/28/18,12/5/18,WS37,,,
C0202,R,4.93,3.58,3.5757,6.8185,3.7683,9/28/18,12/5/18,WS37,,,
C0203,R,4.95,3.46,3.6076,5.9739,3.7717,9/28/18,12/5/18,WS37,,,
C0204,R,5.06,3.88,3.5559,6.7297,3.739,9/28/18,12/5/18,WS37,,,
C0205,R,5.09,1.88,3.6554,5.2737,3.7526,9/28/18,12/5/18,USHF,,,
C0206,R,5.09,3.26,3.6634,5.9449,3.7938,9/28/18,12/5/18,USHF,,,
C0207,R,5.07,2.98,3.5363,5.5735,3.6633,9/28/18,12/5/18,USHF,,,
C0208,R,4.97,3.28,3.5123,5.8005,3.6747,9/28/18,12/5/18,USHF,,,
C0209,R,4.95,4.31,3.6485,4.8137,3.726,9/28/18,12/5/18,WS34,,,
C0210,R,5.04,4.25,3.6184,6.8262,3.7919,9/28/18,12/5/18,WS34,,,
C0211,R,5.09,4.48,3.6459,6.639,3.8272,9/28/18,12/5/18,WS34,,,
C0212,R,5.04,4.16,3.6445,7.0551,3.8339,9/28/18,12/5/18,WS34,,,
C0213,R,5.02,4.09,3.5302,6.0519,3.6759,9/28/18,12/5/18,TOWR,,,
C0214,R,4.98,4.09,3.5566,6.4635,3.7269,9/28/18,12/5/18,TOWR,,,
C0215,R,5.1,4.01,3.5441,4.819,3.6862,9/28/18,12/5/18,TOWR,,,
C0216,R,5,3.93,3.5343,6.2815,3.6784,9/28/18,12/5/18,TOWR,,,
C0217,R,4.97,3.94,3.6425,6.2814,3.7886,9/28/18,12/5/18,HNCR,,,
C0218,R,4.99,4.26,3.5565,4.3821,3.609,9/28/18,12/5/18,HNCR,,,
C0219,R,5.02,3.98,3.5556,6.0911,3.7243,9/28/18,12/5/18,HNCR,,,
C0220,R,5.07,3.79,3.5444,6.7996,3.7181,9/28/18,12/5/18,HNCR,,,
C0221,R,4.94,3.09,3.503,4.7498,3.5993,9/28/18,12/5/18,WS17,,,
C0222,R,4.98,3.42,3.6384,6.1401,3.7972,9/28/18,12/5/18,WS17,,,
C0223,R,5.08,3.17,3.6535,5.6326,3.7954,9/28/18,12/5/18,WS17,,,
C0224,R,4.97,3.09,3.5518,5.9353,3.7089,9/28/18,12/5/18,WS17,,,
C0225,R,5.03,3.74,3.6573,3.7788,3.8389,9/28/18,12/5/18,WS09,,,????
C0226,R,5.02,4.02,3.629,6.7144,3.8152,9/28/18,12/5/18,WS09,,,
C0227,R,5.08,4.06,3.6848,6.3676,3.8257,9/28/18,12/5/18,WS09,,,
C0228,R,4.92,3.8,3.6493,6.6136,3.8117,9/28/18,12/5/18,WS09,,,
C0229,R,5.1,3.78,3.648,6.3362,3.821,9/28/18,12/5/18,CWCR,,,
C0230,R,4.98,3.61,3.6498,6.3199,3.7762,9/28/18,12/5/18,CWCR,,,
C0231,R,4.96,3.6,3.5463,6.2468,3.7207,9/28/18,12/5/18,CWCR,,,
C0232,R,4.9,3.2,3.5277,6.1408,3.6614,9/28/18,12/5/18,CWCR,,,
C0241,A,5.01,1.55,3.5445,4.6439,3.6711,9/28/18,12/5/18,WS55,,,
C0242,A,5.01,1.93,3.5123,4.7142,3.717,9/28/18,12/5/18,WS55,,,
C0243,A,4.95,2.27,3.6546,4.8432,3.7737,9/28/18,12/5/18,WS55,,,
C0244,A,5.04,2.56,3.6039,5.1674,3.7979,9/28/18,12/5/18,WS55,,,
C0245,A,4.97,1.09,3.6226,4.1743,3.6685,9/28/18,12/5/18,LCCR,,,
C0246,A,5.07,2.01,3.6773,5.0019,3.8236,9/28/18,12/5/18,LCCR,,,
C0247,A,4.95,1.66,3.5116,4.5928,3.6692,9/28/18,12/5/18,LCCR,,,
C0248,A,5.02,2.66,3.5449,5.0174,3.7252,9/28/18,12/5/18,LCCR,,,
C0249,A,5.03,1.91,3.5271,5.0128,3.7052,9/28/18,12/5/18,WS37,,,
C0250,A,5.07,NA,NA,NA,NA,9/28/18,12/5/18,WS37,,,
C0251,A,5,1.75,3.6486,4.9414,3.835,9/28/18,12/5/18,WS37,,,
C0252,A,4.96,1.4,3.5216,4.3514,3.5984,9/28/18,12/5/18,WS37,,,
C0253,A,4.99,2.01,3.5317,4.3999,3.6208,9/28/18,12/5/18,HNCR,,,
C0254,A,5.1,2.2,3.6372,5.1738,3.7749,9/28/18,12/5/18,HNCR,,,
C0255,A,4.96,2.18,3.5295,4.8985,3.6979,9/28/18,12/5/18,HNCR,,,
C0256,A,4.91,1.39,3.5474,4.473,3.651,9/28/18,12/5/18,HNCR,,,
C0257,A,5.06,1.99,3.5481,5.0331,3.7344,9/28/18,12/5/18,WS34,,,
C0258,A,5,2,3.6603,4.9606,3.7959,9/28/18,12/5/18,WS34,,,
C0259,A,4.94,2.9,3.609,5.6533,4.0689,9/28/18,12/5/18,WS34,,,
C0260,A,5.06,2.56,3.6112,5.1299,3.8425,9/28/18,12/5/18,WS34,,,
C0261,A,4.96,0.65,3.673,4.1687,3.7563,9/28/18,12/5/18,WS17,,,
C0262,A,5.01,0.12,3.6484,3.6431,3.5751,9/28/18,12/5/18,WS17,,,
C0263,A,4.92,0.14,3.5347,3.6511,3.5466,9/28/18,12/5/18,WS17,,,
C0264,A,5.09,0.53,3.6301,3.9409,3.6811,9/28/18,12/5/18,WS17,,,
C0265,A,4.98,NA,NA,NA,NA,9/28/18,12/5/18,USHF,,,lost
C0266,A,4.91,NA,NA,NA,NA,9/28/18,12/5/18,USHF,,,lost
C0267,A,4.94,NA,NA,NA,NA,9/28/18,12/5/18,USHF,,,lost
C0268,A,5.02,NA,NA,NA,NA,9/28/18,12/5/18,USHF,,,lost
C0269,A,5,0.99,3.6488,4.1967,3.7229,9/28/18,12/5/18,CWCR,,,
C0270,A,5.02,0.07,3.5299,3.6035,3.5368,9/28/18,12/5/18,CWCR,,,
C0271,A,5.01,0.88,3.6152,4.226,3.68,9/28/18,12/5/18,CWCR,,,
C0272,A,4.92,1.48,3.5168,4.7847,3.7102,9/28/18,12/5/18,CWCR,,,
C0273,A,4.92,1.61,3.5344,5.16,3.7654,9/28/18,11/2/18,WS09,QC,,left out for 1 month only
C0274,A,5.04,2.24,3.5496,5.7712,3.803,9/28/18,11/2/18,WS09,QC,,left out for 1 month only
C0275,A,4.96,2.05,3.6021,5.6245,3.8388,9/28/18,11/2/18,WS09,QC,,left out for 1 month only
C0276,A,4.99,2.02,3.5202,4.9634,3.6805,9/28/18,11/2/18,WS09,QC,,left out for 1 month only
C0277,A,4.94,2.18,3.5442,4.0756,3.5978,9/28/18,12/5/18,TOWR,,,
C0278,A,4.98,2.06,3.5211,4.82,3.6395,9/28/18,12/5/18,TOWR,,,
C0279,A,4.97,2.18,3.6422,4.7389,3.7804,9/28/18,12/5/18,TOWR,,,
C0280,A,5.02,2.02,3.5192,4.4098,3.6226,9/28/18,12/5/18,TOWR,,,
C0289,R,5.04,4.41,3.5396,7.9138,3.9507,11/2/18,1/7/19,WS34,,,
C0290,R,5.03,4.43,3.5057,7.9086,3.9491,11/2/18,1/7/19,WS34,,,
C0291,R,4.97,4.26,3.6664,7.8965,4.0596,11/2/18,1/7/19,WS34,,,
C0292,R,4.9,4.26,3.5171,7.7309,3.8166,11/2/18,1/7/19,WS34,,,
C0293,R,5.07,3.22,3.6126,6.9146,3.8157,11/2/18,1/7/19,WS09,,,
C0294,R,4.97,3.89,3.6352,7.5311,3.9716,11/2/18,1/7/19,WS09,,,
C0295,R,5.09,3.32,3.5297,6.7783,3.7201,11/2/18,1/7/19,WS09,,,
C0296,R,5.04,0.81,3.6437,4.437,3.684,11/2/18,1/7/19,WS09,,,
C0297,R,4.92,4.12,3.6094,7.7541,3.8754,11/2/18,1/7/19,WS55,,,
C0298,R,5.01,4.29,3.6672,7.926,4.0007,11/2/18,1/7/19,WS55,,,
C0299,R,4.92,4.1,3.5206,7.6353,3.7288,11/2/18,1/7/19,WS55,,,
C0300,R,4.98,4.14,3.6012,7.7567,3.8596,11/2/18,1/7/19,WS55,,,
C0301,R,5,2.95,3.6116,6.5114,3.8152,11/2/18,1/7/19,WS17,,,
C0302,R,4.96,3.87,3.6011,7.4267,3.8507,11/2/18,1/7/19,WS17,,,
C0303,R,4.98,2.64,3.5388,6.1804,3.6903,11/2/18,1/7/19,WS17,,,
C0304,R,4.94,2.05,3.527,5.5637,3.6581,11/2/18,1/7/19,WS17,,,
C0305,R,5.06,2.38,3.5281,5.8869,3.6611,11/2/18,1/7/19,USHF,,,
C0306,R,5.05,3.05,3.6475,6.6451,3.8448,11/2/18,1/7/19,USHF,,hole,holes in bag
C0307,R,4.9,NA,NA,NA,NA,11/2/18,1/7/19,USHF,,,
C0308,R,5.08,NA,NA,NA,NA,11/2/18,1/7/19,USHF,,,
C0309,R,5.08,4.24,3.5557,7.7826,3.8507,11/2/18,1/7/19,HNCR,,,
C0310,R,4.93,4.13,3.527,7.6539,3.7782,11/2/18,1/7/19,HNCR,,,
C0311,R,5.03,4.36,3.6191,7.8112,3.8798,11/2/18,1/7/19,HNCR,,,
C0312,R,5.08,4.08,3.6518,7.7292,3.8903,11/2/18,1/7/19,HNCR,,,
C0313,R,4.91,4.17,3.5386,7.7017,3.9469,11/2/18,1/7/19,WS37,,,
C0314,R,4.91,3.64,3.6202,7.2667,3.953,11/2/18,1/7/19,WS37,,,
C0315,R,4.99,3.97,3.5498,7.5144,3.8354,11/2/18,1/7/19,WS37,,,
C0316,R,4.98,3.78,3.5332,7.3125,3.8712,11/2/18,1/7/19,WS37,,,
C0317,R,5.06,4.04,3.6974,7.757,3.9282,11/2/18,1/7/19,LCCR,,,
C0318,R,4.97,3.16,3.53,6.6761,3.8207,11/2/18,1/7/19,LCCR,,,
C0319,R,5.01,4.3,3.5212,7.727,3.7502,11/2/18,1/7/19,LCCR,,,
C0320,R,4.92,3.99,3.5481,7.5988,3.7583,11/2/18,1/7/19,LCCR,,,
C0321,R,5.06,1.98,3.5923,5.6112,3.715,11/2/18,1/7/19,CWCR,,,
C0322,R,4.93,NA,NA,NA,NA,11/2/18,1/7/19,CWCR,,,
C0323,R,4.91,NA,NA,NA,NA,11/2/18,1/7/19,CWCR,,,
C0324,R,4.99,NA,NA,NA,NA,11/2/18,1/7/19,CWCR,,,
C0325,R,4.95,4.25,3.5413,7.7522,3.7816,11/2/18,1/7/19,TOWR,,,
C0326,R,4.92,4.32,3.6711,7.9872,4.0132,11/2/18,1/7/19,TOWR,,,
C0327,R,4.92,4.19,3.6154,7.8193,3.8792,11/2/18,1/7/19,TOWR,,,
C0328,R,5.08,4.26,3.6153,7.8972,3.8853,11/2/18,1/7/19,TOWR,,,
C0337,A,5.07,2.31,3.6328,6.0018,4.12,11/2/18,1/7/19,TOWR,,,
C0338,A,5.02,1.16,3.6505,4.8242,3.8045,11/2/18,1/7/19,TOWR,,,
C0339,A,5.09,2.95,3.5543,6.5551,4.1566,11/2/18,1/7/19,TOWR,,,
C0340,A,5.04,2.85,3.6023,6.4705,4.1492,11/2/18,1/7/19,TOWR,,,
C0341,A,5,1.27,3.5092,4.7883,3.7796,11/2/18,1/7/19,WS09,,,
C0342,A,4.9,1.53,3.54,4.9794,3.8156,11/2/18,1/7/19,WS09,,,
C0343,A,5.04,1.61,3.5329,5.1149,3.8537,11/2/18,1/7/19,WS09,,,
C0344,A,5.06,1.27,3.5365,4.814,3.7335,11/2/18,1/7/19,WS09,,,
C0345,A,4.98,0.36,3.544,3.838,3.6175,11/2/18,1/7/19,WS17,,,
C0346,A,4.97,1.62,3.5256,5.1039,3.7316,11/2/18,1/7/19,WS17,,,
C0347,A,5.03,0.77,3.5457,4.3049,3.6403,11/2/18,1/7/19,WS17,,,
C0348,A,4.92,0.28,3.5335,3.8347,3.5702,11/2/18,1/7/19,WS17,,,
C0349,A,4.9,1.13,3.6584,4.8196,3.7713,11/2/18,1/7/19,HNCR,,,
C0350,A,4.91,2.1,3.5542,5.6301,3.9574,11/2/18,1/7/19,HNCR,,,
C0351,A,4.93,2.29,3.5133,5.8249,3.8055,11/2/18,1/7/19,HNCR,,,
C0352,A,4.97,2.33,3.6638,6.0625,4.0925,11/2/18,1/7/19,HNCR,,,
C0353,A,4.94,1.32,3.6166,4.9928,3.7027,11/2/18,1/7/19,CWCR,,,
C0354,A,4.96,0.66,3.5189,4.1829,3.5746,11/2/18,1/7/19,CWCR,,,
C0355,A,4.99,1.27,3.5419,4.9474,3.762,11/2/18,1/7/19,CWCR,,,
C0356,A,4.96,1.36,3.6686,5.0319,3.8675,11/2/18,1/7/19,CWCR,,,
C0357,A,4.99,2.32,3.5334,5.8622,4.0004,11/2/18,1/7/19,WS34,,,
C0358,A,5.01,2.71,3.6327,6.3429,4.2216,11/2/18,1/7/19,WS34,,,
C0359,A,4.91,1.74,3.5546,5.3029,3.8126,11/2/18,1/7/19,WS34,,,
C0360,A,4.94,2.46,3.5243,5.9764,4.3931,11/2/18,1/7/19,WS34,,,
C0361,A,4.96,2.89,3.5204,6.421,3.9772,11/2/18,1/7/19,WS55,,,
C0362,A,4.93,2.46,3.6429,6.0922,3.9936,11/2/18,1/7/19,WS55,,,
C0363,A,5.02,2.44,3.525,5.961,3.8427,11/2/18,1/7/19,WS55,,,
C0364,A,5,2.38,3.548,5.9562,3.9047,11/2/18,1/7/19,WS55,,,
C0365,A,4.97,1.82,3.6471,5.4857,3.89,11/2/18,1/7/19,WS37,,,
C0366,A,4.94,1.75,3.6319,5.3499,3.8801,11/2/18,1/7/19,WS37,,,
C0367,A,4.9,2.04,3.6369,5.6472,4.001,11/2/18,1/7/19,WS37,,,
C0368,A,5,1.7,3.5237,5.2226,3.768,11/2/18,1/7/19,WS37,,,
C0369,A,5.03,0.08,3.6299,3.7083,3.6377,11/2/18,1/7/19,USHF,,,
C0370,A,4.9,0.75,3.5537,4.2971,3.6871,11/2/18,1/7/19,USHF,,,
C0371,A,4.99,1.38,3.6435,5.055,3.8566,11/2/18,1/7/19,USHF,,,
C0372,A,4.97,NA,NA,NA,NA,11/2/18,1/7/19,USHF,,,
C0373,A,4.98,1.48,3.5535,5.0395,3.7122,11/2/18,1/7/19,LCCR,,,
C0374,A,4.93,2.22,3.6641,5.851,4.0654,11/2/18,1/7/19,LCCR,,,
C0375,A,4.92,4.25,3.6503,7.9085,4.3785,11/2/18,1/7/19,LCCR,,,
C0376,A,4.91,2.1,3.5232,5.6208,3.7329,11/2/18,1/7/19,LCCR,,,
C0001,R,4.97,3.18,3.5512,6.0632,3.7099,12/5/18,2/6/19,USHF,,,
C0002,R,4.9,2.4,3.6296,5.56,3.7367,12/5/18,2/6/19,USHF,,,
C0003,R,4.92,2.49,3.5265,5.6648,3.673,12/5/18,2/6/19,USHF,,,
C0004,R,4.99,3.72,3.5255,6.44,3.7189,12/5/18,2/6/19,USHF,,,
C0005,R,5.06,2.81,3.5267,5.6445,3.6561,12/5/18,2/6/19,CWCR,,,
C0006,R,4.98,2.78,3.5338,5.9557,3.6947,12/5/18,2/6/19,CWCR,,,
C0007,R,5.02,1.94,3.5448,5.0997,3.6296,12/5/18,2/6/19,CWCR,,,
C0008,R,4.91,3.22,3.5153,6.0428,3.6581,12/5/18,2/6/19,CWCR,,,
C0009,R,4.99,4.1,3.6336,7.2397,3.8577,12/5/18,2/6/19,WS34,,,
C0010,R,5.05,3.83,3.543,6.6329,3.7426,12/5/18,2/6/19,WS34,,,
C0011,R,5.07,4.16,3.6467,6.5197,3.8267,12/5/18,2/6/19,WS34,,,
C0012,R,5.05,4.09,3.5473,6.6812,3.7445,12/5/18,2/6/19,WS34,,,
C0013,R,4.97,4.39,3.5456,6.6898,3.712,12/5/18,2/6/19,TOWR,,,
C0014,R,5.07,4.25,3.6415,7.5948,3.8586,12/5/18,2/6/19,TOWR,,,
C0015,R,4.97,4.46,3.5411,7.3664,3.7417,12/5/18,2/6/19,TOWR,,,
C0016,R,5,4.41,3.5164,6.8303,3.7064,12/5/18,2/6/19,TOWR,,,
C0017,R,5.02,4.08,3.6304,6.7917,3.8284,12/5/18,2/6/19,LCCR,,,
C0018,R,4.95,3.43,3.6853,6.6701,3.8481,12/5/18,2/6/19,LCCR,,,
C0019,R,4.96,3.87,3.6498,6.8169,3.8451,12/5/18,2/6/19,LCCR,,,
C0020,R,5.04,3.91,3.6195,6.8177,3.7935,12/5/18,2/6/19,LCCR,,,
C0021,R,5.06,4.03,3.6181,6.9892,3.805,12/5/18,2/6/19,WS17,,,
C0022,R,5.01,3.53,3.6474,6.8901,3.8151,12/5/18,2/6/19,WS17,,,
C0023,R,5.07,3.45,3.5917,5.8019,3.7156,12/5/18,2/6/19,WS17,,,
C0024,R,5.05,3.39,3.6102,6.2889,3.7799,12/5/18,2/6/19,WS17,,,
C0025,R,5,NA,NA,NA,NA,12/5/18,2/6/19,WS09,,,
C0026,R,4.9,NA,NA,NA,NA,12/5/18,2/6/19,WS09,,,
C0027,R,4.99,NA,NA,NA,NA,12/5/18,2/6/19,WS09,,,
C0028,R,4.96,NA,NA,NA,NA,12/5/18,2/6/19,WS09,,,
C0029,R,4.93,4.22,3.5391,7.241,3.7413,12/5/18,2/6/19,WS55,,,
C0030,R,4.99,4.34,3.6262,7.5527,3.8356,12/5/18,2/6/19,WS55,,,
C0031,R,4.91,4.08,3.6158,6.7316,3.8028,12/5/18,2/6/19,WS55,,,
C0032,R,5.02,4.11,3.5357,7.317,3.7398,12/5/18,2/6/19,WS55,,,
C0033,R,5.05,3.4,3.5122,6.3262,3.6803,12/5/18,2/6/19,HNCR,,,
C0034,R,5.07,2.7,3.6129,5.7777,3.7233,12/5/18,2/6/19,HNCR,,,
C0035,R,5.02,2.9,3.5521,5.9596,3.6858,12/5/18,2/6/19,HNCR,,,
C0036,R,4.99,3.46,3.5187,6.3175,3.6772,12/5/18,2/6/19,HNCR,,,
C0037,R,4.92,3.94,3.6563,7.2041,3.857,12/5/18,2/6/19,WS37,,,
C0038,R,4.97,3.89,3.6717,6.4845,3.8132,12/5/18,2/6/19,WS37,,,
C0039,R,4.99,4.46,3.6153,7.5176,3.8638,12/5/18,2/6/19,WS37,,,
C0040,R,5.01,4.14,3.5426,7.1461,3.78,12/5/18,2/6/19,WS37,,,
C0049,A,5.03,1.5,3.6493,4.8917,4.1351,12/5/18,2/6/19,WS34,,,
C0050,A,4.92,0.57,3.6635,4.2087,3.7463,12/5/18,2/6/19,WS34,,,
C0051,A,5.01,1.69,3.5263,4.8516,3.6752,12/5/18,2/6/19,WS34,,,
C0052,A,4.91,2.17,3.534,5.4231,3.8613,12/5/18,2/6/19,WS34,,,
C0053,A,4.96,0.99,3.6694,4.3902,3.7183,12/5/18,2/6/19,LCCR,,,
C0054,A,5.07,1.27,3.5267,4.5192,3.6982,12/5/18,2/6/19,LCCR,,,
C0055,A,5.06,1.8,3.5538,5.0062,3.7059,12/5/18,2/6/19,LCCR,,,
C0056,A,4.94,2.84,3.6294,5.6915,4.1506,12/5/18,2/6/19,LCCR,,,
C0057,A,4.9,0.6,3.5571,4.1429,3.6099,12/5/18,2/6/19,WS09,,,
C0058,A,4.97,NA,NA,NA,NA,12/5/18,2/6/19,WS09,,,
C0059,A,5.05,NA,NA,NA,NA,12/5/18,2/6/19,WS09,,,
C0060,A,5.03,0.84,3.5189,4.2846,3.6104,12/5/18,2/6/19,WS09,,,
C0061,A,5.05,2.13,3.6427,5.1758,3.8946,12/5/18,2/6/19,WS37,,,
C0062,A,4.94,0.98,3.6356,4.3728,3.7153,12/5/18,2/6/19,WS37,,,
C0063,A,4.99,1.32,3.5339,4.5459,3.6149,12/5/18,2/6/19,WS37,,,
C0064,A,4.93,2.39,3.5211,5.5935,3.7426,12/5/18,2/6/19,WS37,,,
C0065,A,5,1.61,3.5272,4.5605,3.6348,12/5/18,2/6/19,HNCR,,,
C0066,A,4.95,1,3.6619,4.3977,3.7299,12/5/18,2/6/19,HNCR,,,
C0067,A,4.98,1.28,3.5087,4.7725,3.6466,12/5/18,2/6/19,HNCR,,,
C0068,A,4.96,1.79,3.6458,4.9838,3.7787,12/5/18,2/6/19,HNCR,,,
C0069,A,4.94,1.06,3.5376,4.3789,3.6136,12/5/18,2/6/19,WS17,,,
C0070,A,4.93,1.05,3.5279,4.3365,3.5999,12/5/18,2/6/19,WS17,,,
C0071,A,5.02,0.97,3.6639,4.4304,3.7432,12/5/18,2/6/19,WS17,,,
C0072,A,4.96,0.51,3.5333,3.7971,3.5602,12/5/18,2/6/19,WS17,,,
C0073,A,4.98,0.22,3.6248,3.859,3.6477,12/5/18,2/6/19,CWCR,,,
C0074,A,4.93,0.91,3.6599,4.2901,3.7189,12/5/18,2/6/19,CWCR,,,
C0075,A,5.07,1.23,3.5714,4.5488,3.6961,12/5/18,2/6/19,CWCR,,,
C0076,A,4.91,1.35,3.6341,4.4764,3.7172,12/5/18,2/6/19,CWCR,,,
C0077,A,5.1,2.22,3.5399,5.0487,3.718,12/5/18,2/6/19,TOWR,,,
C0078,A,4.98,2.67,3.6618,5.4749,3.8768,12/5/18,2/6/19,TOWR,,,
C0079,A,5.04,2.65,3.6421,5.1444,3.7695,12/5/18,2/6/19,TOWR,,,
C0080,A,4.99,2.33,3.5045,5.2292,3.7263,12/5/18,2/6/19,TOWR,,,
C0081,A,5.07,0.81,3.6109,4.2794,3.7117,12/5/18,2/6/19,USHF,,,
C0082,A,5.09,2.05,3.6145,5.1389,3.7679,12/5/18,2/6/19,USHF,,,
C0083,A,5.05,0.87,3.6703,4.2697,3.77,12/5/18,2/6/19,USHF,,,
C0084,A,4.92,NA,NA,NA,NA,12/5/18,2/6/19,USHF,,,
C0085,A,4.94,1.89,3.6635,5.0148,3.8137,12/5/18,2/6/19,WS55,,,
C0086,A,5.01,1.84,3.5513,4.8599,3.6661,12/5/18,2/6/19,WS55,,,
C0087,A,4.95,2.97,3.6375,6.1469,3.8845,12/5/18,2/6/19,WS55,,,
C0088,A,4.93,2.32,3.5316,4.978,3.7023,12/5/18,2/6/19,WS55,,,
C0097,R,5,4.23,3.6152,6.6837,3.7937,1/7/19,3/6/19,WS37,,,
C0098,R,5.01,3.84,3.5474,6.1545,3.7306,1/7/19,3/6/19,WS37,,,
C0099,R,4.9,4.01,3.6332,7.1879,3.8465,1/7/19,3/6/19,WS37,,,
C0100,R,4.99,3.77,3.6152,6.6337,3.7779,1/7/19,3/6/19,WS37,,,
C0101,R,5,2.71,3.529,5.5576,3.6517,1/7/19,3/6/19,WS34,,,
C0102,R,4.98,3.23,3.512,6.42,3.72,1/7/19,3/6/19,WS34,,,
C0103,R,5.08,2.28,3.5634,5.2539,3.6672,1/7/19,3/6/19,WS34,,,
C0104,R,5.06,2.98,3.5559,6.0241,3.7424,1/7/19,3/6/19,WS34,,,
C0105,R,4.95,3.86,3.6638,6.7584,3.8257,1/7/19,3/6/19,LCCR,,,
C0106,R,5.08,4.01,3.6605,7.0635,3.8279,1/7/19,3/6/19,LCCR,,,
C0107,R,5.05,3.87,3.5318,6.9359,3.741,1/7/19,3/6/19,LCCR,,,
C0108,R,4.93,3.74,3.5539,6.5449,3.7195,1/7/19,3/6/19,LCCR,,,
C0109,R,5.07,NA,NA,NA,NA,1/7/19,3/6/19,USHF,,,
C0110,R,5.1,NA,NA,NA,NA,1/7/19,3/6/19,USHF,,,
C0111,R,5.05,NA,NA,NA,NA,1/7/19,3/6/19,USHF,,,
C0112,R,4.99,NA,NA,NA,NA,1/7/19,3/6/19,USHF,,,
C0113,R,4.97,2.57,3.6807,6.0123,3.81,1/7/19,3/6/19,HNCR,,,
C0114,R,5.1,2.87,3.5044,5.7634,3.6315,1/7/19,3/6/19,HNCR,,,
C0115,R,5.07,2.09,3.6557,5.5001,3.7621,1/7/19,3/6/19,HNCR,,,
C0116,R,4.92,NA,NA,NA,NA,1/7/19,3/6/19,HNCR,,,
C0117,R,4.96,2.88,3.5453,6.0526,3.8808,1/7/19,3/6/19,WS17,,,
C0118,R,4.91,3.38,3.5418,6.5037,3.7026,1/7/19,3/6/19,WS17,,,
C0119,R,4.94,2.88,3.5254,5.7434,3.6517,1/7/19,3/6/19,WS17,,,
C0120,R,5.06,3.59,3.5985,6.8914,3.7653,1/7/19,3/6/19,WS17,,,
C0121,R,5.02,3.32,3.6352,6.3397,3.8009,1/7/19,3/6/19,CWCR,,,
C0122,R,4.97,NA,NA,NA,NA,1/7/19,3/6/19,CWCR,,,
C0123,R,5.04,NA,NA,NA,NA,1/7/19,3/6/19,CWCR,,,
C0124,R,4.99,NA,NA,NA,NA,1/7/19,3/6/19,CWCR,,,
C0125,R,4.97,3.5,3.5371,6.3381,3.6961,1/7/19,3/6/19,WS09,,,
C0126,R,5.1,NA,NA,NA,NA,1/7/19,3/6/19,WS09,,,
C0127,R,4.96,NA,NA,NA,NA,1/7/19,3/6/19,WS09,,,
C0128,R,5.05,NA,NA,NA,NA,1/7/19,3/6/19,WS09,,,
C0129,R,4.94,4.17,3.5288,6.6563,3.7039,1/7/19,3/6/19,TOWR,,,
C0130,R,5.05,4.53,3.6508,6.7197,3.8282,1/7/19,3/6/19,TOWR,,,
C0131,R,4.93,4.06,3.5486,6.7398,3.7041,1/7/19,3/6/19,TOWR,,,
C0132,R,5.02,4.22,3.5534,6.6912,3.7344,1/7/19,3/6/19,TOWR,,,
C0133,R,5,4.17,3.5437,6.6032,3.7225,1/7/19,3/6/19,WS55,,,
C0134,R,4.98,3.96,3.5428,6.9015,3.7347,1/7/19,3/6/19,WS55,,,
C0135,R,5,4.11,3.6555,6.8819,3.8103,1/7/19,3/6/19,WS55,,,
C0136,R,4.9,4.32,3.6315,7.2591,3.8621,1/7/19,3/6/19,WS55,,,
C0145,A,5.04,0.08,3.6512,3.7448,3.657,1/7/19,3/6/19,USHF,,,
C0146,A,4.96,NA,NA,NA,NA,1/7/19,3/6/19,USHF,,,
C0147,A,4.96,NA,NA,NA,NA,1/7/19,3/6/19,USHF,,,
C0148,A,4.96,0.42,3.5221,3.944,3.7566,1/7/19,3/6/19,USHF,,,
C0149,A,5.04,0.99,3.629,4.3424,3.7058,1/7/19,3/6/19,WS17,,,
C0150,A,4.9,0.85,3.5093,4.1312,3.557,1/7/19,3/6/19,WS17,,,
C0151,A,4.96,0.32,3.6613,3.8769,3.6829,1/7/19,3/6/19,WS17,,,
C0152,A,5.01,0.46,3.521,3.8647,3.5525,1/7/19,3/6/19,WS17,,,
C0153,A,4.98,0.87,3.5263,4.1461,3.5797,1/7/19,3/6/19,CWCR,,,
C0154,A,4.91,NA,NA,NA,NA,1/7/19,3/6/19,CWCR,,,
C0155,A,5.04,0.57,3.5396,3.904,3.581,1/7/19,3/6/19,CWCR,,,
C0156,A,5.03,NA,NA,NA,NA,1/7/19,3/6/19,CWCR,,,
C0157,A,5.04,1.15,3.5363,4.4627,3.6789,1/7/19,3/6/19,WS09,,,
C0158,A,5.05,1.1,3.5391,4.4337,3.6148,1/7/19,3/6/19,WS09,,,
C0159,A,5.08,1.65,3.5518,4.6808,3.6638,1/7/19,3/6/19,WS09,,,
C0160,A,5.03,NA,NA,NA,NA,1/7/19,3/6/19,WS09,,,
C0161,A,4.93,2.17,3.5421,5.0776,3.7053,1/7/19,3/6/19,WS55,,,
C0162,A,5.01,1.58,3.651,4.5694,3.7659,1/7/19,3/6/19,WS55,,,
C0163,A,4.95,1.02,3.5613,4.4714,3.6938,1/7/19,3/6/19,WS55,,,
C0164,A,4.93,2.46,3.6598,5.3124,3.9322,1/7/19,3/6/19,WS55,,,
C0165,A,4.98,1.62,3.6632,4.9735,3.7835,1/7/19,3/6/19,TOWR,,,
C0166,A,4.94,0.59,3.5398,3.9581,3.5776,1/7/19,3/6/19,TOWR,,,
C0167,A,4.98,2.38,3.615,5.3174,3.8247,1/7/19,3/6/19,TOWR,,,
C0168,A,4.95,2.08,3.5244,5.1355,3.6997,1/7/19,3/6/19,TOWR,,,
C0169,A,5.05,NA,NA,NA,NA,1/7/19,3/6/19,WS34,,,
C0170,A,4.98,0.27,3.656,3.8884,3.678,1/7/19,3/6/19,WS34,,,
C0171,A,5.02,0.27,3.633,3.8965,3.7008,1/7/19,3/6/19,WS34,,,
C0172,A,5.08,0.4,3.5316,3.7977,3.5533,1/7/19,3/6/19,WS34,,,
C0173,A,4.94,0.79,3.6051,4.2003,3.6462,1/7/19,3/6/19,WS37,,,
C0174,A,5.08,0.86,3.5121,4.1439,3.5496,1/7/19,3/6/19,WS37,,,
C0175,A,4.99,0.84,3.5199,4.083,3.5562,1/7/19,3/6/19,WS37,,,
C0176,A,4.95,0.77,3.6087,4.2011,3.8481,1/7/19,3/6/19,WS37,,,
C0177,A,5.06,2.48,3.5326,5.369,3.7124,1/7/19,3/6/19,LCCR,,,
C0178,A,4.95,2.12,3.6782,5.3217,3.8533,1/7/19,3/6/19,LCCR,,,
C0179,A,5.01,2.59,3.6676,5.4678,3.9158,1/7/19,3/6/19,LCCR,,,
C0180,A,4.91,2.46,3.5406,5.2624,3.7726,1/7/19,3/6/19,LCCR,,,
C0181,A,5.02,1.19,3.6239,4.531,3.7107,1/7/19,3/6/19,HNCR,,,
C0182,A,5.05,1.08,3.5494,4.3145,3.6311,1/7/19,3/6/19,HNCR,,,
C0183,A,4.99,1.19,3.6756,4.4929,3.7729,1/7/19,3/6/19,HNCR,,,
C0184,A,5.06,1.67,3.5238,4.8162,3.6509,1/7/19,3/6/19,HNCR,,,
C0193,R,4.98,3.59,3.6138,7.2173,3.8961,2/6/19,4/3/19,WS37,,,
C0194,R,5.01,3.8,3.604,7.3901,3.8684,2/6/19,4/3/19,WS37,,,
C0195,R,5.08,4.48,3.6193,8.1068,3.874,2/6/19,4/3/19,WS37,,,
C0196,R,5.07,3.26,3.5225,6.7913,3.7354,2/6/19,4/3/19,WS37,,,
C0197,R,5.05,2.53,3.5571,6.0977,3.7276,2/6/19,4/3/19,USHF,,,
C0198,R,4.92,1.28,3.6402,4.9325,3.7323,2/6/19,4/3/19,USHF,,,
C0199,R,4.94,NA,NA,NA,NA,2/6/19,4/3/19,USHF,,,
C0200,R,5.03,NA,NA,NA,NA,2/6/19,4/3/19,USHF,,,
C0201,R,5.01,NA,NA,NA,NA,2/6/19,4/3/19,WS34,,,
C0202,R,4.99,NA,NA,NA,NA,2/6/19,4/3/19,WS34,,,
C0203,R,5,2.77,3.6512,6.4231,3.8522,2/6/19,4/3/19,WS34,,,
C0204,R,4.91,1.1,3.605,4.7129,3.6939,2/6/19,4/3/19,WS34,,,
C0205,R,5.05,4.3,3.5097,7.1012,3.6977,2/6/19,4/3/19,WS55,,,
C0206,R,4.91,4.01,3.5334,6.687,3.6997,2/6/19,4/3/19,WS55,,,
C0207,R,4.99,3.95,3.5335,7.4896,3.7446,2/6/19,4/3/19,WS55,,,
C0208,R,4.91,3.58,3.6199,7.202,3.8629,2/6/19,4/3/19,WS55,,,
C0209,R,4.98,2.92,3.665,6.6067,3.8825,2/6/19,4/3/19,WS17,,,
C0210,R,4.99,3.5,3.5173,7.0234,3.7587,2/6/19,4/3/19,WS17,,,
C0211,R,5.09,NA,NA,NA,NA,2/6/19,4/3/19,WS17,,,
C0212,R,4.92,2.97,3.6118,6.5724,3.8068,2/6/19,4/3/19,WS17,,,
C0213,R,4.91,3.72,3.6345,7.3578,3.8231,2/6/19,4/3/19,LCCR,,,
C0214,R,4.98,3.21,3.5571,6.7629,3.754,2/6/19,4/3/19,LCCR,,,
C0215,R,5,3.94,3.5305,7.4764,3.7808,2/6/19,4/3/19,LCCR,,,
C0216,R,5.02,3.68,3.6087,7.2473,3.8295,2/6/19,4/3/19,LCCR,,,
C0217,R,4.95,4.06,3.6833,7.7335,3.9843,2/6/19,4/3/19,TOWR,,,
C0218,R,5.09,4.02,3.5152,7.5182,3.7875,2/6/19,4/3/19,TOWR,,,
C0219,R,4.9,3.98,3.6236,7.6112,3.9414,2/6/19,4/3/19,TOWR,,,
C0220,R,4.93,3.73,3.5285,7.2133,3.8488,2/6/19,4/3/19,TOWR,,,
C0221,R,5.11,3.49,3.5075,6.9952,3.7321,2/6/19,4/3/19,HNCR,,,
C0222,R,4.9,3.79,3.6354,7.4353,3.8934,2/6/19,4/3/19,HNCR,,,
C0223,R,5.01,3.76,3.6193,7.3419,3.8799,2/6/19,4/3/19,HNCR,,,
C0224,R,4.98,3.53,3.5457,6.4622,3.7196,2/6/19,4/3/19,HNCR,,,
C0225,R,5.12,3.79,3.6664,7.4594,3.9829,2/6/19,4/3/19,CWCR,,,
C0226,R,5.09,3.48,3.5399,7.0116,3.7667,2/6/19,4/3/19,CWCR,,,
C0227,R,5.1,NA,NA,NA,NA,2/6/19,4/3/19,CWCR,,,
C0228,R,5.02,3.02,3.5471,6.5698,3.8017,2/6/19,4/3/19,CWCR,,,
C0229,R,5.03,3.3,3.353,6.5798,3.7376,2/6/19,4/3/19,WS09,,,
C0230,R,5,3.38,3.5641,6.7306,3.8187,2/6/19,4/3/19,WS09,,,
C0231,R,4.95,3.2,3.5229,6.722,3.7837,2/6/19,4/3/19,WS09,,,
C0232,R,5.08,4.07,3.6463,7.063,3.872,2/6/19,4/3/19,WS09,,,
C0241,A,5.07,0.74,3.6499,4.3929,3.7754,2/6/19,4/3/19,WS17,,,
C0242,A,4.94,0.27,3.6728,3.945,3.7103,2/6/19,4/3/19,WS17,,,
C0243,A,4.99,0.18,3.5562,3.7369,3.6298,2/6/19,4/3/19,WS17,,,
C0244,A,4.94,0.79,3.5353,4.313,3.6309,2/6/19,4/3/19,WS17,,,
C0245,A,4.97,0.99,3.6389,4.5327,3.712,2/6/19,4/3/19,HNCR,,,
C0246,A,5,1.09,3.5416,4.3993,3.618,2/6/19,4/3/19,HNCR,,,
C0247,A,5.04,1.01,3.5068,4.5179,3.6054,2/6/19,4/3/19,HNCR,,,
C0248,A,4.99,1.41,3.6359,5.0531,3.8874,2/6/19,4/3/19,HNCR,,,
C0249,A,4.94,3.57,3.6471,7.2069,5.2356,2/6/19,4/3/19,WS55,,,
C0250,A,4.91,2.27,3.5185,5.7905,3.9192,2/6/19,4/3/19,WS55,,hole,hole in paper bag
C0251,A,5.09,2.37,3.6716,5.4948,3.908,2/6/19,4/3/19,WS55,,,
C0252,A,4.95,3.74,3.6538,7.3886,4.0899,2/6/19,4/3/19,WS55,,,
C0253,A,5.05,0.24,3.6105,3.8495,3.6343,2/6/19,4/3/19,USHF,,,
C0254,A,5.06,0.47,3.5403,4.0061,3.6102,2/6/19,4/3/19,USHF,,,
C0255,A,4.98,0.58,3.6068,4.1728,3.6681,2/6/19,4/3/19,USHF,,,
C0256,A,4.98,0.9,3.6237,4.5231,3.729,2/6/19,4/3/19,USHF,,,
C0257,A,5.06,0.53,3.5227,4.0473,3.5721,2/6/19,4/3/19,LCCR,,,
C0258,A,5.01,0.81,3.6424,4.4418,3.7356,2/6/19,4/3/19,LCCR,,,
C0259,A,4.99,0.57,3.6525,4.2201,3.7169,2/6/19,4/3/19,LCCR,,,
C0260,A,4.97,0.98,3.5543,4.5661,3.6889,2/6/19,4/3/19,LCCR,,,
C0261,A,5.08,0.79,3.5404,4.3453,3.6366,2/6/19,4/3/19,WS37,,,
C0262,A,5.03,0.86,3.5329,4.3812,3.6795,2/6/19,4/3/19,WS37,,,
C0263,A,4.93,0.9,3.5277,4.1154,3.5729,2/6/19,4/3/19,WS37,,,
C0264,A,4.95,3.05,3.5387,6.5425,3.9078,2/6/19,4/3/19,WS37,,,
C0265,A,4.98,0.23,3.643,3.8914,3.6719,2/6/19,4/3/19,WS34,,,
C0266,A,4.92,0.12,3.6339,3.7848,3.6533,2/6/19,4/3/19,WS34,,,
C0267,A,4.94,0.24,3.532,3.7713,3.5628,2/6/19,4/3/19,WS34,,,
C0268,A,4.91,1.21,3.5522,4.7568,3.7218,2/6/19,4/3/19,WS34,,,
C0269,A,4.9,NA,NA,NA,NA,2/6/19,4/3/19,WS09,,,
C0270,A,4.95,NA,NA,NA,NA,2/6/19,4/3/19,WS09,,,
C0271,A,4.97,NA,NA,NA,NA,2/6/19,4/3/19,WS09,,,
C0272,A,4.97,NA,NA,NA,NA,2/6/19,4/3/19,WS09,,,
C0273,A,5.06,2.84,3.5759,5.4358,3.8179,2/6/19,4/3/19,TOWR,,,
C0274,A,4.97,2.31,3.6481,5.9361,4.0883,2/6/19,4/3/19,TOWR,,,
C0275,A,5.01,2.78,3.5373,6.2965,4.0284,2/6/19,4/3/19,TOWR,,,
C0276,A,5.08,2.39,3.6585,6.0131,4.2465,2/6/19,4/3/19,TOWR,,,
C0277,A,5.02,0.35,3.552,3.9335,3.6438,2/6/19,4/3/19,CWCR,,,
C0278,A,5.01,0.68,3.667,4.3477,3.7573,2/6/19,4/3/19,CWCR,,,
C0279,A,5.09,NA,NA,NA,NA,2/6/19,4/3/19,CWCR,,,
C0280,A,4.94,NA,NA,NA,NA,2/6/19,4/3/19,CWCR,,,
C0289,R,4.92,1.44,3.5146,4.9587,3.5945,3/6/19,5/8/19,WS09,,,
C0290,R,5.01,2.45,3.6349,6.1076,3.7831,3/6/19,5/8/19,WS09,,,
C0291,R,4.97,2.93,3.5307,6.4731,3.7198,3/6/19,5/8/19,WS09,,,
C0292,R,5.05,2.59,3.5276,6.1269,3.7805,3/6/19,5/8/19,WS09,,,
C0293,R,5.05,2.12,3.6663,5.7896,3.8096,3/6/19,5/8/19,WS37,,,
C0294,R,5.09,2.74,3.6821,6.359,3.9153,3/6/19,5/8/19,WS37,,,
C0295,R,4.9,3.84,3.5566,7.416,3.9041,3/6/19,5/8/19,WS37,,,
C0296,R,5.01,1.09,3.5075,4.609,3.5744,3/6/19,5/8/19,WS37,,,
C0297,R,4.98,1.6,3.6349,5.241,3.733,3/6/19,5/8/19,CWCR,,,
C0298,R,5,1.81,3.6086,5.4594,3.7183,3/6/19,5/8/19,CWCR,,,
C0299,R,4.91,3.99,3.6098,7.6073,3.9106,3/6/19,5/8/19,CWCR,,,
C0300,R,5.03,3.82,3.6233,7.4316,3.9204,3/6/19,5/8/19,CWCR,,,
C0301,R,5,3.88,3.6619,7.5352,3.95,3/6/19,5/8/19,TOWR,,,
C0302,R,5.09,3.43,3.5488,6.9866,3.7582,3/6/19,5/8/19,TOWR,,,
C0303,R,5.04,1.89,3.5533,5.4488,3.6806,3/6/19,5/8/19,TOWR,,,
C0304,R,5.03,1.29,3.5317,4.8133,3.6117,3/6/19,5/8/19,TOWR,,,
C0305,R,4.98,4.25,3.6588,7.9052,4.1483,3/6/19,5/8/19,WS34,,,
C0306,R,5.05,3.45,3.5151,6.9668,3.7588,3/6/19,5/8/19,WS34,,,
C0307,R,4.95,3.74,3.5436,7.2707,3.8047,3/6/19,5/8/19,WS34,,,
C0308,R,4.99,3.42,3.5385,6.9719,3.8107,3/6/19,5/8/19,WS34,,,
C0309,R,4.96,NA,NA,NA,NA,3/6/19,5/8/19,LCCR,,,
C0310,R,4.99,NA,NA,NA,NA,3/6/19,5/8/19,LCCR,,,
C0311,R,4.93,NA,NA,NA,NA,3/6/19,5/8/19,LCCR,,,
C0312,R,4.99,3.49,3.665,5.7769,3.8356,3/6/19,5/8/19,LCCR,,,
C0313,R,4.96,3.7,3.5668,6.7138,3.7997,3/6/19,5/8/19,HNCR,,,
C0314,R,5.04,3.59,3.6506,6.0811,3.8035,3/6/19,5/8/19,HNCR,,,
C0315,R,5.08,3.91,3.5342,7.4501,3.7707,3/6/19,5/8/19,HNCR,,,
C0316,R,4.93,4.08,3.6716,6.1564,3.8551,3/6/19,5/8/19,HNCR,,,
C0317,R,4.96,2.71,3.5065,6.2082,3.7618,3/6/19,5/8/19,WS17,,,
C0318,R,4.96,3.04,3.6358,6.1984,3.7959,3/6/19,5/8/19,WS17,,,
C0319,R,5.01,2.16,3.5351,5.7193,3.8569,3/6/19,5/8/19,WS17,,,
C0320,R,4.95,2.35,3.5173,5.9219,3.6631,3/6/19,5/8/19,WS17,,,
C0321,R,4.9,3.84,3.5552,6.7954,3.7454,3/6/19,5/8/19,WS55,,,
C0322,R,5.05,3.86,3.6588,7.5255,3.9383,3/6/19,5/8/19,WS55,,,
C0323,R,5.04,4.21,3.6651,6.186,3.852,3/6/19,5/8/19,WS55,,,
C0324,R,5.05,3.86,3.6039,7.4584,3.89,3/6/19,5/8/19,WS55,,,
C0325,R,5.08,1.84,3.6202,5.4655,3.7533,3/6/19,5/8/19,USHF,,,
C0326,R,4.94,NA,NA,NA,NA,3/6/19,5/8/19,USHF,,,
C0327,R,4.9,NA,NA,NA,NA,3/6/19,5/8/19,USHF,,,
C0328,R,4.99,NA,NA,NA,NA,3/6/19,5/8/19,USHF,,,
C0337,A,5.02,0.84,3.6514,4.5128,3.746,3/6/19,5/8/19,WS17,,,
C0338,A,5.05,0.33,3.5337,3.8619,3.5934,3/6/19,5/8/19,WS17,,,
C0339,A,5.09,0.04,3.646,3.6841,3.6502,3/6/19,5/8/19,WS17,,,
C0340,A,5.06,0.07,3.5372,3.6055,3.545,3/6/19,5/8/19,WS17,,,
C0341,A,5.06,1.55,3.5524,5.0844,3.8657,3/6/19,5/8/19,TOWR,,,
C0342,A,4.95,0.73,3.648,4.4015,3.7391,3/6/19,5/8/19,TOWR,,,
C0343,A,4.91,1.38,3.658,5.0146,3.8543,3/6/19,5/8/19,TOWR,,,
C0344,A,5,2.03,3.6508,5.6731,3.8698,3/6/19,5/8/19,TOWR,,,
C0345,A,4.99,0.88,3.5333,4.4186,3.6676,3/6/19,5/8/19,HNCR,,,
C0346,A,4.94,0.73,3.5285,4.2776,3.6076,3/6/19,5/8/19,HNCR,,,
C0347,A,5.01,0.69,3.5271,4.2313,3.6033,3/6/19,5/8/19,HNCR,,,
C0348,A,5.04,1.21,3.6664,4.8904,3.8167,3/6/19,5/8/19,HNCR,,,
C0349,A,5.07,NA,NA,NA,NA,3/6/19,5/8/19,CWCR,,,
C0350,A,4.93,0.68,3.6183,4.3035,3.7491,3/6/19,5/8/19,CWCR,,,
C0351,A,5.04,0.61,3.6482,4.2112,3.7476,3/6/19,5/8/19,CWCR,,,
C0352,A,4.96,0.34,3.5261,3.8569,3.5843,3/6/19,5/8/19,CWCR,,,
C0353,A,4.95,0.81,3.6567,4.4772,3.8051,3/6/19,5/8/19,WS09,,,
C0354,A,4.94,0.67,3.5326,4.2269,3.6439,3/6/19,5/8/19,WS09,,,
C0355,A,4.91,0.77,3.5424,4.3182,3.7053,3/6/19,5/8/19,WS09,,,
C0356,A,4.92,0.99,3.6404,4.6216,3.8612,3/6/19,5/8/19,WS09,,,
C0357,A,5.09,1.08,3.5409,4.6276,3.692,3/6/19,5/8/19,WS55,,,
C0358,A,5.08,1.41,3.6896,5.0936,3.8616,3/6/19,5/8/19,WS55,,,
C0359,A,5.06,1.68,3.6791,5.358,3.9192,3/6/19,5/8/19,WS55,,,
C0360,A,4.99,1.2,3.6814,4.8619,3.8811,3/6/19,5/8/19,WS55,,,
C0361,A,5.02,0.03,3.517,3.5491,3.5201,3/6/19,5/8/19,USHF,,,
C0362,A,4.92,0.14,3.5121,3.6417,3.5292,3/6/19,5/8/19,USHF,,,
C0363,A,5.09,0.65,3.5373,4.1847,3.6674,3/6/19,5/8/19,USHF,,,
C0364,A,4.99,NA,NA,NA,NA,3/6/19,5/8/19,USHF,,,
C0365,A,5.01,1.83,3.5371,5.3603,3.7923,3/6/19,5/8/19,LCCR,,,
C0366,A,4.94,1.8,3.5138,5.3754,3.7388,3/6/19,5/8/19,LCCR,,,
C0367,A,5.08,2.2,3.6331,5.8466,3.8947,3/6/19,5/8/19,LCCR,,,
C0368,A,4.93,2.16,3.6334,5.7743,4.0138,3/6/19,5/8/19,LCCR,,,
C0369,A,4.91,0.23,3.6593,3.8886,3.6773,3/6/19,5/8/19,WS37,,,
C0370,A,4.93,0.26,3.6219,3.9136,3.6415,3/6/19,5/8/19,WS37,,,
C0371,A,5.02,0.39,3.6245,3.9941,3.6717,3/6/19,5/8/19,WS37,,hole,small hole
C0372,A,5.06,0.35,3.6673,4.0177,3.7271,3/6/19,5/8/19,WS37,,,
C0373,A,4.95,0,3.6606,3.6962,3.6677,3/6/19,5/8/19,WS34,,,
C0374,A,5,0.29,3.5495,3.8302,3.6027,3/6/19,5/8/19,WS34,,,
C0375,A,5,0.24,3.6423,3.8882,3.6764,3/6/19,5/8/19,WS34,,,
C0376,A,5.1,0.26,3.6523,3.9266,3.6843,3/6/19,5/8/19,WS34,,,
C0001,R,4.92,2.95,3.5652,6.5097,3.7801,4/3/19,6/5/19,WS17,,,
C0002,R,5.07,3.5,3.6115,7.1227,3.8811,4/3/19,6/5/19,WS17,,,
C0003,R,4.92,3.17,3.5476,6.7203,3.8089,4/3/19,6/5/19,WS17,,,
C0004,R,4.99,2.8,3.5154,6.33,3.8355,4/3/19,6/5/19,WS17,,,
C0005,R,4.93,2.26,3.6419,5.9225,3.7902,4/3/19,6/5/19,USHF,,,
C0006,R,5.03,1.54,3.5445,5.0908,3.6537,4/3/19,6/5/19,USHF,,,
C0007,R,4.96,2.28,3.6462,5.9436,3.7972,4/3/19,6/5/19,USHF,,,
C0008,R,4.95,NA,NA,NA,NA,4/3/19,6/5/19,USHF,,,
C0009,R,4.99,2.95,3.5428,6.5053,3.7226,4/3/19,6/5/19,WS37,,,
C0010,R,4.99,3.58,3.5358,7.1239,3.8093,4/3/19,6/5/19,WS37,,,
C0011,R,4.97,1.85,3.5126,5.3663,3.6305,4/3/19,6/5/19,WS37,,,
C0012,R,5.07,0.58,3.5204,4.1088,3.5537,4/3/19,6/5/19,WS37,,,
C0013,R,4.94,3.38,3.5477,6.926,3.8962,4/3/19,6/5/19,WS34,,,
C0014,R,5.04,2.24,3.6483,5.8843,3.8285,4/3/19,6/5/19,WS34,,,
C0015,R,4.97,2.35,3.5276,5.8837,3.722,4/3/19,6/5/19,WS34,,,
C0016,R,5.04,3.04,3.5163,6.5902,3.6989,4/3/19,6/5/19,WS34,,,
C0017,R,5.04,3.52,3.5327,7.0698,3.765,4/3/19,6/5/19,LCCR,,,
C0018,R,5.1,3.27,3.5327,6.8018,3.7353,4/3/19,6/5/19,LCCR,,,
C0019,R,4.92,3.29,3.6593,6.9438,3.8501,4/3/19,6/5/19,LCCR,,,
C0020,R,4.95,3.59,3.6195,6.2059,3.7622,4/3/19,6/5/19,LCCR,,,
C0021,R,5.02,1.63,3.5278,5.1644,3.6156,4/3/19,6/5/19,HNCR,,,
C0022,R,4.97,2.22,3.5237,5.7597,3.6654,4/3/19,6/5/19,HNCR,,,
C0023,R,5.02,2.5,3.6573,6.1704,3.8318,4/3/19,6/5/19,HNCR,,,
C0024,R,5.09,2.62,3.6683,6.2863,3.8413,4/3/19,6/5/19,HNCR,,,
C0025,R,4.95,2.73,3.6269,6.3523,3.8017,4/3/19,6/5/19,CWCR,,,
C0026,R,5.08,1.92,3.5291,5.4432,3.6513,4/3/19,6/5/19,CWCR,,,
C0027,R,4.93,1.97,3.6771,5.6522,3.7759,4/3/19,6/5/19,CWCR,,,
C0028,R,4.91,1.5,3.6061,5.116,3.7102,4/3/19,6/5/19,CWCR,,,
C0029,R,5.08,4.01,3.6671,6.5619,3.8239,4/3/19,6/5/19,WS55,,,
C0030,R,4.95,3.74,3.5313,7.2467,3.8039,4/3/19,6/5/19,WS55,,,
C0031,R,5.08,4.22,3.6734,7.648,3.9195,4/3/19,6/5/19,WS55,,,
C0032,R,4.95,3.88,3.6758,5.6595,3.801,4/3/19,6/5/19,WS55,,,
C0033,R,4.97,2.38,3.6544,6.029,3.803,4/3/19,6/5/19,WS09,,,
C0034,R,5.09,2.81,3.5204,6.3213,3.698,4/3/19,6/5/19,WS09,,,
C0035,R,5.04,2.88,3.5501,6.4268,3.7298,4/3/19,6/5/19,WS09,,,
C0036,R,4.99,2.61,3.6497,6.2634,3.8441,4/3/19,6/5/19,WS09,,,
C0037,R,4.91,2.85,3.5342,6.3846,3.7116,4/3/19,6/5/19,TOWR,,,
C0038,R,4.98,3.27,3.5562,6.8077,3.811,4/3/19,6/5/19,TOWR,,,
C0039,R,5.02,3.63,3.6312,6.3358,3.8083,4/3/19,6/5/19,TOWR,,,
C0040,R,4.99,4.03,3.5222,6.5448,3.6996,4/3/19,6/5/19,TOWR,,,
C0049,A,4.98,1.2,3.625,4.7893,3.8353,4/3/19,6/5/19,WS55,,,
C0050,A,5,0.59,3.6532,4.527,3.7523,4/3/19,6/5/19,WS55,,,
C0051,A,5.05,0.86,3.6531,4.519,3.7517,4/3/19,6/5/19,WS55,,,
C0052,A,4.94,1.39,3.6143,4.9924,3.82,4/3/19,6/5/19,WS55,,,
C0053,A,5.05,0.3,3.6405,3.9478,3.6849,4/3/19,6/5/19,WS09,,,
C0054,A,5.04,NA,NA,NA,NA,4/3/19,6/5/19,WS09,,,
C0055,A,4.97,0.07,3.6601,3.7222,3.6673,4/3/19,6/5/19,WS09,,,
C0056,A,4.94,0.29,3.5469,3.8425,3.6439,4/3/19,6/5/19,WS09,,,
C0057,A,5.01,1.47,3.6387,5.142,3.7981,4/3/19,6/5/19,TOWR,,,
C0058,A,4.94,0.82,3.5552,4.3755,3.636,4/3/19,6/5/19,TOWR,,,
C0059,A,5.02,1.28,3.651,4.9083,3.7848,4/3/19,6/5/19,TOWR,,,
C0060,A,4.96,0.55,3.5448,4.081,3.6137,4/3/19,6/5/19,TOWR,,,
C0061,A,5.03,NA,NA,NA,NA,4/3/19,6/5/19,CWCR,,,
C0062,A,5.01,NA,NA,NA,NA,4/3/19,6/5/19,CWCR,,,
C0063,A,4.96,NA,NA,NA,NA,4/3/19,6/5/19,CWCR,,,
C0064,A,4.93,NA,NA,NA,NA,4/3/19,6/5/19,CWCR,,,
C0065,A,4.93,NA,NA,NA,NA,4/3/19,6/5/19,USHF,,,
C0066,A,5.01,NA,NA,NA,NA,4/3/19,6/5/19,USHF,,,
C0067,A,5.01,NA,NA,NA,NA,4/3/19,6/5/19,USHF,,,
C0068,A,4.94,NA,NA,NA,NA,4/3/19,6/5/19,USHF,,,
C0069,A,4.99,0.44,3.5315,3.9811,3.5837,4/3/19,6/5/19,WS17,,,
C0070,A,4.99,0.7,3.5504,4.245,3.6655,4/3/19,6/5/19,WS17,,,
C0071,A,5.07,0.91,3.5432,4.455,3.6412,4/3/19,6/5/19,WS17,,,
C0072,A,4.98,0.04,3.64,3.6805,3.6441,4/3/19,6/5/19,WS17,,,
C0073,A,4.93,1.01,3.6031,4.606,3.7516,4/3/19,6/5/19,LCCR,,,
C0074,A,5.06,1.62,3.5134,5.1392,3.6984,4/3/19,6/5/19,LCCR,,,
C0075,A,5.01,1.47,3.6991,5.1479,3.9456,4/3/19,6/5/19,LCCR,,,
C0076,A,5.04,0.88,3.619,4.4932,3.7306,4/3/19,6/5/19,LCCR,,,
C0077,A,5.09,1.03,3.5044,4.5285,3.6111,4/3/19,6/5/19,WS34,,,
C0078,A,4.93,0.59,3.535,4.1204,3.7168,4/3/19,6/5/19,WS34,,,
C0079,A,5.07,0.21,3.5443,3.7524,3.56,4/3/19,6/5/19,WS34,,,
C0080,A,4.95,0.39,3.5281,3.9206,3.6136,4/3/19,6/5/19,WS34,,,
C0081,A,4.97,0.73,3.61,4.3339,3.7012,4/3/19,6/5/19,WS37,,,
C0082,A,5.03,NA,NA,NA,NA,4/3/19,6/5/19,WS37,,,
C0083,A,4.94,0.8,3.5287,4.3239,3.6078,4/3/19,6/5/19,WS37,,,
C0084,A,4.98,0.4,3.6611,4.0616,3.6964,4/3/19,6/5/19,WS37,,,
C0085,A,4.98,NA,NA,NA,NA,4/3/19,6/5/19,HNCR,,,
C0086,A,4.94,1.25,3.5258,4.7745,3.662,4/3/19,6/5/19,HNCR,,,
C0087,A,5.05,0.32,3.6253,3.9462,3.6646,4/3/19,6/5/19,HNCR,,,
C0088,A,5.04,0.63,3.6164,4.2506,3.7123,4/3/19,6/5/19,HNCR,,,
C0097,R,5.01,2.67,3.6596,6.332,3.8428,5/8/19,7/10/19,WS17,,,
C0098,R,4.92,2.77,3.5178,6.2939,3.6805,5/8/19,7/10/19,WS17,,,
C0099,R,5.03,2.82,3.6187,5.9289,3.8039,5/8/19,7/10/19,WS17,,,
C0100,R,5.08,3.11,3.5214,6.2727,3.776,5/8/19,7/10/19,WS17,,,
C0101,R,5.03,3.37,3.5263,6.187,3.7341,5/8/19,7/10/19,TOWR,,,
C0102,R,4.91,2.52,3.6303,5.268,3.7594,5/8/19,7/10/19,TOWR,,,
C0103,R,4.95,2.78,3.535,6.2215,3.7543,5/8/19,7/10/19,TOWR,,,
C0104,R,4.9,3.15,3.5343,6.1155,3.7178,5/8/19,7/10/19,TOWR,,,
C0105,R,5,2.1,3.6455,5.3706,3.7528,5/8/19,7/10/19,WS09,,,
C0106,R,4.98,2.18,3.5334,5.5178,3.6483,5/8/19,7/10/19,WS09,,,
C0107,R,5.04,NA,NA,NA,NA,5/8/19,7/10/19,WS09,,,
C0108,R,4.98,NA,NA,NA,NA,5/8/19,7/10/19,WS09,,,
C0109,R,5.05,1.85,3.6582,5.0385,3.749,5/8/19,7/10/19,CWCR,,,
C0110,R,4.92,2,3.5269,5.3585,3.6486,5/8/19,7/10/19,CWCR,,,
C0111,R,5.1,1.88,3.5288,5.3854,3.6943,5/8/19,7/10/19,CWCR,,,
C0112,R,5.1,2.72,3.6512,5.939,3.7945,5/8/19,7/10/19,CWCR,,,
C0113,R,5.05,2.19,3.534,5.579,3.6695,5/8/19,7/10/19,HNCR,,,
C0114,R,4.94,2.58,3.5208,5.8899,3.6842,5/8/19,7/10/19,HNCR,,,
C0115,R,4.98,0.7,3.5966,4.2975,3.6452,5/8/19,7/10/19,HNCR,,,
C0116,R,4.9,2.76,3.612,6.3705,3.7883,5/8/19,7/10/19,HNCR,,,
C0117,R,5,3.88,3.5618,7.4195,3.851,5/8/19,7/10/19,WS55,,,
C0118,R,5.01,3.28,3.6554,6.6823,3.9023,5/8/19,7/10/19,WS55,,,
C0119,R,4.98,4.2,3.5421,6.4149,3.6962,5/8/19,7/10/19,WS55,,,
C0120,R,4.99,3.64,3.6135,7.2644,3.8336,5/8/19,7/10/19,WS55,,,
C0121,R,4.94,1.18,3.5537,4.7274,3.6571,5/8/19,7/10/19,USHF,,,
C0122,R,4.95,1.75,3.5481,5.3034,3.6666,5/8/19,7/10/19,USHF,,,
C0123,R,4.94,1.66,3.5364,5.2014,3.6412,5/8/19,7/10/19,USHF,,,
C0124,R,4.94,NA,NA,NA,NA,5/8/19,7/10/19,USHF,,,
C0125,R,5.09,3.2,3.5329,6.7362,3.7554,5/8/19,7/10/19,LCCR,,,
C0126,R,4.98,3.35,3.5426,6.8234,3.7345,5/8/19,7/10/19,LCCR,,,
C0127,R,5.09,2.23,3.6104,5.8388,3.7574,5/8/19,7/10/19,LCCR,,,
C0128,R,5.03,2.88,3.54,5.6666,3.708,5/8/19,7/10/19,LCCR,,,
C0129,R,5.06,2.87,3.6506,6.5299,3.8737,5/8/19,7/10/19,WS34,,,
C0130,R,4.9,0.92,3.6414,4.5783,3.7043,5/8/19,7/10/19,WS34,,,
C0131,R,5,2.38,3.6683,5.6124,3.8277,5/8/19,7/10/19,WS34,,,
C0132,R,4.9,1.89,3.5345,5.4513,3.6603,5/8/19,7/10/19,WS34,,,
C0133,R,5,2.7,3.6587,6.3549,3.8297,5/8/19,7/10/19,WS37,,,
C0134,R,5.02,2.8,3.6469,5.9241,3.8056,5/8/19,7/10/19,WS37,,,
C0135,R,5.07,2.72,3.5181,5.7396,3.6735,5/8/19,7/10/19,WS37,,,
C0136,R,5.04,3.27,3.5667,6.8476,3.8942,5/8/19,7/10/19,WS37,,,
C0145,A,5.02,0.35,3.6514,4.0048,3.7308,5/8/19,7/10/19,WS09,,,
C0146,A,4.91,0.21,3.6048,3.8187,3.6449,5/8/19,7/10/19,WS09,,,
C0147,A,5.05,0.29,3.5232,3.8241,3.5627,5/8/19,7/10/19,WS09,,,
C0148,A,5.03,0.23,3.6714,3.894,3.7029,5/8/19,7/10/19,WS09,,,
C0149,A,4.98,0.53,3.5412,4.0802,3.6376,5/8/19,7/10/19,CWCR,,,
C0150,A,4.93,0.045,3.6326,3.6776,3.6378,5/8/19,7/10/19,CWCR,,,did not register on big balance
C0151,A,5.06,0.0594,3.5411,3.6005,3.5492,5/8/19,7/10/19,CWCR,,,did not register on big balance
C0152,A,5.02,0.041,3.6768,3.7178,3.6832,5/8/19,7/10/19,CWCR,,,did not register on big balance
C0153,A,5.02,0.56,3.6306,4.2126,3.6882,5/8/19,7/10/19,TOWR,,,
C0154,A,5,0.19,3.5394,3.7228,3.5665,5/8/19,7/10/19,TOWR,,,
C0155,A,5.09,0.25,3.524,3.779,3.5464,5/8/19,7/10/19,TOWR,,,
C0156,A,5.01,1.02,3.65,4.6698,3.7659,5/8/19,7/10/19,TOWR,,,
C0157,A,5.02,0.49,3.6576,4.1581,3.7326,5/8/19,7/10/19,WS17,,,
C0158,A,4.98,0.2,3.6249,3.8253,3.6481,5/8/19,7/10/19,WS17,,,
C0159,A,5.09,0.24,3.5193,3.7732,3.5532,5/8/19,7/10/19,WS17,,,
C0160,A,5.03,0.11,3.6887,3.811,3.7001,5/8/19,7/10/19,WS17,,,
C0161,A,5.06,0.1,3.5416,3.6584,3.56,5/8/19,7/10/19,WS34,,,
C0162,A,5.09,0.06,3.5536,3.6287,3.565,5/8/19,7/10/19,WS34,,,
C0163,A,4.97,0.19,3.6421,3.8243,3.6694,5/8/19,7/10/19,WS34,,,
C0164,A,5,0.12,3.6442,3.765,3.6522,5/8/19,7/10/19,WS34,,,
C0165,A,5.1,1.48,3.6552,5.1405,3.8115,5/8/19,7/10/19,WS55,,,
C0166,A,5.1,0.83,3.5338,4.356,3.6306,5/8/19,7/10/19,WS55,,,
C0167,A,5.02,1.11,3.5338,4.6231,3.7301,5/8/19,7/10/19,WS55,,,
C0168,A,4.96,0.58,3.6497,4.2417,3.7458,5/8/19,7/10/19,WS55,,,
C0169,A,5.08,0.13,3.6649,3.7988,3.6823,5/8/19,7/10/19,HNCR,,,
C0170,A,5.03,0.31,3.5293,3.8448,3.5731,5/8/19,7/10/19,HNCR,,,
C0171,A,4.94,0.79,3.5376,4.3323,3.7338,5/8/19,7/10/19,HNCR,,,
C0172,A,4.98,2.12,3.6812,5.527,4.0104,5/8/19,7/10/19,HNCR,,,
C0173,A,4.97,0.11,3.6515,5.7585,3.6646,5/8/19,7/10/19,USHF,,,
C0174,A,5.01,0.21,3.6654,3.8709,3.6881,5/8/19,7/10/19,USHF,,,
C0175,A,5.02,0.41,3.5375,3.9521,3.5765,5/8/19,7/10/19,USHF,,,
C0176,A,4.96,0.09,3.5297,3.6145,3.5419,5/8/19,7/10/19,USHF,,,
C0177,A,4.93,1.1,3.6237,4.7168,3.7708,5/8/19,7/10/19,LCCR,,,
C0178,A,5.07,1.03,3.6467,4.6729,3.7797,5/8/19,7/10/19,LCCR,,,
C0179,A,4.93,0.55,3.5283,4.085,3.6006,5/8/19,7/10/19,LCCR,,,
C0180,A,5.01,0.77,3.5613,4.3297,3.6737,5/8/19,7/10/19,LCCR,,,
C0181,A,4.91,1.06,3.5226,4.5482,3.6917,5/8/19,7/10/19,WS37,,,
C0182,A,4.98,1.05,3.681,4.7006,3.7955,5/8/19,7/10/19,WS37,,,
C0183,A,4.92,0.51,3.5272,4.0114,3.5798,5/8/19,7/10/19,WS37,,,
C0184,A,5.04,0.6,3.5511,4.1284,3.6391,5/8/19,7/10/19,WS37,,,
C0193,R,4.98,3.26,3.6487,6.9185,3.9944,6/5/19,8/7/19,WS17,,,
C0194,R,5.05,2.89,3.632,6.5365,3.9126,6/5/19,8/7/19,WS17,,,
C0195,R,4.96,2.14,3.5458,5.7224,3.833,6/5/19,8/7/19,WS17,,,
C0196,R,5,3.16,3.6304,6.7943,4.372,6/5/19,8/7/19,WS17,,,
C0197,R,4.93,3.25,3.5203,6.7904,3.8255,6/5/19,8/7/19,TOWR,,,
C0198,R,4.92,3.43,3.6216,7.0655,3.9813,6/5/19,8/7/19,TOWR,,,
C0199,R,4.9,3.3,3.5566,6.8862,3.8357,6/5/19,8/7/19,TOWR,,,
C0200,R,5.01,3.15,3.6644,6.8699,3.9157,6/5/19,8/7/19,TOWR,,,
C0201,R,5.07,3.52,3.5301,7.0679,3.8073,6/5/19,8/7/19,WS55,,,
C0202,R,4.97,3.04,3.544,6.6188,3.7668,6/5/19,8/7/19,WS55,,,
C0203,R,5.06,2.95,3.6425,6.6247,3.9128,6/5/19,8/7/19,WS55,,,
C0204,R,5.04,3.53,3.5106,7.0383,3.8055,6/5/19,8/7/19,WS55,,,
C0205,R,5.08,1.91,3.6723,5.6046,3.8612,6/5/19,8/7/19,HNCR,,,
C0206,R,4.91,1.59,3.5557,5.156,3.689,6/5/19,8/7/19,HNCR,,,
C0207,R,5.07,0.41,3.5202,3.9428,3.5543,6/5/19,8/7/19,HNCR,,,
C0208,R,4.99,NA,NA,NA,NA,6/5/19,8/7/19,HNCR,,,
C0209,R,4.94,1.25,3.6741,4.9294,3.7939,6/5/19,8/7/19,WS09,,,
C0210,R,5.07,2.6,3.6487,6.2446,3.8344,6/5/19,8/7/19,WS09,,,
C0211,R,4.91,1.88,3.5324,5.4543,3.6864,6/5/19,8/7/19,WS09,,,
C0212,R,4.96,1.83,3.5649,5.4205,3.7467,6/5/19,8/7/19,WS09,,,
C0213,R,4.94,2.12,3.6529,5.7879,3.8151,6/5/19,8/7/19,CWCR,,,
C0214,R,5.1,NA,NA,NA,NA,6/5/19,8/7/19,CWCR,,,
C0215,R,4.93,NA,NA,NA,NA,6/5/19,8/7/19,CWCR,,,
C0216,R,5,2.3,3.5182,5.8472,3.704,6/5/19,8/7/19,CWCR,,,
C0217,R,4.91,2.14,3.5505,5.7076,3.7427,6/5/19,8/7/19,WS34,,,
C0218,R,4.93,1.87,3.6064,5.5004,3.8461,6/5/19,8/7/19,WS34,,,
C0219,R,5.03,1.6,3.5303,5.145,3.6522,6/5/19,8/7/19,WS34,,,
C0220,R,5.06,1.78,3.6364,5.448,3.7645,6/5/19,8/7/19,WS34,,,
C0221,R,4.92,1.94,3.6324,5.5932,3.7703,6/5/19,8/7/19,USHF,,,
C0222,R,5.06,1.64,3.5269,5.163,3.6582,6/5/19,8/7/19,USHF,,,
C0223,R,5.02,1.62,3.521,5.1407,3.6529,6/5/19,8/7/19,USHF,,,
C0224,R,4.99,1.93,3.5525,5.519,3.7333,6/5/19,8/7/19,USHF,,,
C0225,R,5,1.87,3.5433,5.4425,3.717,6/5/19,8/7/19,LCCR,,,
C0226,R,5.04,2.61,3.6507,6.2848,3.8701,6/5/19,8/7/19,LCCR,,,
C0227,R,5.07,2.57,3.552,6.1394,3.8677,6/5/19,8/7/19,LCCR,,,
C0228,R,5.06,3.09,3.6275,6.739,3.8525,6/5/19,8/7/19,LCCR,,,
C0229,R,5.07,NA,NA,NA,NA,6/5/19,8/7/19,WS37,,,
C0230,R,5.06,3.39,3.5666,6.9594,3.8512,6/5/19,8/7/19,WS37,,,
C0231,R,5.04,3.02,3.5446,6.6191,3.7637,6/5/19,8/7/19,WS37,,,
C0232,R,4.97,2.67,3.6492,6.3878,3.9144,6/5/19,8/7/19,WS37,,,
C0241,A,5.05,NA,NA,NA,NA,6/5/19,8/7/19,WS09,,hole,hole
C0242,A,5.05,NA,NA,NA,NA,6/5/19,8/7/19,WS09,,hole,hole
C0243,A,4.94,NA,NA,NA,NA,6/5/19,8/7/19,WS09,,hole,hole
C0244,A,4.96,0.0096,3.665,3.6746,3.6676,6/5/19,8/7/19,WS09,,,did not register on big balance
C0245,A,5.09,0.19,3.5574,3.8034,3.5799,6/5/19,8/7/19,USHF,,,
C0246,A,5.08,0.27,3.5456,3.8157,3.5859,6/5/19,8/7/19,USHF,,,
C0247,A,5.06,0.48,3.631,4.1179,3.6886,6/5/19,8/7/19,USHF,,,
C0248,A,4.97,0.32,3.6221,3.9363,3.659,6/5/19,8/7/19,USHF,,,
C0249,A,4.96,NA,NA,NA,NA,6/5/19,8/7/19,LCCR,,,
C0250,A,5.06,0.87,3.6322,4.4052,3.6958,6/5/19,8/7/19,LCCR,,,
C0251,A,5.01,0.26,3.5295,3.8937,3.6794,6/5/19,8/7/19,LCCR,,,
C0252,A,4.94,0.48,3.5211,4.0247,3.5917,6/5/19,8/7/19,LCCR,,,
C0253,A,5.07,0.69,3.5117,4.2082,3.6082,6/5/19,8/7/19,WS37,,,
C0254,A,4.98,1.18,3.6427,4.8343,3.7932,6/5/19,8/7/19,WS37,,,
C0255,A,4.98,0.83,3.5204,4.3799,3.6244,6/5/19,8/7/19,WS37,,,
C0256,A,5.04,0.2,3.6063,3.8227,3.6336,6/5/19,8/7/19,WS37,,,
C0257,A,4.95,0.57,3.6483,4.2049,3.7276,6/5/19,8/7/19,WS55,,,
C0258,A,5.07,0.66,3.5537,4.1728,3.6418,6/5/19,8/7/19,WS55,,,
C0259,A,4.95,0.83,3.557,4.3773,3.7759,6/5/19,8/7/19,WS55,,,
C0260,A,5,0.2,3.5257,3.7059,3.5512,6/5/19,8/7/19,WS55,,,
C0261,A,5.05,0.0244,3.5285,3.5529,3.5318,6/5/19,8/7/19,CWCR,,,did not register on big balance
C0262,A,5.07,0.0185,3.6435,3.662,3.646,6/5/19,8/7/19,CWCR,,,did not register on big balance
C0263,A,4.92,0.0305,3.5478,3.5783,3.5541,6/5/19,8/7/19,CWCR,,,did not register on big balance
C0264,A,5.02,0.06,3.6643,3.7215,3.6706,6/5/19,8/7/19,CWCR,,,
C0265,A,4.95,0.23,3.6322,3.8582,3.6564,6/5/19,8/7/19,WS17,,,
C0266,A,4.96,0.2,3.6525,3.8562,3.7091,6/5/19,8/7/19,WS17,,,
C0267,A,5.02,0.8,3.5275,4.3282,3.6129,6/5/19,8/7/19,WS17,,,
C0268,A,5.08,0.47,3.6632,4.1208,3.7104,6/5/19,8/7/19,WS17,,,
C0269,A,4.99,0.42,3.6371,4.0785,3.6915,6/5/19,8/7/19,TOWR,,,
C0270,A,5.04,0.46,3.5726,4.0237,3.625,6/5/19,8/7/19,TOWR,,,
C0271,A,5.1,0.24,3.5648,3.7992,3.5866,6/5/19,8/7/19,TOWR,,,
C0272,A,4.91,1.48,3.5521,4.4024,3.7355,6/5/19,8/7/19,TOWR,,,
C0273,A,5,0.62,3.6497,4.2571,3.724,6/5/19,8/7/19,HNCR,,,
C0274,A,5.05,0.39,3.5228,3.9101,3.5627,6/5/19,8/7/19,HNCR,,,
C0275,A,5.08,0.37,3.5432,3.912,3.5845,6/5/19,8/7/19,HNCR,,,
C0276,A,5.04,1.14,3.5455,4.7148,3.7068,6/5/19,8/7/19,HNCR,,,
C0277,A,4.99,0.18,3.5395,3.7291,3.5536,6/5/19,8/7/19,WS34,,,
C0278,A,4.93,0.04,3.547,3.5927,3.5546,6/5/19,8/7/19,WS34,,,
C0279,A,5.07,0.03,3.5478,3.5819,3.5541,6/5/19,8/7/19,WS34,,,
C0280,A,5.03,0.06,3.6148,3.6811,3.6273,6/5/19,8/7/19,WS34,,,
C0289,R,5.02,3.67,3.6166,7.2836,3.8676,7/10/19,8/30/19,CWCR,,,
C0290,R,4.97,3.77,3.6404,7.4191,3.8903,7/10/19,8/30/19,CWCR,,,
C0291,R,4.98,3.6,3.6392,7.2409,3.8774,7/10/19,8/30/19,CWCR,,,
C0292,R,4.94,3.67,3.6594,7.3285,3.9842,7/10/19,8/30/19,CWCR,,,
C0293,R,4.9,3.32,3.6534,6.9864,4.013,7/10/19,8/30/19,WS55,,,
C0294,R,5.08,3.41,3.6248,7.0494,3.8964,7/10/19,8/30/19,WS55,,,
C0295,R,5.07,3.73,3.5231,7.2592,3.802,7/10/19,8/30/19,WS55,,,
C0296,R,4.94,3.69,3.6528,7.3184,4.0104,7/10/19,8/30/19,WS55,,,
C0297,R,5.03,3.88,3.6124,7.505,3.9976,7/10/19,8/30/19,TOWR,,,
C0298,R,4.9,3.1,3.6615,6.7675,3.999,7/10/19,8/30/19,TOWR,,,
C0299,R,5.01,3.07,3.5549,6.6433,3.8075,7/10/19,8/30/19,TOWR,,,
C0300,R,5.02,3.28,3.5462,6.8282,3.8299,7/10/19,8/30/19,TOWR,,,
C0301,R,4.91,1.83,3.6359,5.4601,3.768,7/10/19,8/30/19,WS09,,,
C0302,R,5.03,1.54,3.5484,5.0869,3.6673,7/10/19,8/30/19,WS09,,,
C0303,R,4.92,1.59,3.6499,5.2503,3.7811,7/10/19,8/30/19,WS09,,,
C0304,R,4.96,2.09,3.5289,5.6328,3.718,7/10/19,8/30/19,WS09,,,
C0305,R,5.01,3.52,3.5273,7.0619,3.7755,7/10/19,8/30/19,HNCR,,,
C0306,R,5.01,2.68,3.5514,6.2518,3.7674,7/10/19,8/30/19,HNCR,,,
C0307,R,4.96,2.3,3.5522,5.8531,3.7539,7/10/19,8/30/19,HNCR,,,
C0308,R,5.1,3.79,3.6057,7.3668,3.9041,7/10/19,8/30/19,HNCR,,,
C0309,R,4.9,3.2,3.5435,6.7614,3.807,7/10/19,8/30/19,WS17,,,
C0310,R,5.04,3.18,3.5205,6.7016,3.8469,7/10/19,8/30/19,WS17,,,
C0311,R,5.05,3.27,3.6316,6.9266,3.846,7/10/19,8/30/19,WS17,,,
C0312,R,4.95,2.88,3.6269,6.5043,3.8023,7/10/19,8/30/19,WS17,,,
C0313,R,4.92,2.96,3.6303,6.5773,3.8376,7/10/19,8/30/19,USHF,,,
C0314,R,4.9,3.02,3.512,6.5323,3.7455,7/10/19,8/30/19,USHF,,,
C0315,R,5.01,2.54,3.5542,6.1209,3.7512,7/10/19,8/30/19,USHF,,,
C0316,R,5.09,2.08,3.6458,5.7324,3.8179,7/10/19,8/30/19,USHF,,,
C0317,R,5.05,3.62,3.6494,4.7549,3.7168,7/10/19,8/30/19,WS37,,,
C0318,R,5.09,3.5,3.6647,5.1632,3.7716,7/10/19,8/30/19,WS37,,,
C0319,R,5.09,3.8,3.5282,4.8442,3.6089,7/10/19,8/30/19,WS37,,,
C0320,R,5,3.24,3.5188,4.7911,3.5983,7/10/19,8/30/19,WS37,,,
C0321,R,4.95,2.58,3.6244,5.9733,3.7977,7/10/19,8/30/19,WS34,,,
C0322,R,5.04,1.91,3.5377,5.3781,3.7063,7/10/19,8/30/19,WS34,,,
C0323,R,4.94,2.87,3.6414,5.2277,3.7541,7/10/19,8/30/19,WS34,,,
C0324,R,4.9,2.72,3.5341,5.2763,3.6708,7/10/19,8/30/19,WS34,,,
C0325,R,4.91,3.22,3.649,4.9691,3.7329,7/10/19,8/30/19,LCCR,,,
C0326,R,4.92,3.33,3.5534,6.6083,3.7656,7/10/19,8/30/19,LCCR,,,
C0327,R,4.9,2.66,3.6874,6.3517,3.9152,7/10/19,8/30/19,LCCR,,,
C0328,R,5,2.88,3.6563,6.5447,3.9174,7/10/19,8/30/19,LCCR,,,
C0337,A,4.99,1.12,3.6452,4.7809,3.84,7/10/19,8/30/19,WS55,,,
C0338,A,4.92,0.88,3.5329,4.4197,3.6503,7/10/19,8/30/19,WS55,,,
C0339,A,4.96,0.78,3.6599,4.4606,3.7368,7/10/19,8/30/19,WS55,,,
C0340,A,4.97,0.22,3.5347,3.739,3.5549,7/10/19,8/30/19,WS55,,,
C0341,A,5.04,0.11,3.5175,3.6415,3.5336,7/10/19,8/30/19,WS09,,,
C0342,A,4.99,0.06,3.6314,3.7077,3.6401,7/10/19,8/30/19,WS09,,,
C0343,A,5.06,0.15,3.5352,3.6916,3.5545,7/10/19,8/30/19,WS09,,,
C0344,A,4.99,0.0347,3.5266,3.5613,3.5311,7/10/19,8/30/19,WS09,,,
C0345,A,5.01,1.47,3.5269,5.0367,3.68,7/10/19,8/30/19,TOWR,,,
C0346,A,4.94,0.98,3.6187,4.5994,3.7273,7/10/19,8/30/19,TOWR,,,
C0347,A,5,1.5,3.6587,5.1715,3.7935,7/10/19,8/30/19,TOWR,,,
C0348,A,4.9,0.87,3.5228,4.3935,3.6207,7/10/19,8/30/19,TOWR,,,
C0349,A,5.09,0.15,3.6064,3.7696,3.6266,7/10/19,8/30/19,HNCR,,,
C0350,A,4.96,0.35,3.635,3.9798,3.6878,7/10/19,8/30/19,HNCR,,,
C0351,A,5.1,0.6,3.5406,4.1461,3.6212,7/10/19,8/30/19,HNCR,,,
C0352,A,4.96,2.21,3.6255,5.8394,3.8606,7/10/19,8/30/19,HNCR,,,
C0353,A,4.96,0.62,3.6562,4.2853,3.7238,7/10/19,8/30/19,WS17,,,
C0354,A,4.91,0.8,3.6662,4.5002,3.7845,7/10/19,8/30/19,WS17,,,
C0355,A,4.96,1.18,3.5262,4.7331,3.7425,7/10/19,8/30/19,WS17,,,
C0356,A,4.92,0.77,3.676,4.4671,3.7948,7/10/19,8/30/19,WS17,,,
C0357,A,5.03,0.1,3.5426,3.6456,3.5619,7/10/19,8/30/19,CWCR,,,
C0358,A,5.08,0.35,3.6135,3.9527,3.6721,7/10/19,8/30/19,CWCR,,,
C0359,A,5.02,0.85,3.657,4.5069,3.8063,7/10/19,8/30/19,CWCR,,,
C0360,A,5.01,0.87,3.5974,4.4683,3.7185,7/10/19,8/30/19,CWCR,,,
C0361,A,5.04,0.35,3.5296,3.8842,3.5855,7/10/19,8/30/19,WS34,,,
C0362,A,5.09,0.1,3.5331,3.6319,3.5632,7/10/19,8/30/19,WS34,,,
C0363,A,5.07,0.36,3.5475,3.9052,3.5946,7/10/19,8/30/19,WS34,,,
C0364,A,4.95,0.09,3.5542,3.6358,3.5702,7/10/19,8/30/19,WS34,,,
C0365,A,4.91,0.59,3.5612,4.0582,3.6166,7/10/19,8/30/19,LCCR,,,
C0366,A,4.98,0.83,3.6116,4.4182,3.7224,7/10/19,8/30/19,LCCR,,,
C0367,A,5.05,0.4,3.5214,3.9129,3.5664,7/10/19,8/30/19,LCCR,,,
C0368,A,4.95,0.95,3.6513,4.5803,3.7723,7/10/19,8/30/19,LCCR,,,
C0369,A,5.04,1.01,3.6461,4.6546,3.7769,7/10/19,8/30/19,USHF,,,
C0370,A,4.96,2.22,3.6505,4.9728,3.795,7/10/19,8/30/19,USHF,,,
C0371,A,5.04,1.64,3.5421,4.9655,3.6912,7/10/19,8/30/19,USHF,,,
C0372,A,4.92,0.14,3.6686,3.8037,NA,7/10/19,8/30/19,USHF,,,
C0373,A,5,1.9,3.5376,4.6842,3.6499,7/10/19,8/30/19,WS37,,,
C0374,A,4.97,1.55,3.541,4.8531,3.6815,7/10/19,8/30/19,WS37,,,
C0375,A,5.05,0.86,3.6419,4.4923,3.7558,7/10/19,8/30/19,WS37,,,
C0376,A,5.08,0.81,3.6581,4.41,3.7321,7/10/19,8/30/19,WS37,,,