bag_ID,rhodo_acer,DM_start_g,DM_end_g,tin_g,tin_DM_g,tin_ash_g,date_dep,date_coll,stream,QC,hole,notes
F0001,R,1.5,1.2730,3.6089,4.8819,3.6815,9/21/17,11/15/17,WS36,,,
F0002,R,1.56,1.3946,3.6365,5.0311,3.7328,9/21/17,11/15/17,WS36,,,
F0003,R,1.74,1.4867,3.6777,5.1644,3.7646,9/21/17,11/15/17,WS36,,,
F0004,R,1.71,1.4302,3.6343,5.0645,3.7286,9/21/17,11/15/17,WS36,,,
F0005,R,1.5,1.3093,3.5609,4.8702,3.6466,9/21/17,11/15/17,WS31,,,
F0006,R,1.49,1.2902,3.6289,4.9191,3.7117,9/21/17,11/15/17,WS31,,,
F0007,R,1.62,1.3434,3.6944,5.0378,3.772,9/21/17,11/15/17,WS31,,,
F0008,R,1.79,1.7393,3.6445,5.3838,3.9218,9/21/17,11/15/17,WS31,,,
F0009,R,1.5,1.3265,3.6206,4.9471,3.6807,9/21/17,11/15/17,WS32,,,
F0010,R,1.75,1.4456,3.652,5.0976,3.7431,9/21/17,11/15/17,WS32,,,
F0011,R,1.58,1.3924,3.612,5.0044,3.7003,9/21/17,11/15/17,WS32,,,
F0012,R,1.65,1.4379,3.6075,5.0454,3.7123,9/21/17,11/15/17,WS32,,,
F0013,R,1.65,1.4100,3.5884,4.9984,3.7525,9/21/17,11/15/17,WS07,,,
F0014,R,1.62,1.3420,3.5974,4.9394,3.7331,9/21/17,11/15/17,WS07,,,
F0015,R,1.63,1.3529,3.6262,4.9791,3.7075,9/21/17,11/15/17,WS07,,,
F0016,R,1.59,1.3683,3.627,4.9953,3.76,9/21/17,11/15/17,WS07,,,
F0017,R,1.46,1.2188,3.6489,4.8677,3.7083,9/21/17,11/15/17,WS02,,,
F0018,R,1.56,1.3419,3.6101,4.952,3.7002,9/21/17,11/15/17,WS02,,,
F0019,R,1.46,1.2570,3.6114,4.8684,3.6975,9/21/17,11/15/17,WS02,,,
F0020,R,1.64,1.4057,3.6298,5.0355,3.6994,9/21/17,11/15/17,WS02,,,
F0021,R,1.62,1.3489,3.6307,4.9796,3.7488,9/21/17,11/15/17,WS01,,,
F0022,R,1.34,1.0834,3.6524,4.7358,3.7461,9/21/17,11/15/17,WS01,,,
F0023,R,1.3,1.1084,3.6415,4.7499,3.7669,9/21/17,11/15/17,WS01,,,
F0024,R,1.41,1.1895,3.6399,4.8294,3.7485,9/21/17,11/15/17,WS01,,,
F0025,R,1.44,1.2602,3.6714,4.9316,3.7697,9/21/17,11/15/17,WS08,,,
F0026,R,1.6,1.3562,3.625,4.9812,3.7213,9/21/17,11/15/17,WS08,,,
F0027,R,1.4,1.2697,3.6293,4.899,3.7977,9/21/17,11/15/17,WS08,,,
F0028,R,1.44,1.2592,3.6608,4.92,3.7607,9/21/17,11/15/17,WS08,,,
F0029,R,1.37,1.2342,3.6702,4.9044,3.7881,9/21/17,11/15/17,WS13,,,
F0030,R,1.66,1.4497,3.6003,5.05,3.7592,9/21/17,11/15/17,WS13,,,
F0031,R,1.41,1.2051,3.6307,4.8358,3.7081,9/21/17,11/15/17,WS13,,,
F0032,R,1.39,1.2988,3.6029,4.9017,3.7547,9/21/17,11/15/17,WS13,,,
F0033,R,1.45,1.4058,3.6466,5.0524,3.8741,9/21/17,11/15/17,WS27,,,
F0034,R,1.52,1.2567,3.6335,4.8902,3.7307,9/21/17,11/15/17,WS27,,,
F0035,R,1.69,1.5606,3.625,5.1856,3.8574,9/21/17,11/15/17,WS27,,,
F0036,R,1.59,1.4193,3.6324,5.0517,3.798,9/21/17,11/15/17,WS27,,,
F0037,R,1.42,1.1739,3.6451,4.819,3.7307,9/21/17,11/15/17,WS18,,,
F0038,R,1.41,1.1717,3.6182,4.7899,NA,9/21/17,11/15/17,WS18,,,spilled ash
F0039,R,1.61,1.5603,3.6043,5.1646,3.869,9/21/17,11/15/17,WS18,,,
F0040,R,1.59,1.5777,3.6373,5.215,3.9827,9/21/17,11/15/17,WS18,,,
F0041,A,1.36,0.7091,3.6468,4.3559,3.7766,9/21/17,11/15/17,WS06,,,
F0042,A,1.38,1.0460,3.6379,4.6839,3.9792,9/21/17,11/15/17,WS13,,,
F0043,A,1.43,0.9982,3.6377,4.6359,3.891,9/21/17,11/15/17,WS13,,,
F0044,A,1.43,1.0331,3.6535,4.6866,3.9341,9/21/17,11/15/17,WS13,,,
F0045,A,1.35,0.8637,3.6315,4.4952,3.7844,9/21/17,11/15/17,WS13,,,
F0046,A,1.58,0.8161,3.6453,4.4614,3.7641,9/21/17,11/15/17,WS08,,,
F0047,A,1.54,0.8781,3.6155,4.4936,3.7825,9/21/17,11/15/17,WS08,,,
F0048,A,1.58,0.8751,3.6532,4.5283,3.8374,9/21/17,11/15/17,WS08,,,
F0049,A,1.48,0.7953,3.6478,4.4431,3.8038,9/21/17,11/15/17,WS08,,,
F0050,A,1.24,1.1383,3.6546,4.7929,4.0941,9/21/17,11/15/17,WS01,,,
F0051,A,1.47,0.9344,3.6295,4.5639,3.9073,9/21/17,11/15/17,WS01,,,
F0052,A,1.46,0.7445,3.6397,4.3842,3.9009,9/21/17,11/15/17,WS01,,,
F0053,A,1.52,1.0333,3.6002,4.6335,3.96,9/21/17,11/15/17,WS01,,,
F0054,A,1.37,0.7563,3.6602,4.4165,3.811,9/21/17,11/15/17,WS02,,,
F0055,A,1.54,1.0539,3.6583,4.7122,3.9659,9/21/17,11/15/17,WS02,,,
F0056,A,1.41,1.0086,3.651,4.6596,4.0083,9/21/17,11/15/17,WS02,,,
F0057,A,1.46,0.7618,3.6075,4.3693,3.7557,9/21/17,11/15/17,WS02,,,
F0058,A,1.62,1.2934,3.6481,4.9415,4.0816,9/21/17,11/15/17,WS18,,,
F0059,A,1.48,1.0526,3.6198,4.6724,3.9438,9/21/17,11/15/17,WS18,,,
F0060,A,1.37,0.9021,3.641,4.5431,3.8837,9/21/17,11/15/17,WS18,,,
F0061,A,1.52,1.0033,3.6304,4.6337,3.8495,9/21/17,11/15/17,WS18,,,
F0062,A,1.49,0.7906,3.6267,4.4173,3.8047,9/21/17,11/15/17,WS07,,,
F0063,A,1.5,0.9113,3.6065,4.5178,3.7864,9/21/17,11/15/17,WS07,,,
F0064,A,1.45,0.9838,3.6606,4.6444,3.8851,9/21/17,11/15/17,WS07,,,
F0065,A,1.51,0.8178,3.6202,4.438,3.7918,9/21/17,11/15/17,WS07,,,
F0066,A,1.54,1.2126,3.6235,4.8361,3.9423,9/21/17,11/15/17,WS32,,,
F0067,A,1.53,1.1104,3.6358,4.7462,3.8285,9/21/17,11/15/17,WS32,,,
F0068,A,1.52,0.9400,3.6482,4.5882,3.7929,9/21/17,11/15/17,WS32,,,
F0069,A,1.45,0.9726,3.6582,4.6308,3.877,9/21/17,11/15/17,WS32,,,
F0070,A,1.51,0.8737,3.6695,4.5432,3.7815,9/21/17,11/15/17,WS36,,,
F0071,A,1.62,0.9054,3.6421,4.5475,3.7327,9/21/17,11/15/17,WS36,,,
F0072,A,1.47,0.8311,3.6036,4.4347,3.7491,9/21/17,11/15/17,WS36,,,
F0073,A,1.41,0.7929,3.6006,4.3935,3.7092,9/21/17,11/15/17,WS36,,,
F0074,A,1.59,0.8995,3.6169,4.5164,3.8313,9/21/17,11/15/17,WS06,,,
F0075,A,1.41,0.9420,3.6381,4.5801,3.924,9/21/17,11/15/17,WS06,,,
F0076,A,1.44,0.9206,3.6601,4.5807,3.9002,9/21/17,11/15/17,WS06,,,
F0077,A,1.56,0.8416,3.6209,4.4625,3.7283,9/21/17,11/15/17,WS27,,,
F0078,A,1.47,0.9116,3.6724,4.584,3.7945,9/21/17,11/15/17,WS27,,,
F0079,A,1.48,0.8483,3.653,4.5013,3.7681,9/21/17,11/15/17,WS27,,,
F0080,A,1.54,0.8932,3.6361,4.5293,3.7575,9/21/17,11/15/17,WS27,,,
F0081,R,1.43,1.1745,3.638,4.8125,3.7155,9/21/17,11/15/17,WS14,,,
F0082,R,1.55,1.2363,3.6295,4.8658,3.7223,9/21/17,11/15/17,WS14,,,
F0083,R,1.46,1.0922,3.6466,4.7388,3.7483,9/21/17,11/15/17,WS14,,,
F0084,R,1.45,1.2296,3.6206,4.8502,3.6845,9/21/17,11/15/17,WS14,,,
F0085,R,1.61,1.3041,3.6626,4.9667,3.7692,9/21/17,11/15/17,WS06,,,
F0086,R,1.6,1.2351,3.662,4.8971,3.7377,9/21/17,11/15/17,WS06,,,
F0087,R,1.75,1.3786,3.6137,4.9923,3.7121,9/21/17,11/15/17,WS06,,,
F0088,R,1.74,1.4130,3.6301,5.0431,3.7501,9/21/17,11/15/17,WS06,,,
F0089,A,1.44,0.7357,3.6404,4.3761,3.7333,9/21/17,11/15/17,WS14,,,
F0090,A,1.43,0.8259,1.775,2.6009,1.8969,9/21/17,11/15/17,WS31,,,
F0091,A,1.54,1.0178,3.6539,4.6717,3.8762,9/21/17,11/15/17,WS31,,,
F0092,A,1.69,1.0598,3.6353,4.6951,3.7771,9/21/17,11/15/17,WS31,,,
F0093,A,1.59,1.0036,3.6385,4.6421,3.7666,9/21/17,11/15/17,WS31,,,
F0094,A,1.53,0.8438,3.5924,4.4362,3.7536,9/21/17,11/15/17,WS14,,,
F0095,A,1.44,0.8419,3.6474,4.4893,3.8116,9/21/17,11/15/17,WS14,,,
F0096,A,1.66,1.1488,3.6446,4.7934,3.9214,9/21/17,11/15/17,WS14,,,
F0097,R,1.29,1.0922,3.6123,4.7045,3.6669,10/19/17,12/18/17,WS27,,,
F0098,R,1.52,1.2302,3.6308,4.861,3.7054,10/19/17,12/18/17,WS27,,,
F0099,R,1.41,1.0869,3.6947,4.7816,3.7684,10/19/17,12/18/17,WS27,,,
F0100,R,1.55,1.2413,3.6287,4.87,3.6893,10/19/17,12/18/17,WS27,,,
F0101,R,1.63,1.3966,3.6334,5.03,3.7177,10/19/17,12/18/17,WS31,,,
F0102,R,1.32,1.1019,3.6311,4.733,3.6856,10/19/17,12/18/17,WS31,,,
F0103,R,1.45,1.2216,3.6091,4.8307,3.6863,10/19/17,12/18/17,WS31,,,
F0104,R,1.43,1.2042,3.646,4.8502,3.7144,10/19/17,12/18/17,WS31,,,
F0105,R,1.51,1.2135,3.6343,4.8478,3.7239,10/19/17,12/18/17,WS36,,,
F0106,R,1.45,1.2090,3.6614,4.8704,3.7425,10/19/17,12/18/17,WS36,,,
F0107,R,1.66,1.3972,3.6205,5.0177,3.704,10/19/17,12/18/17,WS36,,,
F0108,R,1.48,1.2515,3.6295,4.881,3.7022,10/19/17,12/18/17,WS36,,,
F0109,R,1.46,1.2486,3.636,4.8846,3.7055,10/19/17,12/18/17,WS32,,,
F0110,R,1.3,1.0805,3.6276,4.7081,3.683,10/19/17,12/18/17,WS32,,,
F0111,R,1.36,1.1219,3.6468,4.7687,3.7012,10/19/17,12/18/17,WS32,,,
F0112,R,1.39,1.1977,3.6417,4.8394,3.7207,10/19/17,12/18/17,WS32,,,
F0113,R,1.33,1.2101,3.6046,4.8147,3.7076,10/19/17,12/11/17,WS18,,,
F0114,R,1.57,1.4098,3.6307,5.0405,3.7513,10/19/17,12/11/17,WS18,,,
F0115,R,1.43,1.2334,3.661,4.8944,3.7374,10/19/17,12/11/17,WS18,,,
F0116,R,1.62,1.4408,3.6215,5.0623,3.6939,10/19/17,12/11/17,WS18,,,
F0117,R,1.5,1.3024,3.6473,4.9497,3.7439,10/19/17,12/11/17,WS01,,,
F0118,R,1.52,1.3773,3.6292,5.0065,3.7698,10/19/17,12/11/17,WS01,,,
F0119,R,1.35,1.1702,3.6391,4.8093,3.7332,10/19/17,12/11/17,WS01,,,
F0120,R,1.41,1.2158,3.6373,4.8531,3.7245,10/19/17,12/11/17,WS01,,,
F0121,R,1.32,1.1537,3.6217,4.7754,3.697,10/19/17,12/11/17,WS02,,,
F0122,R,1.34,1.2985,3.617,4.9155,3.7996,10/19/17,12/11/17,WS02,,,
F0123,R,1.64,1.6695,3.6399,5.3094,3.8961,10/19/17,12/11/17,WS02,,,
F0124,R,1.3,1.0761,3.6323,4.7084,3.6865,10/19/17,12/11/17,WS02,,,
F0125,R,1.54,1.2979,3.6605,4.9584,3.7329,10/19/17,12/11/17,WS07,,,
F0126,R,1.41,1.1879,3.6545,4.8424,3.7198,10/19/17,12/11/17,WS07,,,
F0127,R,1.46,1.3175,3.6009,4.9184,3.7061,10/19/17,12/11/17,WS07,,,
F0128,R,1.4,1.2471,3.6486,4.8957,3.7331,10/19/17,12/11/17,WS07,,,
F0129,R,1.49,1.2752,3.6491,4.9243,3.7202,10/19/17,12/11/17,WS14,,,
F0130,R,1.3,1.1275,3.6592,4.7867,3.7111,10/19/17,12/11/17,WS14,,,
F0131,R,1.33,1.1142,3.6693,4.7835,3.7309,10/19/17,12/11/17,WS14,,,
F0132,R,1.4,1.2213,3.6396,4.8609,3.7106,10/19/17,12/11/17,WS14,,,
F0133,R,1.4,1.1951,3.6075,4.8026,3.6729,10/19/17,12/11/17,WS08,,,
F0134,R,1.36,1.2034,3.6356,4.839,3.7128,10/19/17,12/11/17,WS08,,,
F0135,R,1.49,1.2958,3.6512,4.947,3.7098,10/19/17,12/11/17,WS08,,,
F0136,R,1.37,1.2055,3.654,4.8595,3.7297,10/19/17,12/11/17,WS08,,,
F0137,R,1.32,1.1681,3.6554,4.8235,3.7284,10/19/17,12/11/17,WS13,,,
F0138,R,1.33,1.2112,1.7932,3.0044,1.8711,10/19/17,12/11/17,WS13,,,
F0139,R,1.49,1.3299,3.6502,4.9801,3.7333,10/19/17,12/11/17,WS13,,,
F0140,R,1.57,1.3957,3.6421,5.0378,3.7719,10/19/17,12/11/17,WS13,,,
F0141,R,1.41,1.2637,3.6602,4.9239,3.753,10/19/17,12/11/17,WS06,,,
F0142,R,1.53,1.2783,3.624,4.9023,3.7194,10/19/17,12/11/17,WS06,,,
F0143,R,1.63,1.3926,3.6389,5.0315,3.7261,10/19/17,12/11/17,WS06,,,
F0144,R,1.62,1.3692,3.6299,4.9991,3.6941,10/19/17,12/11/17,WS06,,,
F0145,A,1.51,1.1043,3.6491,4.7534,3.9513,10/19/17,12/11/17,WS02,,,
F0146,A,1.54,1.5457,3.5945,5.1402,4.3016,10/19/17,12/11/17,WS02,,,
F0147,A,1.52,0.9444,3.6381,4.5825,3.7979,10/19/17,12/11/17,WS02,,,
F0148,A,1.51,0.9708,3.6079,4.5787,3.816,10/19/17,12/11/17,WS02,,,
F0149,A,1.42,0.8641,3.6635,4.5276,3.8388,10/19/17,12/11/17,WS01,,,
F0150,A,1.5,NA,NA,NA,NA,10/19/17,12/11/17,WS01,,,negatives…
F0151,A,1.4,1.6652,3.659,5.3242,4.6338,10/19/17,12/11/17,WS01,,,
F0152,A,1.41,0.7408,3.6405,4.3813,3.8143,10/19/17,12/11/17,WS01,,,
F0153,A,1.4,0.7274,3.6109,4.3383,3.7304,10/19/17,12/11/17,WS14,,,
F0154,A,1.47,0.9429,3.6301,4.573,3.7699,10/19/17,12/11/17,WS14,,,
F0155,A,1.59,0.8563,3.6342,4.4905,3.7737,10/19/17,12/11/17,WS14,,,
F0156,A,1.51,0.9330,3.6451,4.5781,3.7576,10/19/17,12/11/17,WS14,,,
F0157,A,1.45,0.8628,3.5991,4.4619,3.7377,10/19/17,12/11/17,WS18,,,
F0158,A,1.5,0.8917,3.663,4.5547,3.7806,10/19/17,12/11/17,WS18,,,
F0159,A,1.44,0.8787,3.5935,4.4722,3.6813,10/19/17,12/11/17,WS18,,,
F0160,A,1.58,1.3981,3.6026,5.0007,4.0906,10/19/17,12/11/17,WS18,,,
F0161,A,1.56,0.9196,3.6777,4.5973,3.7802,10/19/17,12/11/17,WS06,,,
F0162,A,1.51,0.9804,3.6519,4.6323,3.7776,10/19/17,12/11/17,WS06,,,
F0163,A,1.45,0.9048,3.6356,4.5404,3.7576,10/19/17,12/11/17,WS06,,,
F0164,A,1.51,0.8452,3.6252,4.4704,3.7519,10/19/17,12/11/17,WS06,,,
F0165,A,1.49,1.0439,3.6452,4.6891,3.7985,10/19/17,12/11/17,WS13,,,
F0166,A,1.48,0.9338,3.6162,4.55,3.7415,10/19/17,12/11/17,WS13,,,
F0167,A,1.54,1.0532,3.6522,4.7054,3.8496,10/19/17,12/11/17,WS13,,,
F0168,A,1.43,0.8959,3.6441,4.54,3.88,10/19/17,12/11/17,WS13,,,
F0169,A,1.43,0.9599,3.6427,4.6026,3.7871,10/19/17,12/11/17,WS08,,,
F0170,A,1.52,1.0021,3.6541,4.6562,3.7938,10/19/17,12/11/17,WS08,,,
F0171,A,1.55,0.9568,3.6012,4.558,3.7067,10/19/17,12/11/17,WS08,,,
F0172,A,1.47,0.9867,3.6725,4.6592,3.8386,10/19/17,12/11/17,WS08,,,
F0173,A,1.44,0.7979,3.6213,4.4192,3.7308,10/19/17,12/18/17,WS31,,,
F0174,A,1.53,1.0143,3.6524,4.6667,3.7631,10/19/17,12/18/17,WS31,,,
F0175,A,1.56,0.9640,3.6486,4.6126,3.748,10/19/17,12/18/17,WS31,,,
F0176,A,1.46,0.9759,3.6317,4.6076,3.7453,10/19/17,12/18/17,WS31,,,
F0177,A,1.45,1.0226,3.6132,4.6358,3.8047,10/19/17,12/11/17,WS07,,,
F0178,A,1.53,1.0498,3.63,4.6798,3.8039,10/19/17,12/11/17,WS07,,,
F0179,A,1.45,2.9308,1.609,4.5398,3.7945,10/19/17,12/11/17,WS07,,,
F0180,A,1.51,0.9211,3.6031,4.5242,3.7453,10/19/17,12/11/17,WS07,,,
F0181,A,1.48,1.0169,3.6295,4.6464,3.7623,10/19/17,12/18/17,WS32,,,
F0182,A,1.51,0.9917,3.6716,4.6633,3.8221,10/19/17,12/18/17,WS32,,,
F0183,A,1.52,0.8873,3.6181,4.5054,3.7279,10/19/17,12/18/17,WS32,,,
F0184,A,1.56,0.9087,3.639,4.5477,3.7381,10/19/17,12/18/17,WS32,,,
F0185,A,1.48,0.8737,3.614,4.4877,3.713,10/19/17,12/18/17,WS36,,,
F0186,A,1.57,1.0177,3.6385,4.6562,3.7869,10/19/17,12/18/17,WS36,,,
F0187,A,1.41,0.9205,3.6049,4.5254,3.747,10/19/17,12/18/17,WS36,,,
F0188,A,1.58,0.9645,3.6303,4.5948,3.7816,10/19/17,12/18/17,WS36,,,
F0189,A,1.51,0.8800,3.6385,4.5185,3.7246,10/19/17,12/18/17,WS27,,,
F0190,A,1.52,0.8592,3.6459,4.5051,3.7496,10/19/17,12/18/17,WS27,,,
F0191,A,1.44,0.8693,3.5614,4.4307,3.6515,10/19/17,12/18/17,WS27,,,
F0192,A,1.55,0.9238,3.6708,4.5946,3.7554,10/19/17,12/18/17,WS27,,,
F0193,R,1.48,1.3438,3.6396,4.9834,3.7368,11/15/17,1/5/18,WS01,,,
F0194,R,1.56,1.4304,3.6341,5.0645,3.7238,11/15/17,1/5/18,WS01,,,
F0195,R,1.5,1.3841,3.6037,4.9878,3.7145,11/15/17,1/5/18,WS01,,,
F0196,R,1.43,1.3093,3.5621,4.8714,3.6257,11/15/17,1/5/18,WS01,,,
F0197,R,1.44,1.3039,3.6637,4.9676,3.714,11/15/17,1/5/18,WS27,,,
F0198,R,1.58,1.3998,3.5989,4.9987,3.7256,11/15/17,1/5/18,WS27,,,
F0199,R,1.58,1.4417,3.6954,5.1371,3.7579,11/15/17,1/5/18,WS27,,,
F0200,R,1.49,1.3773,3.6396,5.0169,3.7096,11/15/17,1/5/18,WS27,,,
F0201,R,1.44,1.3554,3.6019,4.9573,3.6655,11/15/17,1/5/18,WS02,,,
F0202,R,1.55,1.3759,3.6556,5.0315,3.7313,11/15/17,1/5/18,WS02,,,
F0203,R,1.49,1.3361,3.6617,4.9978,3.7226,11/15/17,1/5/18,WS02,,,
F0204,R,1.58,1.4129,3.6022,5.0151,3.6756,11/15/17,1/5/18,WS02,,,
F0205,R,1.57,1.3735,3.631,5.0045,3.7226,11/15/17,1/5/18,WS07,,,
F0206,R,1.47,1.2771,3.6738,4.9509,3.7456,11/15/17,1/5/18,WS07,,,
F0207,R,1.51,1.3322,3.6786,5.0108,3.757,11/15/17,1/5/18,WS07,,,
F0208,R,1.56,1.4457,3.6289,5.0746,3.6922,11/15/17,1/5/18,WS07,,,
F0209,R,1.44,1.3160,3.6554,4.9714,3.7288,11/15/17,1/5/18,WS32,,,
F0210,R,1.53,1.3937,3.6497,5.0434,3.721,11/15/17,1/5/18,WS32,,,
F0211,R,1.44,1.3035,3.647,4.9505,3.7078,11/15/17,1/5/18,WS32,,,
F0212,R,1.45,1.3236,3.6553,4.9789,3.7268,11/15/17,1/5/18,WS32,,,
F0213,R,1.55,1.3777,3.6277,5.0054,3.6757,11/15/17,1/5/18,WS31,,,
F0214,R,1.47,1.3209,3.6549,4.9758,3.7277,11/15/17,1/5/18,WS31,,,
F0215,R,1.58,1.4546,3.6647,5.1193,3.7264,11/15/17,1/5/18,WS31,,,
F0216,R,1.52,1.3962,3.6256,5.0218,3.6944,11/15/17,1/5/18,WS31,,,
F0217,R,1.46,1.3606,3.6225,4.9831,3.686,11/15/17,1/5/18,WS36,,,
F0218,R,1.53,1.3942,3.6389,5.0331,3.7148,11/15/17,1/5/18,WS36,,,
F0219,R,1.55,1.3541,3.6528,5.0069,3.7238,11/15/17,1/5/18,WS36,,,
F0220,R,1.56,1.3997,3.6327,5.0324,3.723,11/15/17,1/5/18,WS36,,,
F0221,R,1.58,1.3740,3.6323,5.0063,3.7113,11/15/17,1/5/18,WS08,,,
F0222,R,1.51,1.3592,3.6317,4.9909,3.6945,11/15/17,1/5/18,WS08,,,
F0223,R,1.43,1.3540,3.6089,4.9629,3.6842,11/15/17,1/5/18,WS08,,,
F0224,R,1.42,1.3058,3.6511,4.9569,3.7314,11/15/17,1/5/18,WS08,,,
F0225,R,1.41,1.2285,3.6222,4.8507,3.6807,11/15/17,1/5/18,WS18,,,
F0226,R,1.57,1.3957,3.6609,5.0566,3.7354,11/15/17,1/5/18,WS18,,,
F0227,R,1.6,1.4513,3.6449,5.0962,3.674,11/15/17,1/5/18,WS18,,,
F0228,R,1.54,1.4401,3.6397,5.0798,3.7267,11/15/17,1/5/18,WS18,,,
F0229,R,1.46,1.4194,3.6594,5.0788,3.7466,11/15/17,1/5/18,WS13,,,
F0230,R,1.48,1.3266,3.6084,4.935,3.6754,11/15/17,1/5/18,WS13,,,
F0231,R,1.4,1.2583,3.6473,4.9056,3.7082,11/15/17,1/5/18,WS13,,,
F0232,R,1.58,1.4458,3.6433,5.0891,3.7196,11/15/17,1/5/18,WS13,,,
F0233,R,1.58,1.4892,3.6217,5.1109,3.697,11/15/17,1/5/18,WS06,,,
F0234,R,1.53,1.4032,3.6478,5.051,3.7151,11/15/17,1/5/18,WS06,,,
F0235,R,1.54,1.3825,3.6322,5.0147,3.7079,11/15/17,1/5/18,WS06,,,
F0236,R,1.47,1.2997,3.6543,4.954,3.7412,11/15/17,1/5/18,WS06,,,
F0237,R,1.53,1.3840,3.6346,5.0186,3.716,11/15/17,1/5/18,WS14,,,
F0238,R,1.42,1.2747,3.671,4.9457,3.727,11/15/17,1/5/18,WS14,,,
F0239,R,1.44,1.2510,3.6061,4.8571,3.67,11/15/17,1/5/18,WS14,,,
F0240,R,1.51,1.2442,3.6462,4.8904,3.7004,11/15/17,1/5/18,WS14,,,
F0241,A,1.45,0.9983,1.766,2.7643,1.8578,11/15/17,1/5/18,WS13,,,
F0242,A,1.56,1.0306,2.1262,3.1568,2.284,11/15/17,1/5/18,WS13,,,
F0243,A,1.43,0.9744,1.7557,2.7301,1.8936,11/15/17,1/5/18,WS13,,,
F0244,A,1.58,0.9990,1.7536,2.7526,1.8556,11/15/17,1/5/18,WS13,,,
F0245,A,1.44,0.9498,1.7382,2.688,1.8317,11/15/17,1/5/18,WS14,,,
F0246,A,1.55,1.0592,3.6189,4.6781,3.7356,11/15/17,1/5/18,WS14,,,
F0247,A,1.56,1.0575,1.7592,2.8167,1.8646,11/15/17,1/5/18,WS14,,,
F0248,A,1.43,0.9922,3.6304,4.6226,3.79,11/15/17,1/5/18,WS14,,,
F0249,A,1.43,0.9774,3.6489,4.6263,3.7557,11/15/17,1/5/18,WS18,,,
F0250,A,1.59,1.0658,1.7611,2.8269,1.8818,11/15/17,1/5/18,WS18,,,
F0251,A,1.47,0.9802,1.7371,2.7173,1.8589,11/15/17,1/5/18,WS18,,,
F0252,A,1.47,1.0222,1.7729,2.7951,1.9175,11/15/17,1/5/18,WS18,,,
F0253,A,1.57,1.1957,2.0941,3.2898,2.3503,11/15/17,1/5/18,WS01,,,
F0254,A,1.45,1.1074,3.6361,4.7435,3.9292,11/15/17,1/5/18,WS01,,,
F0255,A,1.49,1.3071,1.7828,3.0899,2.2783,11/15/17,1/5/18,WS01,,,
F0256,A,1.54,1.1396,1.9453,3.0849,2.1906,11/15/17,1/5/18,WS01,,,
F0257,A,1.48,0.9740,3.6425,4.6165,3.7831,11/15/17,1/5/18,WS02,,,
F0258,A,1.48,1.0772,1.7536,2.8308,1.9035,11/15/17,1/5/18,WS02,,,
F0259,A,1.53,1.0042,2.0186,3.0228,2.1794,11/15/17,1/5/18,WS02,,,
F0260,A,1.56,1.0357,1.7501,2.7858,1.8629,11/15/17,1/5/18,WS02,,,
F0261,A,1.52,1.0876,3.6367,4.7243,3.8195,11/15/17,1/5/18,WS07,,,
F0262,A,1.42,0.8860,1.7717,2.6577,1.9152,11/15/17,1/5/18,WS07,,,
F0263,A,1.49,0.7669,1.9993,2.7662,2.1652,11/15/17,1/5/18,WS07,,,
F0264,A,1.47,0.9791,1.7448,2.7239,1.8924,11/15/17,1/5/18,WS07,,,
F0265,A,1.42,0.9347,1.7778,2.7125,1.8795,11/15/17,1/5/18,WS32,,,
F0266,A,1.58,1.0315,1.7398,2.7713,1.848,11/15/17,1/5/18,WS32,,,
F0267,A,1.55,0.9982,2.1657,3.1639,2.2531,11/15/17,1/5/18,WS32,,,
F0268,A,1.51,0.9804,1.7371,2.7175,1.8413,11/15/17,1/5/18,WS32,,,
F0269,A,1.57,1.0168,2.031,3.0478,2.1336,11/15/17,1/5/18,WS08,,,
F0270,A,1.42,1.0117,1.7531,2.7648,1.876,11/15/17,1/5/18,WS08,,,
F0271,A,1.42,0.9294,3.5924,4.5218,3.7252,11/15/17,1/5/18,WS08,,,
F0272,A,1.57,0.9466,2.1263,3.0729,2.2464,11/15/17,1/5/18,WS08,,,
F0273,A,1.51,0.9375,3.6457,4.5832,3.7878,11/15/17,1/5/18,WS06,,,
F0274,A,1.55,0.9892,1.774,2.7632,1.907,11/15/17,1/5/18,WS06,,,
F0275,A,1.58,0.9936,3.6296,4.6232,3.8066,11/15/17,1/5/18,WS06,,,
F0276,A,1.41,0.9389,1.7726,2.7115,1.9344,11/15/17,1/5/18,WS06,,,
F0277,A,1.46,0.8869,1.9948,2.8817,2.1491,11/15/17,1/5/18,WS31,,,
F0278,A,1.57,1.0583,1.7386,2.7969,1.8683,11/15/17,1/5/18,WS31,,,
F0279,A,1.54,1.0105,1.7614,2.7719,1.9074,11/15/17,1/5/18,WS31,,,
F0280,A,1.47,0.9649,2.0459,3.0108,2.1424,11/15/17,1/5/18,WS31,,,
F0281,A,1.41,0.8251,2.1009,2.926,2.1993,11/15/17,1/5/18,WS36,,,
F0282,A,1.56,0.9052,1.7428,2.648,1.8558,11/15/17,1/5/18,WS36,,,
F0283,A,1.47,0.8827,1.7674,2.6501,1.8965,11/15/17,1/5/18,WS36,,,
F0284,A,1.45,0.9750,1.7495,2.7245,1.8883,11/15/17,1/5/18,WS36,,,
F0285,A,1.42,0.8453,1.982,2.8273,2.0613,11/15/17,1/5/18,WS27,,,
F0286,A,1.45,0.9334,2.0021,2.9355,2.1126,11/15/17,1/5/18,WS27,,,
F0287,A,1.53,0.9632,2.0486,3.0118,2.1295,11/15/17,1/5/18,WS27,,,
F0288,A,1.45,0.9807,2.0508,3.0315,2.1521,11/15/17,1/5/18,WS27,,,
F0001,R,1.46,1.3162,3.5368,4.853,3.5965,12/11/17,2/8/18,WS13,,,
F0002,R,1.48,1.3037,3.5121,4.8158,3.5814,12/11/17,2/8/18,WS13,,,
F0003,R,1.43,1.2794,3.5353,4.8147,3.6064,12/11/17,2/8/18,WS13,,,
F0004,R,1.57,#VALUE!,NA,NA,NA,12/11/17,2/8/18,WS13,,,
F0005,R,1.57,1.3333,3.5128,4.8461,3.5776,12/11/17,2/8/18,WS06,,,
F0006,R,1.59,1.2939,3.6322,4.9261,3.693,12/11/17,2/8/18,WS06,,,
F0007,R,1.53,1.2806,3.6633,4.9439,3.7305,12/11/17,2/8/18,WS06,,,
F0008,R,1.57,1.4168,3.5317,4.9485,3.6223,12/11/17,2/8/18,WS06,,,
F0009,R,1.47,1.3740,3.633,5.007,3.6936,12/11/17,2/8/18,WS18,,,
F0010,R,1.5,1.4002,3.6533,5.0535,3.7406,12/11/17,2/8/18,WS18,,,
F0011,R,1.54,1.4364,3.6325,5.0689,3.7415,12/11/17,2/8/18,WS18,,,
F0012,R,1.51,1.3779,3.5177,4.8956,3.5892,12/11/17,2/8/18,WS18,,,
F0013,R,1.6,1.3602,1.7728,3.133,1.8536,12/11/17,2/8/18,WS07,,,
F0014,R,1.51,1.3213,3.523,4.8443,3.6158,12/11/17,2/8/18,WS07,,,
F0015,R,1.43,1.2614,1.7542,3.0156,1.8312,12/11/17,2/8/18,WS07,,,
F0016,R,1.51,1.2762,3.6234,4.8996,3.6878,12/11/17,2/8/18,WS07,,,
F0017,R,1.53,1.4086,3.5256,4.9342,3.5962,12/11/17,2/8/18,WS02,,,
F0018,R,1.57,1.3904,3.5056,4.896,3.575,12/11/17,2/8/18,WS02,,,
F0019,R,1.42,1.2789,3.6226,4.9015,3.6931,12/11/17,2/8/18,WS02,,,
F0020,R,1.58,1.4427,3.6384,5.0811,3.7055,12/11/17,2/8/18,WS02,,,
F0021,R,1.6,1.4047,3.5568,4.9615,3.6834,12/11/17,2/8/18,WS01,,,
F0022,R,1.57,1.4687,3.6958,5.1645,3.8182,12/11/17,2/8/18,WS01,,,
F0023,R,1.55,1.3949,3.6217,5.0166,3.711,12/11/17,2/8/18,WS01,,,
F0024,R,1.49,1.3165,3.6339,4.9504,3.7136,12/11/17,2/8/18,WS01,,,
F0025,R,1.52,1.4358,3.6482,5.084,3.7147,12/11/17,2/8/18,WS14,,,
F0026,R,1.44,1.3385,1.7441,3.0826,1.8159,12/11/17,2/8/18,WS14,,,
F0027,R,1.53,1.3727,3.5268,4.8995,3.6064,12/11/17,2/8/18,WS14,,,
F0028,R,1.55,1.4126,3.5133,4.9259,NA,12/11/17,2/8/18,WS14,,,"tin got destroyed in ashing oven, couldn't tell #"
F0029,R,1.5,1.3820,2.0206,3.4026,2.0985,12/11/17,2/8/18,WS08,,,
F0030,R,1.57,1.4103,1.7752,3.1855,1.8488,12/11/17,2/8/18,WS08,,,
F0031,R,1.41,1.2916,3.5918,4.8834,3.6813,12/11/17,2/8/18,WS08,,,
F0032,R,1.4,1.2904,3.6745,4.9649,3.7341,12/11/17,2/8/18,WS08,,,
F0033,R,1.42,1.2901,1.9466,3.2367,2.0097,12/18/17,2/8/18,WS27,,,
F0034,R,1.43,1.3153,3.5195,4.8348,3.584,12/18/17,2/8/18,WS27,,,
F0035,R,1.53,1.4101,3.6551,5.0652,3.7268,12/18/17,2/8/18,WS27,,,
F0036,R,1.43,1.3426,1.9826,3.3252,2.0873,12/18/17,2/8/18,WS27,,,
F0037,R,1.6,1.4128,1.7565,3.1693,1.8417,12/18/17,2/8/18,WS36,,,
F0038,R,1.59,1.4543,1.75,3.2043,1.8243,12/18/17,2/8/18,WS36,,,
F0039,R,1.55,1.4311,3.5039,4.935,NA,12/18/17,2/8/18,WS36,,,"tin got destroyed in ashing oven, couldn't tell #"
F0040,R,1.45,1.3234,1.7508,3.0742,1.8364,12/18/17,2/8/18,WS36,,,
F0041,R,1.48,1.3154,3.5542,4.8696,3.6225,12/18/17,2/8/18,WS31,,,
F0042,R,1.52,1.4041,3.5355,4.9396,3.6003,12/18/17,2/8/18,WS31,,,
F0043,R,1.59,1.4498,3.51,4.9598,3.5761,12/18/17,2/8/18,WS31,,,
F0044,R,1.46,1.3330,3.6393,4.9723,3.7117,12/18/17,2/8/18,WS31,,,
F0045,R,1.54,1.3773,3.5241,4.9014,3.5948,12/18/17,2/8/18,WS32,,,
F0046,R,1.45,1.3619,3.6414,5.0033,3.6992,12/18/17,2/8/18,WS32,,,
F0047,R,1.55,1.4065,3.6353,5.0418,3.7244,12/18/17,2/8/18,WS32,,,
F0048,R,1.59,1.4952,3.5591,5.0543,3.6345,12/18/17,2/8/18,WS32,,,
F0049,A,1.52,1.0611,3.527,4.5881,3.7022,12/18/17,2/8/18,WS31,,,
F0050,A,1.59,1.0263,3.6572,4.6835,3.7919,12/18/17,2/8/18,WS31,,,
F0051,A,1.42,0.9775,3.6326,4.6101,3.7917,12/18/17,2/8/18,WS31,,,
F0052,A,1.56,0.9417,3.5633,4.505,3.7055,12/18/17,2/8/18,WS31,,,
F0053,A,1.49,0.9664,3.6484,4.6148,3.7846,12/18/17,2/8/18,WS36,,,
F0054,A,1.57,0.9956,3.6509,4.6465,3.7919,12/18/17,2/8/18,WS36,,,
F0055,A,1.55,0.9289,3.6564,4.5853,3.789,12/18/17,2/8/18,WS36,,,
F0056,A,1.44,0.9539,2.0479,3.0018,2.1861,12/18/17,2/8/18,WS36,,,
F0057,A,1.49,0.9461,3.5214,4.4675,3.6269,12/18/17,2/8/18,WS27,,,
F0058,A,1.51,1.0432,1.7409,2.7841,1.841,12/18/17,2/8/18,WS27,,,
F0059,A,1.45,0.9930,3.648,4.641,3.7828,12/18/17,2/8/18,WS27,,,
F0060,A,1.44,0.8250,3.6042,4.4292,3.6954,12/18/17,2/8/18,WS27,,,
F0061,A,1.49,0.8872,2.0948,2.982,2.1681,12/18/17,2/8/18,WS32,,,
F0062,A,1.45,0.9144,3.6345,4.5489,3.7511,12/18/17,2/8/18,WS32,,,
F0063,A,1.45,1.0331,1.7378,2.7709,1.8307,12/18/17,2/8/18,WS32,,,
F0064,A,1.53,1.0757,3.6475,4.7232,3.8303,12/18/17,2/8/18,WS32,,,
F0065,A,1.54,1.1932,3.6641,4.8573,3.8486,12/11/17,2/8/18,WS08,,,
F0066,A,1.54,1.0015,2.1017,3.1032,2.3081,12/11/17,2/8/18,WS08,,,
F0067,A,1.42,0.8558,2.0003,2.8561,2.1254,12/11/17,2/8/18,WS08,,,
F0068,A,1.44,0.8028,3.5118,4.3146,3.6232,12/11/17,2/8/18,WS08,,,
F0069,A,1.51,0.8929,3.5228,4.4157,3.6202,12/11/17,2/8/18,WS02,,,
F0070,A,1.43,0.9107,3.6402,4.5509,3.7696,12/11/17,2/8/18,WS02,,,
F0071,A,1.45,0.9220,3.5422,4.4642,3.6711,12/11/17,2/8/18,WS02,,,
F0072,A,1.45,0.9489,1.7507,2.6996,1.8953,12/11/17,2/8/18,WS02,,,
F0073,A,1.42,0.6854,1.7754,2.4608,1.8783,12/11/17,2/8/18,WS01,,,
F0074,A,1.51,0.9179,3.5024,4.4203,3.6899,12/11/17,2/8/18,WS01,,,
F0075,A,1.45,1.0140,3.5203,4.5343,3.7073,12/11/17,2/8/18,WS01,,,
F0076,A,1.55,0.9424,3.6614,4.6038,3.7884,12/11/17,2/8/18,WS01,,,
F0077,A,1.51,0.9216,1.9954,2.917,2.1382,12/11/17,2/8/18,WS13,,,
F0078,A,1.42,0.9333,3.5418,4.4751,3.6778,12/11/17,2/8/18,WS13,,,
F0079,A,1.49,0.9035,3.6468,4.5503,3.7981,12/11/17,2/8/18,WS13,,,
F0080,A,1.46,0.9484,3.6329,4.5813,3.783,12/11/17,2/8/18,WS13,,,
F0081,A,1.53,0.9637,1.7676,2.7313,2.0084,12/11/17,2/8/18,WS06,,,
F0082,A,1.59,1.1202,3.6443,4.7645,3.9222,12/11/17,2/8/18,WS06,,,
F0083,A,1.5,0.9673,2.1273,3.0946,2.2743,12/11/17,2/8/18,WS06,,,
F0084,A,1.43,1.0643,3.518,4.5823,3.8562,12/11/17,2/8/18,WS06,,,
F0085,A,1.54,1.1411,3.5162,4.6573,3.9373,12/11/17,2/8/18,WS14,,,
F0086,A,1.44,0.8743,3.6609,4.5352,3.7752,12/11/17,2/8/18,WS14,,,
F0087,A,1.54,0.8921,2.0462,2.9383,2.145,12/11/17,2/8/18,WS14,,,
F0088,A,1.42,0.9005,2.051,2.9515,2.1443,12/11/17,2/8/18,WS14,,,
F0089,A,1.43,0.7801,3.6798,4.4599,3.7785,12/11/17,2/8/18,WS18,,,
F0090,A,1.44,0.8919,3.5954,4.4873,3.6911,12/11/17,2/8/18,WS18,,,
F0091,A,1.42,0.9350,3.5245,4.4595,3.688,12/11/17,2/8/18,WS18,,,
F0092,A,1.42,0.9067,1.7832,2.6899,1.9215,12/11/17,2/8/18,WS18,,,
F0093,A,1.45,0.9197,3.6023,4.522,3.7318,12/11/17,2/8/18,WS07,,,
F0094,A,1.49,0.9908,3.5413,4.5321,3.7227,12/11/17,2/8/18,WS07,,,
F0095,A,1.45,0.9031,3.6492,4.5523,3.8019,12/11/17,2/8/18,WS07,,,
F0096,A,1.45,0.8067,1.7538,2.5605,1.8861,12/11/17,2/8/18,WS07,,,
F0097,R,1.4,1.3224,3.516,4.8384,3.6049,1/11/18,3/8/18,WS01,,,
F0098,R,1.55,1.4889,3.5323,5.0212,3.6509,1/11/18,3/8/18,WS01,,,
F0099,R,1.42,1.3788,3.5297,4.9085,3.7127,1/11/18,3/8/18,WS01,,,
F0100,R,1.43,1.3076,2.0384,3.346,2.1344,1/11/18,3/8/18,WS01,,,
F0101,R,1.59,1.4795,2.0377,3.5172,2.1114,1/11/18,3/8/18,WS13,,,
F0102,R,1.42,1.3053,2.0132,3.3185,2.0918,1/11/18,3/8/18,WS13,,,
F0103,R,1.59,1.5264,2.1435,3.6699,2.2333,1/11/18,3/8/18,WS13,,,
F0104,R,1.6,1.3679,1.7598,3.1277,1.8531,1/11/18,3/8/18,WS13,,,
F0105,R,1.58,NA,NA,NA,NA,1/11/18,3/8/18,WS08,,,
F0106,R,1.45,1.2454,1.7497,2.9951,1.8204,1/11/18,3/8/18,WS08,,,
F0107,R,1.44,1.2423,2.0771,3.3194,2.1456,1/11/18,3/8/18,WS08,,,
F0108,R,1.44,1.2698,2.11,3.3798,2.197,1/11/18,3/8/18,WS08,,,
F0109,R,1.58,1.5379,1.7479,3.2858,1.8484,1/11/18,3/8/18,WS02,,,
F0110,R,1.49,1.4446,1.7413,3.1859,1.8316,1/11/18,3/8/18,WS02,,,
F0111,R,1.45,1.4040,1.7566,3.1606,1.8401,1/11/18,3/8/18,WS02,,,
F0112,R,1.46,1.3967,2.0951,3.4918,2.173,1/11/18,3/8/18,WS02,,,
F0113,R,1.44,1.3505,3.5263,4.8768,3.6536,1/11/18,3/8/18,WS07,,,
F0114,R,1.44,1.2864,2.1425,3.4289,2.2463,1/11/18,3/8/18,WS07,,,
F0115,R,1.55,1.4883,3.5293,5.0176,3.6447,1/11/18,3/8/18,WS07,,,
F0116,R,1.5,1.4001,2.0984,3.4985,2.218,1/11/18,3/8/18,WS07,,,
F0117,R,1.41,1.3386,3.5235,4.8621,3.5958,1/11/18,3/8/18,WS32,,,
F0118,R,1.45,1.3200,2.0084,3.3284,2.0642,1/11/18,3/8/18,WS32,,,
F0119,R,1.43,1.3267,3.6108,4.9375,3.6694,1/11/18,3/8/18,WS32,,,
F0120,R,1.48,1.3957,3.6613,5.057,3.7396,1/11/18,3/8/18,WS32,,,
F0121,R,1.44,1.3407,1.7407,3.0814,1.7986,1/11/18,3/8/18,WS31,,,
F0122,R,1.46,1.3735,3.5308,4.9043,3.5999,1/11/18,3/8/18,WS31,,,
F0123,R,1.42,1.3419,1.9741,3.316,2.0497,1/11/18,3/8/18,WS31,,,
F0124,R,1.49,1.4279,2.0388,3.4667,2.1162,1/11/18,3/8/18,WS31,,,
F0125,R,1.56,1.3735,1.7681,3.1416,1.8369,1/11/18,3/8/18,WS06,,,
F0126,R,1.5,1.3844,3.5253,4.9097,3.6109,1/11/18,3/8/18,WS06,,,
F0127,R,1.53,1.3665,1.7628,3.1293,1.8298,1/11/18,3/8/18,WS06,,,
F0128,R,1.43,1.2222,3.6178,4.84,3.6653,1/11/18,3/8/18,WS06,,,
F0129,R,1.54,1.3151,3.5176,4.8327,3.5941,1/11/18,3/8/18,WS36,,,
F0130,R,1.56,1.46,2.0045,3.4645,2.0915,1/11/18,3/8/18,WS36,,,
F0131,R,1.51,1.2874,3.6866,4.974,3.7515,1/11/18,3/8/18,WS36,,,
F0132,R,1.42,1.3404,2.0375,3.3779,NA,1/11/18,3/8/18,WS36,,,
F0133,R,1.5,1.4165,2.0138,3.4303,2.1087,1/11/18,3/8/18,WS14,,,
F0134,R,1.5,1.4468,3.5518,4.9986,3.662,1/11/18,3/8/18,WS14,,,
F0135,R,1.42,1.3121,3.5454,4.8575,3.627,1/11/18,3/8/18,WS14,,,
F0136,R,1.48,1.3998,3.525,4.9248,3.6116,1/11/18,3/8/18,WS14,,,
F0137,R,1.56,1.3615,2.0161,3.3776,2.1296,1/11/18,3/8/18,WS18,,,
F0138,R,1.5,1.405,2.1222,3.5272,2.188,1/11/18,3/8/18,WS18,,,
F0139,R,1.48,1.4406,1.9962,3.4368,2.1274,1/11/18,3/8/18,WS18,,,
F0140,R,1.56,1.4602,1.7552,3.2154,1.8381,1/11/18,3/8/18,WS18,,,
F0141,R,1.46,1.3255,3.5246,4.8501,3.588,1/11/18,3/8/18,WS27,,,
F0142,R,1.57,1.464,1.7375,3.2015,1.8159,1/11/18,3/8/18,WS27,,,
F0143,R,1.45,1.3781,3.5124,4.8905,3.5848,1/11/18,3/8/18,WS27,,,
F0144,R,1.5,1.4219,3.5316,4.9535,3.6292,1/11/18,3/8/18,WS27,,,
F0145,A,1.57,0.9307,1.9407,2.8714,2.0283,1/11/18,3/8/18,WS31,,,
F0146,A,1.6,1.0084,1.7399,2.7483,1.8279,1/11/18,3/8/18,WS31,,,
F0147,A,1.59,1.0045,2.0606,3.0651,2.1489,1/11/18,3/8/18,WS31,,,
F0148,A,1.55,0.968,2.1744,3.1424,2.3552,1/11/18,3/8/18,WS31,,,
F0149,A,1.57,0.936,1.7527,2.6887,1.8676,1/11/18,3/8/18,WS36,,,
F0150,A,1.5,0.8607,2.0807,2.9414,2.1579,1/11/18,3/8/18,WS36,,,
F0151,A,1.44,0.9384,1.7286,2.667,1.8918,1/11/18,3/8/18,WS36,,,
F0152,A,1.51,0.966,2.1574,3.1234,2.2775,1/11/18,3/8/18,WS36,,,
F0153,A,1.48,1.0394,1.7421,2.7815,2.0089,1/11/18,3/8/18,WS06,,,
F0154,A,1.59,1.1859,1.7483,2.9342,2.0355,1/11/18,3/8/18,WS06,,,
F0155,A,1.5,1.0583,2.056,3.1143,2.3168,1/11/18,3/8/18,WS06,,,
F0156,A,1.55,0.9374,2.1488,3.0862,2.2753,1/11/18,3/8/18,WS06,,,
F0157,A,1.48,1.0405,1.7809,2.8214,2.1512,1/11/18,3/8/18,WS14,,,
F0158,A,1.53,1.0041,1.75,2.7541,1.978,1/11/18,3/8/18,WS14,,,
F0159,A,1.47,0.9347,3.6431,4.5778,3.8251,1/11/18,3/8/18,WS14,,,
F0160,A,1.6,0.8326,2.0262,2.8588,2.1627,1/11/18,3/8/18,WS14,,,
F0161,A,1.47,0.8965,2.0595,2.956,2.309,1/11/18,3/8/18,WS18,,,
F0162,A,1.58,1.2133,2.0563,3.2696,2.2961,1/11/18,3/8/18,WS18,,,
F0163,A,1.52,1.0786,1.7507,2.8293,2.0129,1/11/18,3/8/18,WS18,,,
F0164,A,1.42,1.0687,2.0628,3.1315,2.2721,1/11/18,3/8/18,WS18,,,
F0165,A,1.42,0.9705,3.5327,4.5032,3.6925,1/11/18,3/8/18,WS27,,,
F0166,A,1.58,NA,NA,NA,NA,1/11/18,3/8/18,WS27,,,
F0167,A,1.45,0.8174,2.0676,2.885,2.1627,1/11/18,3/8/18,WS27,,,
F0168,A,1.49,0.8476,3.5357,4.3833,3.6223,1/11/18,3/8/18,WS27,,,
F0169,A,1.47,0.9067,2.0492,2.9559,2.1575,1/11/18,3/8/18,WS13,,,
F0170,A,1.45,0.9432,2.0697,3.0129,2.1953,1/11/18,3/8/18,WS13,,,
F0171,A,1.44,0.9265,2.0139,2.9404,2.1441,1/11/18,3/8/18,WS13,,,
F0172,A,1.42,1.0383,2.0836,3.1219,2.2884,1/11/18,3/8/18,WS13,,,
F0173,A,1.4,0.9111,2.0053,2.9164,2.2132,1/11/18,3/8/18,WS08,,,
F0174,A,1.59,1.1793,3.5478,4.7271,3.8608,1/11/18,3/8/18,WS08,,,
F0175,A,1.56,0.8996,3.5295,4.4291,3.6924,1/11/18,3/8/18,WS08,,,
F0176,A,1.56,0.7775,2.0681,2.8456,NA,1/11/18,3/8/18,WS08,,,
F0177,A,1.41,0.9781,3.508,4.4861,3.7608,1/11/18,3/8/18,WS01,,,
F0178,A,1.4,0.945,1.8763,2.8213,NA,1/11/18,3/8/18,WS01,,,
F0179,A,1.44,0.9623,3.5233,4.4856,3.6958,1/11/18,3/8/18,WS01,,,
F0180,A,1.44,0.9809,1.7522,2.7331,2.0717,1/11/18,3/8/18,WS01,,,
F0181,A,1.43,0.9781,2.0984,3.0765,2.243,1/11/18,3/8/18,WS02,,,
F0182,A,1.51,1.0663,2.1229,3.1892,2.2695,1/11/18,3/8/18,WS02,,,
F0183,A,1.45,0.9699,2.0194,2.9893,2.1731,1/11/18,3/8/18,WS02,,,
F0184,A,1.6,1.2024,2.1448,3.3472,NA,1/11/18,3/8/18,WS02,,,
F0185,A,1.51,1.2864,3.6737,4.9601,4.2707,1/11/18,3/8/18,WS07,,,
F0186,A,1.56,1.0234,1.755,2.7784,1.9131,1/11/18,3/8/18,WS07,,,
F0187,A,1.51,0.9741,2.0118,2.9859,2.2969,1/11/18,3/8/18,WS07,,,
F0188,A,1.6,0.9584,1.7961,2.7545,1.9334,1/11/18,3/8/18,WS07,,,
F0189,A,1.44,0.9155,1.7414,2.6569,1.8133,1/11/18,3/8/18,WS32,,,
F0190,A,1.52,0.9755,1.9806,2.9561,2.0629,1/11/18,3/8/18,WS32,,,
F0191,A,1.57,0.9646,1.7694,2.734,1.8723,1/11/18,3/8/18,WS32,,,
F0192,A,1.53,1.1118,3.5524,4.6642,3.7908,1/11/18,3/8/18,WS32,,,
F0193,R,1.55,1.2591,3.5429,4.802,3.6321,2/8/18,4/6/18,WS06,,,
F0194,R,1.41,1.1736,3.54,4.7136,3.6401,2/8/18,4/6/18,WS06,,,
F0195,R,1.53,1.3178,3.5507,4.8685,3.656,2/8/18,4/6/18,WS06,,,
F0196,R,1.44,1.1929,3.6839,4.8768,3.7591,2/8/18,4/6/18,WS06,,,
F0197,R,1.41,1.1648,3.6068,4.7716,3.7131,2/8/18,4/6/18,WS14,,,
F0198,R,1.42,1.2273,3.6591,4.8864,3.7318,2/8/18,4/6/18,WS14,,,
F0199,R,1.4,1.1883,3.5615,4.7498,3.6368,2/8/18,4/6/18,WS14,,,
F0200,R,1.52,1.2675,3.6409,4.9084,3.7167,2/8/18,4/6/18,WS14,,,
F0201,R,1.54,1.2889,3.5121,4.801,3.6298,2/8/18,4/6/18,WS01,,,
F0202,R,1.46,1.2001,3.5543,4.7544,3.6452,2/8/18,4/6/18,WS01,,,
F0203,R,1.54,1.2374,3.6264,4.8638,3.7214,2/8/18,4/6/18,WS01,,,
F0204,R,1.45,1.2644,3.6417,4.9061,3.7465,2/8/18,4/6/18,WS01,,,
F0205,R,1.44,1.2,3.6368,4.8368,3.748,2/8/18,4/6/18,WS18,,,
F0206,R,1.56,1.3305,3.62,4.9505,3.724,2/8/18,4/6/18,WS18,,,
F0207,R,1.51,1.3174,3.6509,4.9683,3.7765,2/8/18,4/6/18,WS18,,,
F0208,R,1.46,1.2251,3.6449,4.87,3.7238,2/8/18,4/6/18,WS18,,,
F0209,R,1.47,1.1844,3.5165,4.7009,3.5791,2/8/18,4/6/18,WS36,,,
F0210,R,1.54,1.2713,3.6497,4.921,3.7204,2/8/18,4/6/18,WS36,,,
F0211,R,1.48,1.2512,3.5479,4.7991,3.6188,2/8/18,4/6/18,WS36,,,
F0212,R,1.5,1.2422,3.5194,4.7616,3.5866,2/8/18,4/6/18,WS36,,,
F0213,R,1.41,1.1693,3.6104,4.7797,3.6719,2/8/18,4/6/18,WS27,,,
F0214,R,1.56,1.311,3.5294,4.8404,3.6007,2/8/18,4/6/18,WS27,,,
F0215,R,1.47,1.2005,3.5395,4.74,3.6398,2/8/18,4/6/18,WS27,,,
F0216,R,1.49,1.2568,3.5506,4.8074,3.6186,2/8/18,4/6/18,WS27,,,
F0217,R,1.47,1.0462,3.6574,4.7036,3.7312,2/8/18,4/6/18,WS07,,,
F0218,R,1.55,1.2618,3.6562,4.918,3.7683,2/8/18,4/6/18,WS07,,,
F0219,R,1.43,1.2234,3.6692,4.8926,3.808,2/8/18,4/6/18,WS07,,,
F0220,R,1.53,1.2503,3.5286,4.7789,3.6706,2/8/18,4/6/18,WS07,,,
F0221,R,1.42,1.1188,3.6625,4.7813,3.7447,2/8/18,4/6/18,WS02,,,
F0222,R,1.53,1.3124,3.6159,4.9283,3.7067,2/8/18,4/6/18,WS02,,,
F0223,R,1.49,1.2971,3.5137,4.8108,3.5981,2/8/18,4/6/18,WS02,,,
F0224,R,1.51,1.2567,3.6273,4.884,3.7064,2/8/18,4/6/18,WS02,,,
F0225,R,1.52,1.1477,3.6317,4.7794,3.7369,2/8/18,4/6/18,WS08,,,
F0226,R,1.56,1.2009,3.6316,4.8325,3.7304,2/8/18,4/6/18,WS08,,,
F0227,R,1.6,1.2778,3.6138,4.8916,3.7122,2/8/18,4/6/18,WS08,,,
F0228,R,1.4,1.1311,3.642,4.7731,3.7099,2/8/18,4/6/18,WS08,,,
F0229,R,1.6,1.3801,3.6666,5.0467,3.7449,2/8/18,4/6/18,WS32,,,
F0230,R,1.54,1.3474,3.6352,4.9826,3.7064,2/8/18,4/6/18,WS32,,,
F0231,R,1.41,1.2187,3.6159,4.8346,3.6774,2/8/18,4/6/18,WS32,,,
F0232,R,1.55,1.3193,3.6191,4.9384,3.6814,2/8/18,4/6/18,WS32,,,
F0233,R,1.62,1.4353,3.6579,5.0932,3.7485,2/8/18,4/6/18,WS13,,,
F0234,R,1.58,1.3488,3.6378,4.9866,3.7047,2/8/18,4/6/18,WS13,,,
F0235,R,1.47,1.2673,3.6429,4.9102,3.7287,2/8/18,4/6/18,WS13,,,
F0236,R,1.55,1.3598,3.5456,4.9054,3.6429,2/8/18,4/6/18,WS13,,,
F0237,R,1.48,1.3157,3.6602,4.9759,3.7248,2/8/18,4/6/18,WS31,,,
F0238,R,1.54,1.3721,3.6091,4.9812,3.6817,2/8/18,4/6/18,WS31,,,
F0239,R,1.51,1.2702,3.6604,4.9306,3.7426,2/8/18,4/6/18,WS31,,,
F0240,R,1.56,1.3711,3.5957,4.9668,3.666,2/8/18,4/6/18,WS31,,,
F0241,A,1.44,0.9648,3.6411,4.6059,3.8357,2/8/18,4/6/18,WS31,,,
F0242,A,1.47,0.768,3.6143,4.3823,3.7009,2/8/18,4/6/18,WS31,,,
F0243,A,1.47,0.8327,3.6762,4.5089,3.8088,2/8/18,4/6/18,WS31,,,
F0244,A,1.5,1.0014,3.6146,4.616,3.8328,2/8/18,4/6/18,WS31,,,
F0245,A,1.45,0.8553,3.6251,4.4804,3.8153,2/8/18,4/6/18,WS01,,,
F0246,A,1.53,1.2366,3.6513,4.8879,4.3148,2/8/18,4/6/18,WS01,,,
F0247,A,1.59,0.9829,3.6457,4.6286,3.9173,2/8/18,4/6/18,WS01,,,
F0248,A,1.42,0.6526,3.5325,4.1851,3.6334,2/8/18,4/6/18,WS01,,,
F0249,A,1.55,0.7888,3.6028,4.3916,3.6675,2/8/18,4/6/18,WS32,,,
F0250,A,1.6,0.8955,3.6427,4.5382,3.7501,2/8/18,4/6/18,WS32,,,
F0251,A,1.48,0.8247,3.6318,4.4565,3.7488,2/8/18,4/6/18,WS32,,,
F0252,A,1.43,0.8621,3.6437,4.5058,3.7546,2/8/18,4/6/18,WS32,,,
F0253,A,1.5,0.71,3.6281,4.3381,3.72,2/8/18,4/6/18,WS02,,,
F0254,A,1.56,0.943,3.5372,4.4802,3.728,2/8/18,4/6/18,WS02,,,
F0255,A,1.54,0.7623,3.5196,4.2819,3.6151,2/8/18,4/6/18,WS02,,,
F0256,A,1.59,0.8587,3.5272,4.3859,3.6591,2/8/18,4/6/18,WS02,,,
F0257,A,1.49,0.8364,3.6626,4.499,3.8978,2/8/18,4/6/18,WS07,,,
F0258,A,1.57,0.8566,3.6274,4.484,3.82,2/8/18,4/6/18,WS07,,,
F0259,A,1.46,1.011,3.6225,4.6335,3.9956,2/8/18,4/6/18,WS07,,,
F0260,A,1.43,0.8555,3.6403,4.4958,3.8869,2/8/18,4/6/18,WS07,,,
F0261,A,1.48,0.8623,3.6526,4.5149,3.7846,2/8/18,4/6/18,WS13,,,
F0262,A,1.51,1.1441,3.6007,4.7448,3.8956,2/8/18,4/6/18,WS13,,,
F0263,A,1.48,0.9442,3.6613,4.6055,3.915,2/8/18,4/6/18,WS13,,,
F0264,A,1.52,0.9231,3.4987,4.4218,3.6777,2/8/18,4/6/18,WS13,,,
F0265,A,1.48,0.7525,3.6307,4.3832,3.709,2/8/18,4/6/18,WS36,,,
F0266,A,1.48,0.8034,3.6283,4.4317,3.7608,2/8/18,4/6/18,WS36,,,
F0267,A,1.53,0.7452,3.6,4.3452,3.6784,2/8/18,4/6/18,WS36,,,
F0268,A,1.45,0.6754,3.5306,4.206,3.5972,2/8/18,4/6/18,WS36,,,
F0269,A,1.54,0.8075,3.5548,4.3623,3.6376,2/8/18,4/6/18,WS27,,,
F0270,A,1.45,0.708,3.6608,4.3688,3.7211,2/8/18,4/6/18,WS27,,,
F0271,A,1.42,0.8008,3.6227,4.4235,3.7556,2/8/18,4/6/18,WS27,,,
F0272,A,1.51,0.8644,3.6111,4.4755,3.7284,2/8/18,4/6/18,WS27,,,
F0273,A,1.59,0.8566,3.5177,4.3743,3.6612,2/8/18,4/6/18,WS18,,,
F0274,A,1.46,0.819,3.6577,4.4767,3.8267,2/8/18,4/6/18,WS18,,,
F0275,A,1.51,0.8136,3.5444,4.358,3.6495,2/8/18,4/6/18,WS18,,,
F0276,A,1.58,1.0091,3.5739,4.583,3.7605,2/8/18,4/6/18,WS18,,,
F0277,A,1.55,0.9292,3.5993,4.5285,3.7136,2/8/18,4/6/18,WS14,,,
F0278,A,1.41,0.7202,3.5155,4.2357,3.6539,2/8/18,4/6/18,WS14,,,
F0279,A,1.42,1.1156,3.5371,4.6527,3.9901,2/8/18,4/6/18,WS14,,,
F0280,A,1.55,0.4124,3.6503,4.0627,3.7121,2/8/18,4/6/18,WS14,,,
F0281,A,1.56,0.9863,3.6848,4.6711,3.8835,2/8/18,4/6/18,WS06,,,
F0282,A,1.49,0.8459,3.511,4.3569,3.7162,2/8/18,4/6/18,WS06,,,
F0283,A,1.45,0.9985,3.514,4.5125,3.7822,2/8/18,4/6/18,WS06,,,
F0284,A,1.59,1.124,3.6055,4.7295,3.9036,2/8/18,4/6/18,WS06,,,
F0285,A,1.58,0.7956,3.6711,4.4667,3.836,2/8/18,4/6/18,WS08,,,
F0286,A,1.49,0.8106,3.6427,4.4533,3.8661,2/8/18,4/6/18,WS08,,,
F0287,A,1.45,0.6994,3.532,4.2314,3.6456,2/8/18,4/6/18,WS08,,,
F0288,A,1.42,0.5986,3.6335,4.2321,3.7558,2/8/18,4/6/18,WS08,,,
F0289,R,1.44,1.0586,3.6501,4.7087,3.7395,3/8/18,5/9/18,WS07,,,
F0290,R,1.48,1.1493,3.5222,4.6715,3.6397,3/8/18,5/9/18,WS07,,,
F0291,R,1.55,1.2495,3.5265,4.776,3.6163,3/8/18,5/9/18,WS07,,,
F0292,R,1.52,1.2269,3.625,4.8519,3.705,3/8/18,5/9/18,WS07,,,
F0293,R,1.52,1.3049,3.6583,4.9632,3.74,3/8/18,5/9/18,WS32,,,
F0294,R,1.57,1.36,3.6069,4.9669,3.669,3/8/18,5/9/18,WS32,,,
F0295,R,1.57,1.331,3.5999,4.9309,3.6791,3/8/18,5/9/18,WS32,,,
F0296,R,1.45,1.2656,3.5356,4.8012,3.6017,3/8/18,5/9/18,WS32,,,
F0297,R,1.5,1.2573,3.61,4.8673,3.6825,3/8/18,5/9/18,WS02,,,
F0298,R,1.44,1.1877,3.6335,4.8212,3.7297,3/8/18,5/9/18,WS02,,,
F0299,R,1.49,1.3004,3.6233,4.9237,3.6969,3/8/18,5/9/18,WS02,,,
F0300,R,1.48,1.2568,3.6435,4.9003,3.7499,3/8/18,5/9/18,WS02,,,
F0301,R,1.49,1.1219,3.5405,4.6624,3.6308,3/8/18,5/9/18,WS08,,,
F0302,R,1.44,1.1057,3.6685,4.7742,3.769,3/8/18,5/9/18,WS08,,,
F0303,R,1.49,1.1532,3.6297,4.7829,3.7168,3/8/18,5/9/18,WS08,,,
F0304,R,1.48,1.1372,3.6766,4.8138,3.7724,3/8/18,5/9/18,WS08,,,
F0305,R,1.43,1.1242,3.6288,4.753,3.7309,3/8/18,5/9/18,WS01,,,
F0306,R,1.42,1.1782,3.6153,4.7935,3.7022,3/8/18,5/9/18,WS01,,,
F0307,R,1.48,1.1454,3.5366,4.682,3.6197,3/8/18,5/9/18,WS01,,,
F0308,R,1.51,1.2196,3.5155,4.7351,3.6164,3/8/18,5/9/18,WS01,,,
F0309,R,1.46,1.2049,3.5337,4.7386,3.5805,3/8/18,5/9/18,WS27,,,
F0310,R,1.52,1.2355,3.5401,4.7756,3.6187,3/8/18,5/9/18,WS27,,,
F0311,R,1.54,1.2949,3.6222,4.9171,3.6809,3/8/18,5/9/18,WS27,,,
F0312,R,1.57,1.3114,3.6321,4.9435,3.6894,3/8/18,5/9/18,WS27,,,
F0313,R,1.55,#VALUE!,N/A,4.8496,3.6804,3/8/18,5/9/18,WS18,,,
F0314,R,1.56,1.2645,3.6209,4.8854,3.6919,3/8/18,5/9/18,WS18,,,
F0315,R,1.45,1.1369,3.5111,4.648,3.5797,3/8/18,5/9/18,WS18,,,
F0316,R,1.52,1.2741,3.6115,4.8856,3.6935,3/8/18,5/9/18,WS18,,,
F0317,R,1.53,1.2842,3.5435,4.8277,3.6124,3/8/18,5/9/18,WS14,,,
F0318,R,1.54,1.3258,3.5258,4.8516,3.6173,3/8/18,5/9/18,WS14,,,
F0319,R,1.54,1.2779,3.5107,4.7886,3.5884,3/8/18,5/9/18,WS14,,,
F0320,R,1.5,1.2962,3.615,4.9112,3.6962,3/8/18,5/9/18,WS14,,,
F0321,R,1.53,1.2618,3.5344,4.7962,3.6148,3/8/18,5/9/18,WS06,,,
F0322,R,1.58,1.3614,3.6136,4.975,3.6884,3/8/18,5/9/18,WS06,,,
F0323,R,1.5,1.2496,3.5198,4.7694,3.5976,3/8/18,5/9/18,WS06,,,
F0324,R,1.54,1.26,3.5519,4.8119,3.6244,3/8/18,5/9/18,WS06,,,
F0325,R,1.45,1.2517,3.5543,4.806,3.6191,3/8/18,5/9/18,WS13,,,
F0326,R,1.57,1.2769,3.5269,4.8038,3.5917,3/8/18,5/9/18,WS13,,,
F0327,R,1.56,1.2635,3.659,4.9225,3.7401,3/8/18,5/9/18,WS13,,,
F0328,R,1.52,1.251,3.5409,4.7919,3.6152,3/8/18,5/9/18,WS13,,,
F0329,R,1.54,1.3387,3.5274,4.8661,3.5945,3/8/18,5/9/18,WS31,,,
F0330,R,1.43,1.2254,3.5427,4.7681,3.6013,3/8/18,5/9/18,WS31,,,
F0331,R,1.45,1.2484,3.5219,4.7703,3.5851,3/8/18,5/9/18,WS31,,,
F0332,R,1.56,1.3309,3.5339,4.8648,3.5954,3/8/18,5/9/18,WS31,,,
F0333,R,1.55,0.637,3.6561,4.2931,3.6876,3/8/18,5/9/18,WS36,,,
F0334,R,1.5,1.2012,3.5532,4.7544,3.6313,3/8/18,5/9/18,WS36,,,
F0335,R,1.49,1.184,3.6646,4.8486,3.7562,3/8/18,5/9/18,WS36,,,
F0336,R,1.51,1.1679,3.6645,4.8324,3.7457,3/8/18,5/9/18,WS36,,,
F0337,A,1.47,0.9078,3.6359,4.5437,3.8122,3/8/18,5/9/18,WS18,,,
F0338,A,1.56,0.8876,3.5415,4.4291,3.6638,3/8/18,5/9/18,WS18,,,
F0339,A,1.45,0.8628,3.5525,4.4153,3.7559,3/8/18,5/9/18,WS18,,,
F0340,A,1.55,0.9971,3.6442,4.6413,3.8421,3/8/18,5/9/18,WS18,,,
F0341,A,1.46,0.7498,3.6738,4.4236,3.7557,3/8/18,5/9/18,WS27,,,
F0342,A,1.54,0.6649,3.5486,4.2135,3.6108,3/8/18,5/9/18,WS27,,,
F0343,A,1.53,0.8856,3.5174,4.403,3.6335,3/8/18,5/9/18,WS27,,,
F0344,A,1.57,0.8359,3.5208,4.3567,3.5824,3/8/18,5/9/18,WS27,,,
F0345,A,1.54,0.7796,3.6542,4.4338,3.7404,3/8/18,5/9/18,WS08,,,
F0346,A,1.46,0.7319,3.6496,4.3815,3.738,3/8/18,5/9/18,WS08,,,
F0347,A,1.49,0.5243,3.6177,4.142,3.6851,3/8/18,5/9/18,WS08,,,
F0348,A,1.55,0.6119,3.5143,4.1262,3.5969,3/8/18,5/9/18,WS08,,,
F0349,A,1.54,0.6662,3.6852,4.3514,3.7908,3/8/18,5/9/18,WS02,,,
F0350,A,1.51,0.7674,3.5446,4.312,3.6449,3/8/18,5/9/18,WS02,,,
F0351,A,1.53,0.9287,3.6572,4.5859,3.7973,3/8/18,5/9/18,WS02,,,
F0352,A,1.56,0.7557,3.643,4.3987,3.7705,3/8/18,5/9/18,WS02,,,
F0353,A,1.54,0.8928,3.5289,4.4217,3.6936,3/8/18,5/9/18,WS01,,,
F0354,A,1.53,0.6973,3.5248,4.2221,3.6076,3/8/18,5/9/18,WS01,,,
F0355,A,1.51,0.8233,3.5405,4.3638,3.7174,3/8/18,5/9/18,WS01,,,
F0356,A,1.55,0.8696,3.6468,4.5164,3.8396,3/8/18,5/9/18,WS01,,,
F0357,A,1.41,0.7067,3.6395,4.3462,3.713,3/8/18,5/9/18,WS36,,,
F0358,A,1.5,0.8875,3.6427,4.5302,3.7359,3/8/18,5/9/18,WS36,,,
F0359,A,1.43,0.8337,3.61,4.4437,3.6961,3/8/18,5/9/18,WS36,,,
F0360,A,1.52,0.847,3.6272,4.4742,3.742,3/8/18,5/9/18,WS36,,,
F0361,A,1.55,0.8621,3.5246,4.3867,3.6027,3/8/18,5/9/18,WS13,,,
F0362,A,1.54,0.7993,3.6053,4.4046,3.7043,3/8/18,5/9/18,WS13,,,
F0363,A,1.47,0.81,3.6543,4.4643,3.7537,3/8/18,5/9/18,WS13,,,
F0364,A,1.46,0.8603,3.5334,4.3937,3.6434,3/8/18,5/9/18,WS13,,,
F0365,A,1.43,0.7886,3.6512,4.4398,3.7744,3/8/18,5/9/18,WS06,,,
F0366,A,1.45,0.9652,3.5485,4.5137,3.833,3/8/18,5/9/18,WS06,,,
F0367,A,1.47,0.8571,3.6566,4.5137,3.74,3/8/18,5/9/18,WS06,,,
F0368,A,1.49,0.8134,3.5334,4.3468,3.6467,3/8/18,5/9/18,WS06,,,
F0369,A,1.41,0.9273,3.5212,4.4485,3.7346,3/8/18,5/9/18,WS14,,,
F0370,A,1.52,0.7453,3.6094,4.3547,3.7377,3/8/18,5/9/18,WS14,,,
F0371,A,1.4,0.8964,3.5977,4.4941,3.7032,3/8/18,5/9/18,WS14,,,
F0372,A,1.48,0.8514,3.5454,4.3968,3.7449,3/8/18,5/9/18,WS14,,,
F0373,A,1.54,0.787,3.5467,4.3337,3.6838,3/8/18,5/9/18,WS07,,,
F0374,A,1.43,0.6838,3.6435,4.3273,3.7128,3/8/18,5/9/18,WS07,,,
F0375,A,1.57,0.8613,3.5526,4.4139,3.6807,3/8/18,5/9/18,WS07,,,
F0376,A,1.56,0.9509,3.6331,4.584,3.8823,3/8/18,5/9/18,WS07,,,
F0377,A,1.45,0.8753,3.5446,4.4199,3.6339,3/8/18,5/9/18,WS31,,,
F0378,A,1.48,0.8316,3.6609,4.4925,3.7695,3/8/18,5/9/18,WS31,,,
F0379,A,1.45,0.8405,3.5535,4.394,3.6424,3/8/18,5/9/18,WS31,,,
F0380,A,1.41,0.8293,3.68,4.5093,3.7767,3/8/18,5/9/18,WS31,,,
F0381,A,1.56,0.8447,3.6328,4.4775,3.7095,3/8/18,5/9/18,WS32,,,
F0382,A,1.48,0.766,3.6035,4.3695,3.6747,3/8/18,5/9/18,WS32,,,
F0383,A,1.46,0.9121,3.641,4.5531,3.7084,3/8/18,5/9/18,WS32,,,
F0384,A,1.44,0.8391,3.5479,4.387,3.628,3/8/18,5/9/18,WS32,,,
F0001,R,1.43,1.1916,3.5272,4.7188,3.6042,4/6/18,6/6/18,WS13,,,
F0002,R,1.42,1.1345,3.5376,4.6721,3.6028,4/6/18,6/6/18,WS13,,,
F0003,R,1.48,1.1221,3.5538,4.6759,3.6157,4/6/18,6/6/18,WS13,,,
F0004,R,1.46,0.964,3.5358,4.4998,3.6054,4/6/18,6/6/18,WS13,,,
F0005,R,1.57,1.5269,3.6366,5.1635,3.9137,4/6/18,6/6/18,WS14,,,
F0006,R,1.44,1.3069,3.526,4.8329,3.6934,4/6/18,6/6/18,WS14,,,
F0007,R,1.44,1.2628,3.5248,4.7876,3.6537,4/6/18,6/6/18,WS14,,,
F0008,R,1.49,1.2849,3.6247,4.9096,3.7666,4/6/18,6/6/18,WS14,,,
F0009,R,1.55,1.2375,3.6615,4.899,3.7371,4/6/18,6/6/18,WS27,,,
F0010,R,1.56,1.2184,3.6812,4.8996,3.7565,4/6/18,6/6/18,WS27,,,
F0011,R,1.51,1.1671,3.5413,4.7084,3.628,4/6/18,6/6/18,WS27,,,
F0012,R,1.51,1.4297,3.671,5.1007,3.8026,4/6/18,6/6/18,WS27,,,
F0013,R,1.45,0.9353,3.5268,4.4621,3.6534,4/6/18,7/5/18,WS07,QC,,COLL IN JULY
F0014,R,1.53,1.0762,3.5307,4.6069,3.5993,4/6/18,7/5/18,WS07,QC,,COLL IN JULY
F0015,R,1.5,1.0809,3.6113,4.6922,3.7553,4/6/18,7/5/18,WS07,QC,,COLL IN JULY
F0016,R,1.45,0.8323,3.5412,4.3735,3.6062,4/6/18,7/5/18,WS07,QC,,COLL IN JULY
F0017,R,1.41,1.2338,3.6172,4.851,3.7056,4/6/18,6/6/18,WS02,,,
F0018,R,1.51,1.2205,3.6716,4.8921,3.7593,4/6/18,6/6/18,WS02,,,
F0019,R,1.41,1.1648,3.6197,4.7845,3.6869,4/6/18,6/6/18,WS02,,,
F0020,R,1.44,1.0814,3.6471,4.7285,3.7239,4/6/18,6/6/18,WS02,,,
F0021,R,1.58,1.3234,3.554,4.8774,3.8142,4/6/18,6/6/18,WS01,,,
F0022,R,1.46,1.2487,3.5246,4.7733,3.6753,4/6/18,6/6/18,WS01,,,
F0023,R,1.55,1.1255,3.545,4.6705,3.6283,4/6/18,6/6/18,WS01,,,
F0024,R,1.55,1.1157,3.6665,4.7822,3.8539,4/6/18,6/6/18,WS01,,,
F0025,R,1.49,1.3706,3.6297,5.0003,3.7355,4/6/18,6/6/18,WS31,,,
F0026,R,1.56,1.3578,3.5752,4.933,3.6985,4/6/18,6/6/18,WS31,,,
F0027,R,1.45,1.3269,3.5338,4.8607,3.7042,4/6/18,6/6/18,WS31,,,
F0028,R,1.47,1.3152,3.6045,4.9197,3.7737,4/6/18,6/6/18,WS31,,,
F0029,R,1.59,1.1948,3.5356,4.7304,3.6103,4/6/18,6/6/18,WS36,,,
F0030,R,1.48,1.2227,3.6326,4.8553,3.6994,4/6/18,6/6/18,WS36,,,
F0031,R,1.56,1.2653,3.6629,4.9282,3.7572,4/6/18,6/6/18,WS36,,,
F0032,R,1.53,1.2052,3.6025,4.8077,3.6672,4/6/18,6/6/18,WS36,,,
F0033,R,1.58,1.2913,3.6432,4.9345,3.7375,4/6/18,6/6/18,WS18,,,
F0034,R,1.55,1.2919,3.6288,4.9207,3.7259,4/6/18,6/6/18,WS18,,,
F0035,R,1.47,1.1241,3.5256,4.6497,3.628,4/6/18,6/6/18,WS18,,,
F0036,R,1.42,1.1559,3.6257,4.7816,3.6977,4/6/18,6/6/18,WS18,,,
F0037,R,1.52,1.321,3.5477,4.8687,3.739,4/6/18,6/6/18,WS06,,,
F0038,R,1.51,1.2239,3.5096,4.7335,3.5951,4/6/18,6/6/18,WS06,,,
F0039,R,1.54,1.2497,3.5562,4.8059,3.6616,4/6/18,6/6/18,WS06,,,
F0040,R,1.41,1.3098,3.5466,4.8564,3.6117,4/6/18,6/6/18,WS06,,,
F0041,R,1.56,NA,NA,NA,NA,4/6/18,6/6/18,WS08,,,LOST
F0042,R,1.41,NA,NA,NA,NA,4/6/18,6/6/18,WS08,,,LOST
F0043,R,1.4,NA,NA,NA,NA,4/6/18,6/6/18,WS08,,,LOST
F0044,R,1.49,NA,NA,NA,NA,4/6/18,6/6/18,WS08,,,LOST
F0045,R,1.4,1.4555,3.6357,5.0912,3.8795,4/6/18,6/6/18,WS32,,,
F0046,R,1.44,1.1916,3.5223,4.7139,3.5865,4/6/18,6/6/18,WS32,,,
F0047,R,1.45,1.2709,3.6576,4.9285,3.7174,4/6/18,6/6/18,WS32,,,
F0048,R,1.54,1.2309,3.6229,4.8538,3.6913,4/6/18,6/6/18,WS32,,,
F0049,A,1.53,0.6523,3.5278,4.1801,3.6246,4/6/18,6/6/18,WS08,,hole,huge hole in bag
F0050,A,1.6,0.388,3.6518,4.0398,3.7031,4/6/18,6/6/18,WS08,,hole,hole
F0051,A,1.41,0.4024,3.6074,4.0098,3.6678,4/6/18,6/6/18,WS08,,,
F0052,A,1.5,NA,NA,NA,NA,4/6/18,6/6/18,WS08,,,??
F0053,A,1.48,0.7938,3.5119,4.3057,3.6098,4/6/18,6/6/18,WS13,,,
F0054,A,1.53,0.8275,3.6218,4.4493,3.706,4/6/18,6/6/18,WS13,,,
F0055,A,1.5,0.821,3.6128,4.4338,3.6978,4/6/18,6/6/18,WS13,,,
F0056,A,1.56,0.7657,3.6054,4.3711,3.6943,4/6/18,6/6/18,WS13,,,
F0057,A,1.54,0.801,3.5448,4.3458,3.6381,4/6/18,6/6/18,WS06,,,
F0058,A,1.58,1.0132,3.543,4.5562,3.7942,4/6/18,6/6/18,WS06,,,
F0059,A,1.55,0.8397,3.5289,4.3686,3.633,4/6/18,6/6/18,WS06,,,
F0060,A,1.42,0.5512,3.6188,4.17,3.6852,4/6/18,6/6/18,WS06,,,
F0061,A,1.49,0.7932,3.6647,4.4579,3.767,4/6/18,6/6/18,WS14,,,
F0062,A,1.54,0.7501,3.6592,4.4093,3.7362,4/6/18,6/6/18,WS14,,,
F0063,A,1.52,0.8374,3.6306,4.468,3.7374,4/6/18,6/6/18,WS14,,,
F0064,A,1.45,0.7538,3.6662,4.42,3.7471,4/6/18,6/6/18,WS14,,,
F0065,A,1.46,0.6865,3.6195,4.306,3.6875,4/6/18,6/6/18,WS18,,,
F0066,A,1.54,0.7205,3.5334,4.2539,3.5996,4/6/18,6/6/18,WS18,,,
F0067,A,1.49,0.8831,3.6091,4.4922,3.8221,4/6/18,6/6/18,WS18,,,
F0068,A,1.52,0.9271,3.6278,4.5549,3.8356,4/6/18,6/6/18,WS18,,,
F0069,A,1.49,0.7928,3.5376,4.3304,3.6346,4/6/18,6/6/18,WS27,,,
F0070,A,1.55,0.8768,3.6189,4.4957,3.6969,4/6/18,6/6/18,WS27,,,
F0071,A,1.57,0.7932,3.5017,4.2949,3.5727,4/6/18,6/6/18,WS27,,,
F0072,A,1.49,0.7038,3.6244,4.3282,3.6877,4/6/18,6/6/18,WS27,,,
F0073,A,1.48,0.6678,3.6577,4.3255,3.7325,4/6/18,6/6/18,WS02,,,
F0074,A,1.41,0.6723,3.5544,4.2267,3.6319,4/6/18,6/6/18,WS02,,,
F0075,A,1.47,0.8358,3.539,4.3748,3.7516,4/6/18,6/6/18,WS02,,,
F0076,A,1.51,0.797,3.6476,4.4446,3.744,4/6/18,6/6/18,WS02,,,
F0077,A,1.51,0.8493,3.6473,4.4966,3.8772,4/6/18,6/6/18,WS07,,,
F0078,A,1.5,0.7316,3.6107,4.3423,3.7303,4/6/18,6/6/18,WS07,,,
F0079,A,1.56,0.8707,3.643,4.5137,3.7932,4/6/18,6/6/18,WS07,,,
F0080,A,1.55,1.0357,3.5488,4.5845,3.9977,4/6/18,6/6/18,WS07,,,
F0081,A,1.49,0.7701,3.6128,4.3829,3.6893,4/6/18,6/6/18,WS31,,,
F0082,A,1.53,0.8314,3.6416,4.473,3.7452,4/6/18,6/6/18,WS31,,,
F0083,A,1.51,0.852,3.5537,4.4057,3.6232,4/6/18,6/6/18,WS31,,,
F0084,A,1.5,0.8134,3.5114,4.3248,3.5982,4/6/18,6/6/18,WS31,,,
F0085,A,1.58,0.8063,3.5554,4.3617,3.6508,4/6/18,6/6/18,WS36,,,
F0086,A,1.53,0.8378,3.5259,4.3637,3.6333,4/6/18,6/6/18,WS36,,,
F0087,A,1.47,0.7043,3.5499,4.2542,3.6193,4/6/18,6/6/18,WS36,,,
F0088,A,1.45,0.3778,3.5369,3.9147,3.5829,4/6/18,6/6/18,WS36,,,
F0089,A,1.41,0.8736,3.6287,4.5023,3.9716,4/6/18,6/6/18,WS01,,,
F0090,A,1.48,1.3693,3.5649,4.9342,4.2412,4/6/18,6/6/18,WS01,,,
F0091,A,1.51,0.8544,3.5551,4.4095,3.7974,4/6/18,6/6/18,WS01,,,
F0092,A,1.44,0.5766,3.6404,4.217,3.7353,4/6/18,6/6/18,WS01,,,
F0093,A,1.51,0.8216,3.6254,4.447,3.7047,4/6/18,6/6/18,WS32,,,
F0094,A,1.54,1.3085,3.5271,4.8356,3.9377,4/6/18,6/6/18,WS32,,,
F0095,A,1.56,0.8798,3.529,4.4088,3.6191,4/6/18,6/6/18,WS32,,,
F0096,A,1.45,0.8541,3.5311,4.3852,3.6619,4/6/18,6/6/18,WS32,,,
F0097,R,1.56,1.3688,3.6297,4.9985,3.7207,5/9/18,7/5/18,WS31,,,
F0098,R,1.53,1.2929,3.541,4.8339,3.6188,5/9/18,7/5/18,WS31,,,
F0099,R,1.4,1.2154,3.634,4.8494,3.7063,5/9/18,7/5/18,WS31,,,
F0100,R,1.44,1.2349,3.5249,4.7598,3.5957,5/9/18,7/5/18,WS31,,,
F0101,R,1.56,1.2728,3.5356,4.8084,3.6116,5/9/18,7/5/18,WS06,,,
F0102,R,1.42,1.2594,3.6687,4.9281,3.8332,5/9/18,7/5/18,WS06,,,
F0103,R,1.53,1.17,3.5326,4.7026,3.6064,5/9/18,7/5/18,WS06,,,
F0104,R,1.48,1.286,3.6707,4.9567,3.7744,5/9/18,7/5/18,WS06,,,
F0105,R,1.55,1.1518,3.6251,4.7769,3.7127,5/9/18,7/5/18,WS13,,,
F0106,R,1.47,1.2396,3.6465,4.8861,3.7114,5/9/18,7/5/18,WS13,,,
F0107,R,1.43,1.2372,3.5317,4.7689,3.6016,5/9/18,7/5/18,WS13,,,
F0108,R,1.52,1.1427,3.5323,4.675,3.6061,5/9/18,7/5/18,WS13,,,
F0109,R,1.57,1.3125,3.5346,4.8471,3.6701,5/9/18,7/5/18,WS01,,,
F0110,R,1.55,1.3095,3.607,4.9165,3.7457,5/9/18,7/5/18,WS01,,,
F0111,R,1.42,1.3543,3.6341,4.9884,3.9824,5/9/18,7/5/18,WS01,,,
F0112,R,1.41,1.1326,3.5248,4.6574,3.6124,5/9/18,7/5/18,WS01,,,
F0113,R,1.49,1.2089,3.6468,4.8557,3.7296,5/9/18,7/5/18,WS27,,,
F0114,R,1.48,1.1217,3.6288,4.7505,3.7059,5/9/18,7/5/18,WS27,,,
F0115,R,1.57,1.2027,3.5442,4.7469,3.6081,5/9/18,7/5/18,WS27,,,
F0116,R,1.55,1.1944,3.5287,4.7231,3.5923,5/9/18,7/5/18,WS27,,,
F0117,R,1.6,1.2965,3.6523,4.9488,3.7858,5/9/18,7/5/18,WS18,,,
F0118,R,1.59,1.223,3.6284,4.8514,3.7124,5/9/18,7/5/18,WS18,,,
F0119,R,1.49,1.1048,3.6442,4.749,3.7469,5/9/18,7/5/18,WS18,,,
F0120,R,1.52,1.1475,3.5533,4.7008,3.6252,5/9/18,7/5/18,WS18,,,
F0121,R,1.6,1.3129,3.6655,4.9784,NA,5/9/18,6/6/18,WS07,QC,,"COLL IN JUNE, acc threw away ash"
F0122,R,1.56,1.4362,3.6372,5.0734,NA,5/9/18,6/6/18,WS07,QC,,"COLL IN JUNE, acc threw away ash"
F0123,R,1.41,1.1743,3.6345,4.8088,NA,5/9/18,6/6/18,WS07,QC,,"COLL IN JUNE, acc threw away ash"
F0124,R,1.52,1.3309,3.5307,4.8616,NA,5/9/18,6/6/18,WS07,QC,,"COLL IN JUNE, acc threw away ash"
F0125,R,1.53,1.2638,3.5532,4.817,3.6873,5/9/18,7/5/18,WS02,,,
F0126,R,1.48,1.3428,3.6172,4.96,3.74,5/9/18,7/5/18,WS02,,,
F0127,R,1.48,1.2485,3.6245,4.873,3.7102,5/9/18,7/5/18,WS02,,,
F0128,R,1.4,1.1454,3.5491,4.6945,3.6333,5/9/18,7/5/18,WS02,,,
F0129,R,1.59,0.9834,3.6042,4.5876,3.6841,5/9/18,7/5/18,WS08,,hole,hole in bag
F0130,R,1.51,1.0117,3.6665,4.6782,3.7341,5/9/18,7/5/18,WS08,,hole,hole in bag
F0131,R,1.49,1.0826,3.6455,4.7281,3.7082,5/9/18,7/5/18,WS08,,hole,hole in bag
F0132,R,1.51,1.0475,3.5271,4.5746,3.6073,5/9/18,7/5/18,WS08,,hole,hole in bag
F0133,R,1.53,1.0819,3.6447,4.7266,3.7094,5/9/18,7/5/18,WS36,,,
F0134,R,1.5,1.114,3.6523,4.7663,3.7147,5/9/18,7/5/18,WS36,,,
F0135,R,1.43,1.1008,3.676,4.7768,3.7488,5/9/18,7/5/18,WS36,,,
F0136,R,1.47,1.1601,3.6176,4.7777,3.6951,5/9/18,7/5/18,WS36,,,
F0137,R,1.53,1.2365,3.6186,4.8551,3.707,5/9/18,7/5/18,WS14,,,
F0138,R,1.56,1.2122,3.6584,4.8706,3.7434,5/9/18,7/5/18,WS14,,,
F0139,R,1.41,1.0476,3.6217,4.6693,3.7164,5/9/18,7/5/18,WS14,,,
F0140,R,1.41,1.1529,3.5372,4.6901,3.605,5/9/18,7/5/18,WS14,,,
F0141,R,1.51,1.2776,3.5269,4.8045,3.6061,5/9/18,7/5/18,WS32,,,
F0142,R,1.46,1.262,3.632,4.894,3.7047,5/9/18,7/5/18,WS32,,,
F0143,R,1.55,1.3763,3.5331,4.9094,3.6017,5/9/18,7/5/18,WS32,,,
F0144,R,1.41,1.206,3.6345,4.8405,3.7033,5/9/18,7/5/18,WS32,,,
F0145,A,1.49,0.7382,3.5569,4.2951,3.6633,5/9/18,7/5/18,WS36,,hole,hole in bag
F0146,A,1.43,0.721,3.6863,4.4073,3.7995,5/9/18,7/5/18,WS36,,,
F0147,A,1.52,0.6684,3.6548,4.3232,3.7369,5/9/18,7/5/18,WS36,,,
F0148,A,1.47,0.6383,3.6219,4.2602,3.6884,5/9/18,7/5/18,WS36,,,
F0149,A,1.53,0.7996,3.6392,4.4388,3.7762,5/9/18,7/5/18,WS07,,,
F0150,A,1.52,0.6914,3.6058,4.2972,3.6967,5/9/18,7/5/18,WS07,,,
F0151,A,1.49,0.753,3.6114,4.3644,3.7675,5/9/18,7/5/18,WS07,,,
F0152,A,1.45,0.843,3.5427,4.3857,3.7342,5/9/18,7/5/18,WS07,,,
F0153,A,1.46,0.7214,3.6552,4.3766,3.7589,5/9/18,7/5/18,WS31,,,
F0154,A,1.46,0.8147,3.5358,4.3505,3.646,5/9/18,7/5/18,WS31,,,
F0155,A,1.55,0.8575,3.5311,4.3886,3.6278,5/9/18,7/5/18,WS31,,,
F0156,A,1.51,0.8173,3.6313,4.4486,3.727,5/9/18,7/5/18,WS31,,,
F0157,A,1.42,0.7037,3.5274,4.2311,3.607,5/9/18,7/5/18,WS32,,,
F0158,A,1.46,0.743,3.6557,4.3987,3.7396,5/9/18,7/5/18,WS32,,,
F0159,A,1.45,0.7365,3.535,4.2715,3.6201,5/9/18,7/5/18,WS32,,,
F0160,A,1.5,0.857,3.6322,4.4892,3.7124,5/9/18,7/5/18,WS32,,,
F0161,A,1.57,0.608,3.6251,4.2331,3.774,5/9/18,7/5/18,WS01,,,
F0162,A,1.56,0.7426,3.618,4.3606,3.7234,5/9/18,7/5/18,WS01,,,
F0163,A,1.54,0.7603,3.6024,4.3627,3.7665,5/9/18,7/5/18,WS01,,,
F0164,A,1.43,0.5874,3.661,4.2484,3.7594,5/9/18,7/5/18,WS01,,,
F0165,A,1.53,0.649,3.5753,4.2243,3.6546,5/9/18,7/5/18,WS08,,,
F0166,A,1.47,0.5683,3.5263,4.0946,3.625,5/9/18,7/5/18,WS08,,,
F0167,A,1.52,0.5479,3.5175,4.0654,3.63,5/9/18,7/5/18,WS08,,,
F0168,A,1.51,0.5277,3.5185,4.0462,3.6904,5/9/18,7/5/18,WS08,,hole,hole in bag
F0169,A,1.44,0.7067,3.5372,4.2439,3.633,5/9/18,7/5/18,WS02,,,
F0170,A,1.54,0.7798,3.5396,4.3194,3.6573,5/9/18,7/5/18,WS02,,,
F0171,A,1.5,0.7528,3.6478,4.4006,3.7506,5/9/18,7/5/18,WS02,,,
F0172,A,1.51,0.7913,3.5552,4.3465,3.7176,5/9/18,7/5/18,WS02,,,
F0173,A,1.53,0.7511,3.663,4.4141,3.7895,5/9/18,7/5/18,WS13,,,
F0174,A,1.49,0.7301,3.5294,4.2595,3.6785,5/9/18,7/5/18,WS13,,,
F0175,A,1.49,0.7904,3.6433,4.4337,3.7715,5/9/18,7/5/18,WS13,,,
F0176,A,1.44,0.788,3.6723,4.4603,3.8025,5/9/18,7/5/18,WS13,,,
F0177,A,1.48,0.5887,3.6648,4.2535,3.7427,5/9/18,7/5/18,WS27,,,
F0178,A,1.52,0.8198,3.6103,4.4301,3.686,5/9/18,7/5/18,WS27,,,
F0179,A,1.46,0.7677,3.6643,4.432,3.7517,5/9/18,7/5/18,WS27,,,
F0180,A,1.49,0.7157,3.6816,4.3973,3.7433,5/9/18,7/5/18,WS27,,,
F0181,A,1.51,0.7929,3.5382,4.3311,3.6546,5/9/18,7/5/18,WS18,,,
F0182,A,1.54,0.7847,3.5544,4.3391,3.6592,5/9/18,7/5/18,WS18,,,
F0183,A,1.51,0.7367,3.5507,4.2874,3.6488,5/9/18,7/5/18,WS18,,,
F0184,A,1.52,0.7709,3.6182,4.3891,3.7467,5/9/18,7/5/18,WS18,,,
F0185,A,1.42,0.6328,3.5205,4.1533,3.6282,5/9/18,7/5/18,WS14,,,
F0186,A,1.53,0.6112,3.6142,4.2254,3.7164,5/9/18,7/5/18,WS14,,,
F0187,A,1.5,0.6798,3.5302,4.21,3.6199,5/9/18,7/5/18,WS14,,,
F0188,A,1.47,0.5768,3.5452,4.122,3.6587,5/9/18,7/5/18,WS14,,,
F0189,A,1.57,0.7057,3.6369,4.3426,3.7491,5/9/18,7/5/18,WS06,,,
F0190,A,1.52,0.9556,3.6252,4.5808,3.9102,5/9/18,7/5/18,WS06,,,
F0191,A,1.42,0.958,3.5288,4.4868,3.8597,5/9/18,7/5/18,WS06,,,
F0192,A,1.59,0.7966,3.6637,4.4603,3.7942,5/9/18,7/5/18,WS06,,,
F0193,R,1.41,0.8676,3.61,4.4776,3.6704,6/6/18,8/3/18,WS07,,,
F0194,R,1.5,0.9772,3.6413,4.6185,3.7037,6/6/18,8/3/18,WS07,,,
F0195,R,1.41,0.9291,3.5652,4.4943,3.6236,6/6/18,8/3/18,WS07,,,
F0196,R,1.56,1.1129,3.6514,4.7643,3.7184,6/6/18,8/3/18,WS07,,,
F0197,R,1.59,1.2067,3.5322,4.7389,3.5814,6/6/18,8/3/18,WS31,,,
F0198,R,1.61,1.2808,3.6229,4.9037,3.7227,6/6/18,8/3/18,WS31,,,
F0199,R,1.47,1.1182,3.5059,4.6241,3.5612,6/6/18,8/3/18,WS31,,,
F0200,R,1.53,1.167,3.6197,4.7867,3.6798,6/6/18,8/3/18,WS31,,,
F0201,R,1.48,0.9917,3.5631,4.5548,3.6147,6/6/18,8/3/18,WS36,,,
F0202,R,1.59,1.1433,3.6438,4.7871,3.7004,6/6/18,8/3/18,WS36,,,
F0203,R,1.52,1.0772,3.6136,4.6908,3.6629,6/6/18,8/3/18,WS36,,,
F0204,R,1.59,1.0831,3.5658,4.6489,3.6099,6/6/18,8/3/18,WS36,,,
F0205,R,1.57,1.1852,3.5365,4.7217,3.5921,6/6/18,8/3/18,WS32,,,
F0206,R,1.59,1.1851,3.5164,4.7015,3.5685,6/6/18,8/3/18,WS32,,,
F0207,R,1.46,1.0817,3.6191,4.7008,3.6726,6/6/18,8/3/18,WS32,,,
F0208,R,1.53,1.1248,3.5402,4.665,3.6082,6/6/18,8/3/18,WS32,,,
F0209,R,1.47,0.9465,3.5535,4.5,3.6135,6/6/18,8/3/18,WS02,,,
F0210,R,1.46,1.0713,3.635,4.7063,3.6992,6/6/18,8/3/18,WS02,,,
F0211,R,1.45,1.0472,3.5125,4.5597,3.5766,6/6/18,8/3/18,WS02,,,
F0212,R,1.51,1.1668,3.6146,4.7814,3.6761,6/6/18,8/3/18,WS02,,,
F0213,R,1.51,1.0964,3.6381,4.7345,3.7404,6/6/18,8/3/18,WS01,,,
F0214,R,1.47,0.9946,3.6512,4.6458,3.744,6/6/18,8/3/18,WS01,,,
F0215,R,1.61,1.1825,3.6581,4.8406,3.7309,6/6/18,8/3/18,WS01,,,
F0216,R,1.54,0.9607,3.6637,4.6244,3.7198,6/6/18,8/3/18,WS01,,,
F0217,R,1.57,0.7456,3.5462,4.2918,3.583,6/6/18,8/3/18,WS08,,,
F0218,R,1.5,0.7191,3.5364,4.2555,3.5953,6/6/18,8/3/18,WS08,,,
F0219,R,1.53,0.3461,3.5618,3.9079,3.5756,6/6/18,8/3/18,WS08,,,
F0220,R,1.55,0.2647,3.6506,3.9153,3.6603,6/6/18,8/3/18,WS08,,,
F0221,R,1.49,1.1496,3.5511,4.7007,3.629,6/6/18,8/3/18,WS13,,,
F0222,R,1.43,0.9563,3.5395,4.4958,3.584,6/6/18,8/3/18,WS13,,,
F0223,R,1.6,1.1312,3.5466,4.6778,3.6234,6/6/18,8/3/18,WS13,,,
F0224,R,1.45,1.0403,3.5314,4.5717,3.6014,6/6/18,8/3/18,WS13,,,
F0225,R,1.54,1.0817,3.5603,4.642,3.6252,6/6/18,8/3/18,WS27,,,
F0226,R,1.52,1.1208,3.6509,4.7717,3.6984,6/6/18,8/3/18,WS27,,,
F0227,R,1.47,0.9696,3.5555,4.5251,3.5995,6/6/18,8/3/18,WS27,,,
F0228,R,1.45,1.0628,3.6553,4.7181,3.7325,6/6/18,8/3/18,WS27,,,
F0229,R,1.43,1.0822,3.6588,4.741,3.7444,6/6/18,8/3/18,WS18,,,
F0230,R,1.46,0.976,3.5296,4.5056,3.5784,6/6/18,8/3/18,WS18,,,
F0231,R,1.47,1.0367,3.5298,4.5665,3.5865,6/6/18,8/3/18,WS18,,,
F0232,R,1.49,1.0587,3.5196,4.5783,3.5665,6/6/18,8/3/18,WS18,,,
F0233,R,1.53,1.0065,3.5345,4.541,3.6183,6/6/18,8/3/18,WS14,,,
F0234,R,1.52,1.1525,3.5553,4.7078,3.6144,6/6/18,8/3/18,WS14,,,
F0235,R,1.54,1.0682,3.5564,4.6246,3.6072,6/6/18,8/3/18,WS14,,,
F0236,R,1.6,1.1037,3.5212,4.6249,3.5825,6/6/18,8/3/18,WS14,,,
F0237,R,1.53,1.0565,3.5221,4.5786,3.5772,6/6/18,8/3/18,WS06,,,
F0238,R,1.55,1.0982,3.5322,4.6304,3.6132,6/6/18,8/3/18,WS06,,,
F0239,R,1.6,1.1692,3.6325,4.8017,3.6985,6/6/18,8/3/18,WS06,,,
F0240,R,1.41,1.0277,3.639,4.6667,3.7057,6/6/18,8/3/18,WS06,,,
F0241,A,1.53,0.6363,3.5451,4.1814,3.6284,6/6/18,8/3/18,WS18,,,
F0242,A,1.47,0.6744,3.5191,4.1935,3.6351,6/6/18,8/3/18,WS18,,,
F0243,A,1.56,0.7814,3.5371,4.3185,3.6542,6/6/18,8/3/18,WS18,,,
F0244,A,1.57,0.7613,3.5479,4.3092,3.6919,6/6/18,8/3/18,WS18,,,
F0245,A,1.58,0.6242,3.6192,4.2434,3.7474,6/6/18,8/3/18,WS14,,,
F0246,A,1.4,0.5994,3.6323,4.2317,3.769,6/6/18,8/3/18,WS14,,,
F0247,A,1.59,0.6659,3.6066,4.2725,3.685,6/6/18,8/3/18,WS14,,,
F0248,A,1.44,0.5695,3.5127,4.0822,3.5813,6/6/18,8/3/18,WS14,,,
F0249,A,1.52,0.6161,3.517,4.1331,3.5795,6/6/18,8/3/18,WS27,,,
F0250,A,1.5,0.6798,3.5467,4.2265,3.5979,6/6/18,8/3/18,WS27,,,
F0251,A,1.6,0.843,3.5257,4.3687,3.6924,6/6/18,8/3/18,WS27,,,
F0252,A,1.47,0.6551,3.5315,4.1866,3.5992,6/6/18,8/3/18,WS27,,,
F0253,A,1.45,0.7027,3.5096,4.2123,3.6155,6/6/18,8/3/18,WS06,,,
F0254,A,1.52,0.6978,3.5314,4.2292,3.6261,6/6/18,8/3/18,WS06,,,
F0255,A,1.45,0.5716,3.6655,4.2371,3.7664,6/6/18,8/3/18,WS06,,,
F0256,A,1.54,0.5042,3.6438,4.148,3.7155,6/6/18,8/3/18,WS06,,hole,hole in bag but leaves still there
F0257,A,1.54,0.7504,3.6403,4.3907,3.7233,6/6/18,8/3/18,WS13,,,
F0258,A,1.49,0.7529,3.6123,4.3652,3.6856,6/6/18,8/3/18,WS13,,,
F0259,A,1.59,0.6048,3.681,4.2858,3.7747,6/6/18,8/3/18,WS13,,,
F0260,A,1.45,0.6654,3.6652,4.3306,3.7455,6/6/18,8/3/18,WS13,,,
F0261,A,1.5,0.3848,3.5435,3.9283,3.5833,6/6/18,8/3/18,WS08,,,
F0262,A,1.48,0.3593,3.6483,4.0076,3.6773,6/6/18,8/3/18,WS08,,,
F0263,A,1.57,0.4955,3.5564,4.0519,3.6043,6/6/18,8/3/18,WS08,,,
F0264,A,1.48,0.1576,3.6254,3.783,3.6562,6/6/18,8/3/18,WS08,,,
F0265,A,1.58,0.6833,3.5171,4.2004,3.6355,6/6/18,8/3/18,WS01,,,
F0266,A,1.41,0.4458,3.617,4.0628,3.6955,6/6/18,8/3/18,WS01,,,
F0267,A,1.48,0.6001,3.5172,4.1173,3.6317,6/6/18,8/3/18,WS01,,,
F0268,A,1.41,0.528,3.687,4.215,3.7883,6/6/18,8/3/18,WS01,,,
F0269,A,1.57,0.6916,3.5335,4.2251,3.6308,6/6/18,8/3/18,WS02,,,
F0270,A,1.52,0.4719,3.5579,4.0298,3.6369,6/6/18,8/3/18,WS02,,,
F0271,A,1.45,0.6649,3.5282,4.1931,3.6527,6/6/18,8/3/18,WS02,,,
F0272,A,1.49,0.689,3.5396,4.2286,3.6168,6/6/18,8/3/18,WS02,,,
F0273,A,1.44,0.6958,3.5164,4.2122,3.598,6/6/18,8/3/18,WS32,,,
F0274,A,1.54,0.7879,3.5338,4.3217,3.6006,6/6/18,8/3/18,WS32,,,
F0275,A,1.43,0.6872,3.5035,4.1907,3.5759,6/6/18,8/3/18,WS32,,,
F0276,A,1.44,0.6901,3.6643,4.3544,3.7331,6/6/18,8/3/18,WS32,,,
F0277,A,1.4,0.4297,3.6519,4.0816,3.724,6/6/18,8/3/18,WS07,,,
F0278,A,1.54,0.6169,3.6224,4.2393,3.6944,6/6/18,8/3/18,WS07,,,
F0279,A,1.6,0.7668,3.5443,4.3111,3.6404,6/6/18,8/3/18,WS07,,,
F0280,A,1.55,0.7159,3.5195,4.2354,3.6312,6/6/18,8/3/18,WS07,,,
F0281,A,1.4,0.6818,3.5369,4.2187,3.5908,6/6/18,8/3/18,WS31,,,
F0282,A,1.57,0.7923,3.5566,4.3489,3.6566,6/6/18,8/3/18,WS31,,,
F0283,A,1.51,0.7504,3.6973,4.4477,3.7579,6/6/18,8/3/18,WS31,,,
F0284,A,1.49,0.7292,3.6544,4.3836,3.7135,6/6/18,8/3/18,WS31,,,
F0285,A,1.56,0.679,3.5419,4.2209,3.6174,6/6/18,8/3/18,WS36,,,
F0286,A,1.59,0.4719,3.5203,3.9922,3.5596,6/6/18,8/3/18,WS36,,,
F0287,A,1.57,0.6252,3.5282,4.1534,3.5975,6/6/18,8/3/18,WS36,,,
F0288,A,1.6,0.5544,3.5566,4.111,3.6284,6/6/18,8/3/18,WS36,,,
F0289,R,1.54,1.0896,3.6158,4.7054,3.7272,7/5/18,8/31/18,WS13,,,
F0290,R,1.51,1.1384,3.5329,4.6713,3.6145,7/5/18,8/31/18,WS13,,,
F0291,R,1.54,1.1053,3.6475,4.7528,3.7259,7/5/18,8/31/18,WS13,,,
F0292,R,1.43,1.0804,3.5451,4.6255,3.5986,7/5/18,8/31/18,WS13,,,
F0293,R,1.48,0.7139,3.517,4.2309,3.5606,7/5/18,8/31/18,WS08,,,
F0294,R,1.49,0.6689,3.5163,4.1852,3.5558,7/5/18,8/31/18,WS08,,hole,hole
F0295,R,1.51,0.8354,3.5191,4.3545,3.6043,7/5/18,8/31/18,WS08,,,
F0296,R,1.45,0.6953,3.6456,4.3409,3.7047,7/5/18,8/31/18,WS08,,hole,hole
F0297,R,1.51,0.9857,3.5435,4.5292,3.6027,7/5/18,8/31/18,WS18,,,
F0298,R,1.43,1.012,3.5318,4.5438,3.5819,7/5/18,8/31/18,WS18,,,
F0299,R,1.5,1.0074,3.6628,4.6702,3.7243,7/5/18,8/31/18,WS18,,,
F0300,R,1.42,0.9986,3.5431,4.5417,3.597,7/5/18,8/31/18,WS18,,,
F0301,R,1.57,1.1462,3.606,4.7522,3.6778,7/5/18,8/31/18,WS06,,,
F0302,R,1.55,1.1254,3.6725,4.7979,3.7488,7/5/18,8/31/18,WS06,,,
F0303,R,1.56,1.1169,3.675,4.7919,3.7566,7/5/18,8/31/18,WS06,,,
F0304,R,1.6,1.1478,3.5369,4.6847,3.6131,7/5/18,8/31/18,WS06,,,
F0305,R,1.46,1.0178,3.6594,4.6772,3.7061,7/5/18,8/31/18,WS27,,,
F0306,R,1.5,1.0553,3.6306,4.6859,3.6773,7/5/18,8/31/18,WS27,,,
F0307,R,1.45,1.0693,3.5323,4.6016,3.5889,7/5/18,8/31/18,WS27,,,
F0308,R,1.45,1.067,3.5196,4.5866,3.5777,7/5/18,8/31/18,WS27,,,
F0309,R,1.53,1.0955,3.5519,4.6474,3.6224,7/5/18,8/31/18,WS01,,,
F0310,R,1.52,1.1487,3.6323,4.781,3.7124,7/5/18,8/31/18,WS01,,,
F0311,R,1.51,1.0715,3.6491,4.7206,3.72,7/5/18,8/31/18,WS01,,,
F0312,R,1.59,1.0897,3.6428,4.7325,3.738,7/5/18,8/31/18,WS01,,,
F0313,R,1.55,0.9577,3.5198,4.4775,3.5732,7/5/18,8/31/18,WS14,,,
F0314,R,1.6,1.146,3.5522,4.6982,3.6148,7/5/18,8/31/18,WS14,,,
F0315,R,1.55,1.0723,3.6388,4.7111,3.688,7/5/18,8/31/18,WS14,,,
F0316,R,1.53,1.0202,3.5229,4.5431,3.5865,7/5/18,8/31/18,WS14,,,
F0317,R,1.41,1.0669,3.68,4.7469,3.7501,7/5/18,8/31/18,WS02,,,
F0318,R,1.46,1.0627,3.5481,4.6108,3.6047,7/5/18,8/31/18,WS02,,,
F0319,R,1.44,1.1539,3.6635,4.8174,3.7325,7/5/18,8/31/18,WS02,,,
F0320,R,1.41,0.9881,3.6743,4.6624,3.7234,7/5/18,8/31/18,WS02,,,
F0321,R,1.49,1.1697,3.5266,4.6963,3.6216,7/5/18,8/31/18,WS31,,,
F0322,R,1.53,1.1764,3.6314,4.8078,3.6918,7/5/18,8/31/18,WS31,,,
F0323,R,1.43,1.0385,3.534,4.5725,3.5789,7/5/18,8/31/18,WS31,,,
F0324,R,1.41,1.1203,3.5348,4.6551,3.5882,7/5/18,8/31/18,WS31,,,
F0325,R,1.55,1.2415,3.5567,4.7982,3.6216,7/5/18,8/31/18,WS32,,,
F0326,R,1.59,1.1916,3.6225,4.8141,3.6971,7/5/18,8/31/18,WS32,,,
F0327,R,1.51,1.2028,3.5341,4.7369,3.6279,7/5/18,8/31/18,WS32,,,
F0328,R,1.56,1.2621,3.5439,4.806,3.6346,7/5/18,8/31/18,WS32,,,
F0329,R,1.49,0.7573,3.6953,4.4526,3.743,7/5/18,8/31/18,WS07,,,
F0330,R,1.59,1.0379,3.5304,4.5683,3.5978,7/5/18,8/31/18,WS07,,,
F0331,R,1.59,1.0706,3.5562,4.6268,3.6388,7/5/18,8/31/18,WS07,,,
F0332,R,1.54,0.8358,3.635,4.4708,3.7019,7/5/18,8/31/18,WS07,,,
F0333,R,1.46,0.8703,3.6643,4.5346,3.7141,7/5/18,8/31/18,WS36,,,
F0334,R,1.52,1.1196,3.5576,4.6772,3.6185,7/5/18,8/31/18,WS36,,,
F0335,R,1.54,1.0419,3.6426,4.6845,3.7176,7/5/18,8/31/18,WS36,,,
F0336,R,1.41,0.961,3.5422,4.5032,3.5876,7/5/18,8/31/18,WS36,,,
F0337,A,1.51,0.6607,3.5324,4.1931,3.6117,7/5/18,8/31/18,WS36,,,
F0338,A,1.54,0.6042,3.5287,4.1329,3.6256,7/5/18,8/31/18,WS36,,,
F0339,A,1.6,0.6812,3.5154,4.1966,3.6105,7/5/18,8/31/18,WS36,,,
F0340,A,1.42,0.4588,3.5283,3.9871,3.5743,7/5/18,8/31/18,WS36,,,
F0341,A,1.43,0.4994,3.5024,4.0018,3.6561,7/5/18,8/31/18,WS01,,,
F0342,A,1.55,0.4377,3.6457,4.0834,3.7525,7/5/18,8/31/18,WS01,,,
F0343,A,1.56,0.7967,3.5997,4.3964,3.769,7/5/18,8/31/18,WS01,,,
F0344,A,1.52,0.5379,3.5285,4.0664,3.6282,7/5/18,8/31/18,WS01,,,
F0345,A,1.59,0.575,3.5222,4.0972,3.6315,7/5/18,8/31/18,WS07,,,
F0346,A,1.56,0.5823,3.5576,4.1399,3.6188,7/5/18,8/31/18,WS07,,,
F0347,A,1.57,0.4025,3.6658,4.0683,3.7288,7/5/18,8/31/18,WS07,,hole,hole!
F0348,A,1.47,0.6013,3.5328,4.1341,3.632,7/5/18,8/31/18,WS07,,,
F0349,A,1.42,0.6494,3.5484,4.1978,3.622,7/5/18,8/31/18,WS18,,,
F0350,A,1.48,0.62,3.5309,4.1509,3.6535,7/5/18,8/31/18,WS18,,,
F0351,A,1.55,0.7645,3.6868,4.4513,3.838,7/5/18,8/31/18,WS18,,,
F0352,A,1.47,0.7546,3.6274,4.382,3.7827,7/5/18,8/31/18,WS18,,,
F0353,A,1.45,0.7,3.6521,4.3521,3.7718,7/5/18,8/31/18,WS14,,,
F0354,A,1.49,0.5294,3.5577,4.0871,3.6275,7/5/18,8/31/18,WS14,,,
F0355,A,1.53,0.5187,3.6547,4.1734,3.7639,7/5/18,8/31/18,WS14,,,
F0356,A,1.55,0.5293,3.6589,4.1882,3.8173,7/5/18,8/31/18,WS14,,,
F0357,A,1.54,0.7589,3.646,4.4049,3.7536,7/5/18,8/31/18,WS13,,,
F0358,A,1.44,0.5867,3.6746,4.2613,3.7778,7/5/18,8/31/18,WS13,,,
F0359,A,1.49,0.7527,3.6597,4.4124,3.7489,7/5/18,8/31/18,WS13,,,
F0360,A,1.55,0.712,3.6193,4.3313,3.7117,7/5/18,8/31/18,WS13,,,
F0361,A,1.56,0.6898,3.5179,4.2077,3.6457,7/5/18,8/31/18,WS02,,,
F0362,A,1.43,0.5718,3.5193,4.0911,3.592,7/5/18,8/31/18,WS02,,,
F0363,A,1.49,0.6673,3.5196,4.1869,3.6138,7/5/18,8/31/18,WS02,,,
F0364,A,1.45,0.6483,3.5507,4.199,3.7033,7/5/18,8/31/18,WS02,,,
F0365,A,1.53,0.8576,3.6156,4.4732,3.8106,7/5/18,8/31/18,WS32,,,
F0366,A,1.54,0.8687,3.548,4.4167,3.7309,7/5/18,8/31/18,WS32,,,
F0367,A,1.51,0.8067,3.6616,4.4683,3.7546,7/5/18,8/31/18,WS32,,,
F0368,A,1.45,0.6599,3.5224,4.1823,3.6029,7/5/18,8/31/18,WS32,,,
F0369,A,1.44,0.6008,3.6148,4.2156,3.6821,7/5/18,8/31/18,WS27,,hole,small hole
F0370,A,1.54,0.6793,3.5566,4.2359,3.6464,7/5/18,8/31/18,WS27,,,
F0371,A,1.52,0.6705,3.6479,4.3184,3.705,7/5/18,8/31/18,WS27,,,
F0372,A,1.55,0.6492,3.5454,4.1946,3.6236,7/5/18,8/31/18,WS27,,,
F0373,A,1.47,0.603,3.6349,4.2379,3.7477,7/5/18,8/31/18,WS06,,,
F0374,A,1.45,0.6545,3.5258,4.1803,3.6249,7/5/18,8/31/18,WS06,,,
F0375,A,1.52,0.8642,3.5571,4.4213,3.8126,7/5/18,8/31/18,WS06,,,
F0376,A,1.4,0.6511,3.5274,4.1785,3.6014,7/5/18,8/31/18,WS06,,,
F0377,A,1.51,0.649,3.5252,4.1742,3.579,7/5/18,8/31/18,WS31,,,
F0378,A,1.48,0.7382,3.6656,4.4038,3.7582,7/5/18,8/31/18,WS31,,,
F0379,A,1.42,0.6347,3.6202,4.2549,3.6909,7/5/18,8/31/18,WS31,,,
F0380,A,1.42,0.6644,3.5185,4.1829,3.5893,7/5/18,8/31/18,WS31,,,
F0381,A,1.46,0.554,3.5338,4.0878,3.6251,7/5/18,8/31/18,WS08,,,
F0382,A,1.59,0.4877,3.5289,4.0166,3.6088,7/5/18,8/31/18,WS08,,,
F0383,A,1.41,0.3176,3.6705,3.9881,3.7322,7/5/18,8/31/18,WS08,,,
F0384,A,1.43,0.4347,3.654,4.0887,3.724,7/5/18,8/31/18,WS08,,,
F0001,R,1.56,1.0589,3.5201,4.579,3.614,8/3/18,9/28/18,WS36,,,Oct coll occ. in Sept.
F0002,R,1.43,0.9719,3.5491,4.521,3.6056,8/3/18,9/28/18,WS36,,,
F0003,R,1.52,1.0525,3.5451,4.5976,3.6112,8/3/18,9/28/18,WS36,,,
F0004,R,1.53,1.1057,3.6609,4.7666,3.7253,8/3/18,9/28/18,WS36,,,
F0005,R,1.48,1.083,3.5719,4.6549,3.6355,8/3/18,9/28/18,WS07,,,
F0006,R,1.56,1.07,3.6304,4.7004,3.699,8/3/18,9/28/18,WS07,,,
F0007,R,1.44,0.8421,3.6581,4.5002,3.7036,8/3/18,9/28/18,WS07,,,
F0008,R,1.6,1.259,3.6118,4.8708,3.714,8/3/18,9/28/18,WS07,,,
F0009,R,1.45,1.0844,3.5454,4.6298,3.6092,8/3/18,9/28/18,WS02,,,
F0010,R,1.49,1.1053,3.643,4.7483,3.7106,8/3/18,9/28/18,WS02,,,
F0011,R,1.42,0.9457,3.5378,4.4835,3.5987,8/3/18,9/28/18,WS02,,,
F0012,R,1.48,1.0521,3.6289,4.681,3.6956,8/3/18,9/28/18,WS02,,,
F0013,R,1.48,1.1257,3.5505,4.6762,3.6219,8/3/18,9/28/18,WS32,,,
F0014,R,1.6,1.2401,3.5338,4.7739,3.616,8/3/18,9/28/18,WS32,,,
F0015,R,1.48,1.1672,3.5176,4.6848,3.5818,8/3/18,9/28/18,WS32,,,
F0016,R,1.53,1.171,3.6745,4.8455,3.7371,8/3/18,9/28/18,WS32,,,
F0017,R,1.43,1.0839,3.5334,4.6173,3.5946,8/3/18,9/28/18,WS31,,,
F0018,R,1.46,1.0994,3.5329,4.6323,3.5808,8/3/18,9/28/18,WS31,,,
F0019,R,1.45,1.1547,3.5287,4.6834,3.5827,8/3/18,9/28/18,WS31,,,
F0020,R,1.51,1.2056,3.5258,4.7314,3.6031,8/3/18,9/28/18,WS31,,,
F0021,R,1.4,0.9732,3.5209,4.4941,3.5968,8/3/18,9/28/18,WS01,,,
F0022,R,1.6,1.1293,3.5376,4.6669,3.6102,8/3/18,9/28/18,WS01,,,
F0023,R,1.47,0.9346,3.5408,4.4754,3.5998,8/3/18,9/28/18,WS01,,,
F0024,R,1.4,0.9111,3.5337,4.4448,3.5888,8/3/18,9/28/18,WS01,,,
F0025,R,1.45,1.1071,3.6153,4.7224,3.656,8/3/18,9/28/18,WS27,,,
F0026,R,1.48,1.0795,3.6636,4.7431,3.7389,8/3/18,9/28/18,WS27,,,
F0027,R,1.5,1.022,3.5477,4.5697,3.5912,8/3/18,9/28/18,WS27,,,
F0028,R,1.57,1.1973,3.6434,4.8407,3.7171,8/3/18,9/28/18,WS27,,,
F0029,R,1.58,1.0022,3.532,4.5342,3.6088,8/3/18,9/28/18,WS18,,,
F0030,R,1.58,1.0547,3.5308,4.5855,3.595,8/3/18,9/28/18,WS18,,,
F0031,R,1.57,1.0129,3.5192,4.5321,3.58,8/3/18,9/28/18,WS18,,,
F0032,R,1.57,1.0925,3.6596,4.7521,3.7379,8/3/18,9/28/18,WS18,,,
F0033,R,1.6,1.2126,3.5046,4.7172,3.5709,8/3/18,9/28/18,WS14,,,
F0034,R,1.55,1.1241,3.5523,4.6764,3.6174,8/3/18,9/28/18,WS14,,,
F0035,R,1.4,1.0184,3.6379,4.6563,3.6948,8/3/18,9/28/18,WS14,,,
F0036,R,1.41,0.9323,3.6065,4.5388,3.6641,8/3/18,9/28/18,WS14,,,
F0037,R,1.47,0.9744,3.6486,4.623,3.729,8/3/18,9/28/18,WS06,,,
F0038,R,1.41,1.0532,3.5184,4.5716,3.5748,8/3/18,9/28/18,WS06,,,
F0039,R,1.51,1.0221,3.6256,4.6477,3.6828,8/3/18,9/28/18,WS06,,,
F0040,R,1.42,1.0923,3.5387,4.631,3.6515,8/3/18,9/28/18,WS06,,,
F0041,R,1.57,1.2423,3.5291,4.7714,3.6099,8/3/18,9/28/18,WS13,,,
F0042,R,1.45,1.1844,3.5277,4.7121,3.6077,8/3/18,9/28/18,WS13,,,
F0043,R,1.41,1.0806,3.6798,4.7604,3.7403,8/3/18,9/28/18,WS13,,,
F0044,R,1.6,1.1949,3.5188,4.7137,3.6051,8/3/18,9/28/18,WS13,,,
F0045,R,1.5,1.1031,3.5476,4.6507,3.6159,8/3/18,9/28/18,WS08,,,
F0046,R,1.53,1.0059,3.6416,4.6475,3.7052,8/3/18,9/28/18,WS08,,,
F0047,R,1.48,0.9432,3.5012,4.4444,3.5581,8/3/18,9/28/18,WS08,,,
F0048,R,1.49,0.8852,3.647,4.5322,3.6933,8/3/18,9/28/18,WS08,,,
F0049,A,1.44,0.5743,3.5342,4.1085,3.6002,8/3/18,9/28/18,WS13,,,
F0050,A,1.45,0.5677,3.6505,4.2182,3.7369,8/3/18,9/28/18,WS13,,,
F0051,A,1.48,0.6689,3.6662,4.3351,3.771,8/3/18,9/28/18,WS13,,,
F0052,A,1.42,0.5386,3.5288,4.0674,3.6288,8/3/18,9/28/18,WS13,,,
F0053,A,1.48,0.4351,3.673,4.1081,3.715,8/3/18,9/28/18,WS18,,,
F0054,A,1.58,0.5581,3.5314,4.0895,3.5921,8/3/18,9/28/18,WS18,,,
F0055,A,1.53,0.5977,3.6735,4.2712,3.8023,8/3/18,9/28/18,WS18,,,
F0056,A,1.5,0.5108,3.6701,4.1809,3.7352,8/3/18,9/28/18,WS18,,,
F0057,A,1.42,0.7166,3.5266,4.2432,3.6841,8/3/18,9/28/18,WS27,,,
F0058,A,1.43,0.6157,3.5338,4.1495,3.5903,8/3/18,9/28/18,WS27,,,
F0059,A,1.51,0.5905,3.5217,4.1122,3.5757,8/3/18,9/28/18,WS27,,,
F0060,A,1.56,0.719,3.6577,4.3767,3.7327,8/3/18,9/28/18,WS27,,,
F0061,A,1.44,0.6012,3.5242,4.1254,3.608,8/3/18,9/28/18,WS36,,,
F0062,A,1.52,0.6542,3.6447,4.2989,3.7398,8/3/18,9/28/18,WS36,,,
F0063,A,1.55,0.6969,3.5281,4.225,3.6133,8/3/18,9/28/18,WS36,,,
F0064,A,1.42,0.5374,3.5553,4.0927,3.6039,8/3/18,9/28/18,WS36,,,
F0065,A,1.49,0.801,3.6348,4.4358,3.7284,8/3/18,9/28/18,WS31,,,
F0066,A,1.46,0.6723,3.6531,4.3254,3.7183,8/3/18,9/28/18,WS31,,,
F0067,A,1.49,0.7956,3.6544,4.45,3.7275,8/3/18,9/28/18,WS31,,,
F0068,A,1.59,0.7531,3.56,4.3131,3.6439,8/3/18,9/28/18,WS31,,,
F0069,A,1.45,0.6482,3.6534,4.3016,3.7587,8/3/18,9/28/18,WS07,,,
F0070,A,1.51,0.5598,3.6472,4.207,3.7169,8/3/18,9/28/18,WS07,,,
F0071,A,1.6,0.6435,3.6627,4.3062,3.7516,8/3/18,9/28/18,WS07,,,
F0072,A,1.59,0.7009,3.5434,4.2443,3.6481,8/3/18,9/28/18,WS07,,,
F0073,A,1.51,0.7439,3.5433,4.2872,3.6171,8/3/18,9/28/18,WS32,,,
F0074,A,1.55,0.6978,3.5543,4.2521,3.6427,8/3/18,9/28/18,WS32,,,
F0075,A,1.45,0.7217,3.5521,4.2738,3.6395,8/3/18,9/28/18,WS32,,,
F0076,A,1.41,0.7276,3.606,4.3336,3.6914,8/3/18,9/28/18,WS32,,,
F0077,A,1.47,0.55,3.6594,4.2094,3.7542,8/3/18,9/28/18,WS02,,,
F0078,A,1.46,0.6635,3.6476,4.3111,3.8253,8/3/18,9/28/18,WS02,,,
F0079,A,1.44,0.6956,3.6118,4.3074,3.7573,8/3/18,9/28/18,WS02,,,
F0080,A,1.49,0.6152,3.5542,4.1694,3.7627,8/3/18,9/28/18,WS02,,,
F0081,A,1.58,0.4159,3.5245,3.9404,3.5793,8/3/18,9/28/18,WS08,,,
F0082,A,1.56,0.3238,3.5382,3.862,3.5901,8/3/18,9/28/18,WS08,,,
F0083,A,1.54,0.2008,3.5354,3.7362,3.5624,8/3/18,9/28/18,WS08,,,
F0084,A,1.55,0.1825,3.6296,3.8121,3.6543,8/3/18,9/28/18,WS08,,,
F0085,A,1.59,0.9702,3.6323,4.6025,3.6712,8/3/18,9/28/18,WS06,,,
F0086,A,1.45,0.6495,3.6338,4.2833,3.7503,8/3/18,9/28/18,WS06,,,
F0087,A,1.46,0.4887,3.5518,4.0405,3.6124,8/3/18,9/28/18,WS06,,,
F0088,A,1.48,0.4853,3.5442,4.0295,3.6257,8/3/18,9/28/18,WS06,,,
F0089,A,1.51,0.7024,3.5299,4.2323,3.6456,8/3/18,9/28/18,WS14,,,
F0090,A,1.47,0.7343,3.526,4.2603,3.6128,8/3/18,9/28/18,WS14,,,
F0091,A,1.45,0.4743,3.5341,4.0084,3.6087,8/3/18,9/28/18,WS14,,,
F0092,A,1.51,0.6682,3.6584,4.3266,3.7679,8/3/18,9/28/18,WS14,,,
F0093,A,1.44,0.2579,3.5265,3.7844,3.6025,8/3/18,9/28/18,WS01,,,
F0094,A,1.43,0.4868,3.6457,4.1325,3.7675,8/3/18,9/28/18,WS01,,,
F0095,A,1.44,0.9295,3.533,4.4625,4.0378,8/3/18,9/28/18,WS01,,,
F0096,A,1.52,0.5963,3.6424,4.2387,3.741,8/3/18,9/28/18,WS01,,,