"","stream","start_date","end_date","mean_nh4.mgl","sd_nh4.mgl","N_nh4.mgl","mean_no3.mgl","sd_no3.mgl","N_no3.mgl","mean_po4.mgl","sd_po4.mgl","N_po4.mgl","mean_din.mgl","sd_din.mgl","N_din.mgl","deployment"
"1","CWCR",2018-08-31,2018-11-02,0.001845,0.000459619407771256,2,0.00773,0.0103096168696999,2,0.003435,0.000855599205235723,2,0.009575,0.00984999746192861,2,1
"2","CWCR",2018-09-28,2018-12-05,0.00345666666666667,0.0028103439884351,3,0.0068,0.00746584221638791,3,0.00670333333333333,0.00569315671076542,3,0.0102566666666667,0.00706436361842547,3,2
"3","CWCR",2018-11-02,2019-01-07,0.00339,0.00288074643104873,3,0.00403333333333333,0.00323668554749042,3,0.00633666666666667,0.00597871502359272,3,0.00742333333333333,0.0045365442060376,3,3
"4","CWCR",2018-12-05,2019-02-06,0.004,0.0037900923471599,2,0.00583,0.00125865007051205,2,0.00809,0.00728319984622144,2,0.00983,0.00253144227664784,2,4
"5","CWCR",2019-01-07,2019-03-06,0.00171333333333333,0.00194013745217532,3,0.0082,0.00488128056968661,3,0.00290666666666667,0.00216019289262171,3,0.00991333333333333,0.0068158956369162,3,5
"6","CWCR",2019-02-06,2019-04-03,0.00191,0.00270114790413261,2,0.00894,0.00666094587877728,2,0.00289,0.00305470129472589,2,0.01085,0.00936209378290989,2,6
"7","CWCR",2019-03-06,2019-05-08,3e-04,3e-04,3,0.00903666666666667,0.0121738093189163,3,0.00296666666666667,0.00183505676569782,3,0.00933666666666667,0.0121252889999923,3,7
"8","CWCR",2019-04-03,2019-06-05,0.00336,0.00504249938026769,3,0.0287766666666667,0.0321333725795058,3,0.00176333333333333,0.0004366157731156,3,0.0321366666666667,0.0368408283475458,3,8
"9","CWCR",2019-05-08,2019-07-10,0.00459,0.00649124025129251,2,0.05726,0.00875398195108947,2,0.00267,0.00173948268171891,2,0.06185,0.015245222202382,2,9
"10","CWCR",2019-06-05,2019-08-07,0.000415,0.000586898628384834,2,0.051675,0.000855599205235724,2,0.002545,0.00191625937701554,2,0.05209,0.00144249783362056,2,10
"11","CWCR",2019-07-10,2019-08-30,0.000415,0.000586898628384834,2,0.051675,0.000855599205235724,2,0.002545,0.00191625937701554,2,0.05209,0.00144249783362056,2,11
"12","HNCR",2018-08-31,2018-11-02,0.000855,0.001209152595829,2,0.002705,0.00382544768621922,2,0.002245,0.00222738636073762,2,0.00356,0.00503460028204822,2,1
"13","HNCR",2018-09-28,2018-12-05,0.00195666666666667,0.00209094077709851,3,0.00905666666666667,0.0113290791034988,3,0.00240666666666667,0.0015996978881443,3,0.0110133333333333,0.0133914201387804,3,2
"14","HNCR",2018-11-02,2019-01-07,0.00262333333333333,0.00228298780840664,3,0.0150933333333333,0.0131007989578244,3,0.00384666666666667,0.00113023596356395,3,0.0177166666666667,0.0153570580950042,3,3
"15","HNCR",2018-12-05,2019-02-06,0.003935,0.000318198051533946,2,0.02264,0.00124450793488832,2,0.00386,0.0015980613254816,2,0.026575,0.000926309883354379,2,4
"16","HNCR",2019-01-07,2019-03-06,0.00313333333333333,0.00278022181369281,3,0.02606,0.00462640249005639,3,0.00249333333333333,0.00217283992354092,3,0.0291933333333333,0.00216176625316738,3,5
"17","HNCR",2019-02-06,2019-04-03,0.002845,0.00386787409309042,2,0.02733,0.0057558491988585,2,0.001245,0.000304055915910215,2,0.030175,0.00188797510576808,2,6
"18","HNCR",2019-03-06,2019-05-08,8e-05,4.24264068711928e-05,2,0.02311,0.011723830432073,2,0.00132,0.000410121933088198,2,0.02319,0.0117662568389442,2,7
"19","HNCR",2019-04-03,2019-06-05,0.004095,0.00572049385979917,2,0.0482,0.0472064487120139,2,0.002325,0.00101116269709676,2,0.052295,0.0529269425718131,2,8
"20","HNCR",2019-05-08,2019-07-10,0.00471,0.00331651925970587,3,0.0487433333333333,0.0311914929641614,3,0.00232333333333333,0.000624045938479959,3,0.0534533333333333,0.0333923484249511,3,9
"21","HNCR",2019-06-05,2019-08-07,0.00282666666666667,0.00150354026661521,3,0.04121,0.0200263301680563,3,0.00200666666666667,9.7125348562223e-05,3,0.0440366666666667,0.0188821723679595,3,10
"22","HNCR",2019-07-10,2019-08-30,0.002005,0.000685893577750951,2,0.05206,0.00978635785162182,2,0.001995,0.000134350288425444,2,0.054065,0.0104722514293728,2,11
"23","LCCR",2018-08-31,2018-11-02,0.000655,0.000926309883354377,2,0.005935,0.00506995562110755,2,0.002235,0.00129400540957138,2,0.00659,0.00599626550446192,2,1
"24","LCCR",2018-09-28,2018-12-05,0.00144666666666667,0.00151961617961028,3,0.00565333333333333,0.00361804274896433,3,0.00245,0.000987876510501186,3,0.0071,0.00433103913628127,3,2
"25","LCCR",2018-11-02,2019-01-07,0.00126333333333333,0.00157646228414553,3,0.00255666666666667,0.0024365823058812,3,0.00296333333333333,0.000161967074843418,3,0.00382,0.00378548543782696,3,3
"26","LCCR",2018-12-05,2019-02-06,0.001895,0.00160513239329346,2,0.00266,0.00343653895656662,2,0.00287,1.4142135623731e-05,2,0.004555,0.00504167134986008,2,4
"27","LCCR",2019-01-07,2019-03-06,0.00213666666666667,0.00122818293968502,3,0.00197,0.00165734727803198,3,0.00228666666666667,0.000496621921921831,3,0.00410666666666667,0.00272786241099754,3,5
"28","LCCR",2019-02-06,2019-04-03,0.002825,0.000417193000900063,2,0.00284,0.000975807358037436,2,0.002,1.4142135623731e-05,2,0.005665,0.000558614357137372,2,6
"29","LCCR",2019-03-06,2019-05-08,0.0124366666666667,0.00936537416942502,3,0.0337333333333333,0.047019253857684,3,0.00229666666666667,0.000253245598842968,3,0.04617,0.0557100305151595,3,7
"30","LCCR",2019-04-03,2019-06-05,0.0126766666666667,0.00900971882654133,3,0.0330166666666667,0.0477520181074406,3,0.00206,0.00066007575322837,3,0.0456933333333333,0.0562385644672171,3,8
"31","LCCR",2019-05-08,2019-07-10,0.00269,0.00162634559672906,2,0.00547,0.00773574818618083,2,0.001615,0.000445477272147525,2,0.00816,0.00610940258945177,2,9
"32","LCCR",2019-06-05,2019-08-07,0.00077,0.00108894444302728,2,0.01196,0.00144249783362056,2,0.001835,0.000134350288425444,2,0.01273,0.000353553390593274,2,10
"33","LCCR",2019-07-10,2019-08-30,0.00077,0.00108894444302728,2,0.01196,0.00144249783362056,2,0.001835,0.000134350288425444,2,0.01273,0.000353553390593274,2,11
"34","TOWR",2018-08-31,2018-11-02,0.0034675,0.00431757165545634,4,0.00622,0.00335371435873719,4,0.00513,0.00464489684133745,4,0.0096875,0.00634307167966225,4,1
"35","TOWR",2018-09-28,2018-12-05,0.00069,0.000944748643820143,5,0.001536,0.00193956953987219,5,0.002238,0.00132840882261448,5,0.002226,0.00220139274097104,5,2
"36","TOWR",2018-11-02,2019-01-07,0.001478,0.00155053861609442,5,0.001378,0.0027340482804808,5,0.001808,0.00147523557440837,5,0.002856,0.00348808400128208,5,3
"37","TOWR",2018-12-05,2019-02-06,0.0029375,0.00161390571802279,4,0.00291,0.00286312183929826,4,0.001275,0.00118463777867611,4,0.0058475,0.00342653736785889,4,4
"38","TOWR",2019-01-07,2019-03-06,0.0047125,0.00335298250318529,4,0.003125,0.00136182475622477,4,0.01573,0.0291694554857188,4,0.0078375,0.00437226390633807,4,5
"39","TOWR",2019-02-06,2019-04-03,0.00530666666666667,0.00336503095577639,3,0.00462333333333333,0.00184199167569599,3,0.0201433333333333,0.0340414898812219,3,0.00993,0.00267680780034727,3,6
"40","TOWR",2019-03-06,2019-05-08,0.0036275,0.00210171953409583,4,0.0087025,0.00793177313089576,4,0.00218,0.00129771594221026,4,0.01233,0.00775423755117162,4,7
"41","TOWR",2019-04-03,2019-06-05,0.003434,0.00237620074909508,5,0.006444,0.0079967262051417,5,0.002676,0.000537708099250885,5,0.009878,0.00798182748498112,5,8
"42","TOWR",2019-05-08,2019-07-10,0.00826375,0.00656490083068028,4,0.0213975,0.0224744897976943,4,0.0027125,0.000718290795337561,4,0.02966125,0.0287078486291931,4,9
"43","TOWR",2019-06-05,2019-08-07,0.010437,0.00326309975330207,5,0.025358,0.0144478915416749,5,0.002846,0.000384730425103084,5,0.035795,0.0174190836440956,5,10
"44","TOWR",2019-07-10,2019-08-30,0.0095525,0.00299257275043844,4,0.0135775,0.00459713950915857,4,0.0028875,0.000370438928839829,4,0.02313,0.00369829690533359,4,11
"45","USHF",2018-08-31,2018-11-02,0.006485,0.00917117495198952,2,0.00694,0.00981464212286928,2,0.00828,0.00926309883354377,2,0.013425,0.0189858170748588,2,1
"46","USHF",2018-09-28,2018-12-05,0.00616333333333333,0.00650888879405182,3,0.00826333333333333,0.00730870941639722,3,0.00646333333333333,0.0072665902136651,3,0.0144266666666667,0.0135366404005327,3,2
"47","USHF",2018-11-02,2019-01-07,0.00384,0.00333418655746795,3,0.00531,0.00546077833280202,3,0.00715,0.00666837311493591,3,0.00915,0.00837310575593071,3,3
"48","USHF",2018-12-05,2019-02-06,0.00576,0.000339411254969543,2,0.007965,0.00416485894118876,2,0.00331,0.000678822509939086,2,0.013725,0.00382544768621922,2,4
"49","USHF",2019-01-07,2019-03-06,0.00479666666666667,0.00182237025143996,3,0.00685333333333333,0.00234813401094003,3,0.00282333333333333,0.00125874275899936,3,0.01165,0.00327082558385494,3,5
"50","USHF",2019-02-06,2019-04-03,0.004195,0.00211424927574778,2,0.00777,0.00244658946290545,2,0.00234,0.00132936074863071,2,0.011965,0.00456083873865323,2,6
"51","USHF",2019-03-06,2019-05-08,0.00535333333333333,0.00125921933487909,3,0.02206,0.0191163176370346,3,0.00143333333333333,0.000450924975282289,3,0.0274133333333333,0.0199797505823605,3,7
"52","USHF",2019-04-03,2019-06-05,0.00447,0.00174192422338057,3,0.0346666666666667,0.0191624250379051,3,0.00147,0.00045133136385587,3,0.0391366666666667,0.0195347237844136,3,8
"53","USHF",2019-05-08,2019-07-10,0.0020823505,0.00135432091089981,2,0.05223,0.0069437885912519,2,0.002115,0.000855599205235723,2,0.0543123505,0.00558946768035208,2,9
"54","USHF",2019-06-05,2019-08-07,0.0016373505,0.000724995875643786,2,0.04777,0.0132511810794359,2,0.002395,0.000459619407771256,2,0.0494073505,0.0125261852037921,2,10
"55","USHF",2019-07-10,2019-08-30,0.0016373505,0.000724995875643786,2,0.04777,0.0132511810794359,2,0.002395,0.000459619407771256,2,0.0494073505,0.0125261852037921,2,11
"56","WS01",2018-08-31,2018-11-02,0.00255555555555556,0.00113038833052088,9,0.0474429426666667,0.00993781811969729,9,0.00499340766666667,0.00179731430314358,9,0.0499984982222222,0.0105992237180196,9,1
"57","WS01",2018-09-28,2018-12-05,0.0022,0.00103279555898864,10,0.03059,0.0169935576028094,10,0.0035053813,0.0023182398313135,10,0.03279,0.0177152445337029,10,2
"58","WS01",2018-11-02,2019-01-07,0.00188888888888889,0.000600925212577332,9,0.0209560787777778,0.0102262771947495,9,0.00181297544444444,0.000694334292794024,9,0.0228449676666667,0.0104200793336428,9,3
"59","WS01",2018-12-05,2019-02-06,0.00255555555555556,0.00133333333333333,9,0.0264257972222222,0.00409765067978204,9,0.00262104977777778,0.00125413396825506,9,0.0289813527777778,0.00496834201152841,9,4
"60","WS01",2019-01-07,2019-03-06,0.00322222222222222,0.00130170827931778,9,0.0316408246666667,0.0053829043902409,9,0.00379149188888889,0.0014899063176609,9,0.0348630468888889,0.0063081553195515,9,5
"61","WS01",2019-02-06,2019-04-03,0.00333333333333333,0.0016583123951777,9,0.0428101624444444,0.0178042211611664,9,0.00429309811111111,0.00167305727406143,9,0.0461434957777778,0.0173929786788345,9,6
"62","WS01",2019-03-06,2019-05-08,0.0034,0.00150554530541816,10,0.0469065651,0.0156096649014991,10,0.0034641458,0.0015560695573551,10,0.0503065651,0.015156728202477,10,7
"63","WS01",2019-04-03,2019-06-05,0.003,0.000866025403784439,9,0.0502972185555556,0.006790232992299,9,0.00391827766666667,0.00189563082699836,9,0.0532972185555556,0.00624668748935832,9,8
"64","WS01",2019-05-08,2019-07-10,0.003,0.00111803398874989,9,0.0602619174444444,0.00593172628739493,9,0.00522434633333333,0.000812011676414046,9,0.0632619174444444,0.006854581241664,9,9
"65","WS01",2019-06-05,2019-08-07,0.004,0.00223606797749979,9,0.0693124034444444,0.00893122154291818,9,0.00472938677777778,0.00117449070670555,9,0.0733124034444445,0.00961196406821654,9,10
"66","WS01",2019-07-10,2019-08-30,0.00371428571428571,0.00262769136406122,7,0.080920708,0.00620823468723601,7,0.00528713814285714,0.00227871804442318,7,0.0846349937142857,0.00563765345717781,7,11
"67","WS02",2018-08-31,2018-11-02,0.00244444444444444,0.00133333333333333,9,0.00820082922222222,0.00273304517359505,9,0.00624119477777778,0.00246701875595919,9,0.0106452736666667,0.00389540726066823,9,1
"68","WS02",2018-09-28,2018-12-05,0.0028,0.00220100986922922,10,0.00384,0.00387533511095779,10,0.0041,0.00299814757623585,10,0.00664,0.00388335479250151,10,2
"69","WS02",2018-11-02,2019-01-07,0.004,0.00239791576165636,9,0.000692985444444444,0.000275632338281954,9,0.00373096333333333,0.00193134578781222,9,0.00469298544444444,0.00237523807983679,9,3
"70","WS02",2018-12-05,2019-02-06,0.00322222222222222,0.00198606254796883,9,0.001923142,0.0022810537736572,9,0.00588651377777778,0.000878968671470545,9,0.00514536422222222,0.0030655453858588,9,4
"71","WS02",2019-01-07,2019-03-06,0.00211111111111111,0.00105409255338946,9,0.00218479111111111,0.00214930157707443,9,0.00651520677777778,0.00112874396139955,9,0.00429590222222222,0.0029497761953321,9,5
"72","WS02",2019-02-06,2019-04-03,0.00275,0.00138873014965883,8,0.001942673125,0.000686498725129487,8,0.006647596375,0.00107098260297061,8,0.004692673125,0.00176708969766801,8,6
"73","WS02",2019-03-06,2019-05-08,0.00366666666666667,0.000866025403784439,9,0.00365227344444444,0.00155688274138719,9,0.00485743177777778,0.00220625727125361,9,0.00731894011111111,0.00130124275358697,9,7
"74","WS02",2019-04-03,2019-06-05,0.00377777777777778,0.00120185042515466,9,0.00802715666666667,0.00494385309796208,9,0.00527148122222222,0.0026680670186047,9,0.0118049344444444,0.00525302688761508,9,8
"75","WS02",2019-05-08,2019-07-10,0.00377777777777778,0.00216666666666667,9,0.0123408616666667,0.00318419231759264,9,0.00694238877777778,0.0011359771183328,9,0.0161186394444444,0.004524390593571,9,9
"76","WS02",2019-06-05,2019-08-07,0.00333333333333333,0.00206155281280883,9,0.0141485701111111,0.00321013573028293,9,0.00641052888888889,0.00093517311482092,9,0.0174819034444444,0.00401466073579148,9,10
"77","WS02",2019-07-10,2019-08-30,0.00314285714285714,0.000899735410842437,7,0.0173413447142857,0.00413845403108809,7,0.00665464942857143,0.00185562916672467,7,0.0204842018571429,0.00413686503754447,7,11
"78","WS06",2018-08-31,2018-11-02,0.00170915644444444,0.000969742863856588,9,0.0874811301111111,0.0356986397024783,9,0.00302575822222222,0.00298214395427073,9,0.0891902865555556,0.0362562336461126,9,1
"79","WS06",2018-09-28,2018-12-05,0.0014415419,0.0006756510108034,10,0.09465,0.0606197849990689,10,0.0020157954,5.59963923167278e-05,10,0.0960915419,0.0610336252537126,10,2
"80","WS06",2018-11-02,2019-01-07,0.00201663633333333,0.000982374245530185,9,0.165864773111111,0.0789526822112669,9,0.00199714911111111,5.27681454985971e-05,9,0.167881409444444,0.0796147963111486,9,3
"81","WS06",2018-12-05,2019-02-06,0.00311111111111111,0.00116666666666667,9,0.235636351111111,0.0178445996009796,9,0.00199307366666667,5.02265056892275e-05,9,0.238747462222222,0.0186968885380059,9,4
"82","WS06",2019-01-07,2019-03-06,0.00344444444444444,0.00113038833052088,9,0.237695216888889,0.011643405111805,9,0.001998003,3.96318668529506e-05,9,0.241139661333333,0.0122904437770365,9,5
"83","WS06",2019-02-06,2019-04-03,0.00322222222222222,0.00120185042515466,9,0.205072186666667,0.0757642904721203,9,0.00197615688888889,5.38199686604434e-05,9,0.208294408888889,0.0762836183617094,9,6
"84","WS06",2019-03-06,2019-05-08,0.0036,0.00117378779077727,10,0.2026198489,0.0704091239125417,10,0.0019903558,6.02669923143857e-05,10,0.2062198489,0.070941465599296,10,7
"85","WS06",2019-04-03,2019-06-05,0.00355555555555556,0.000881917103688197,9,0.210144645777778,0.0137944387810016,9,0.00268443366666667,0.00102324206785858,9,0.213700201333333,0.0141817933047396,9,8
"86","WS06",2019-05-08,2019-07-10,0.003,0,9,0.179676217888889,0.0192272496125798,9,0.00319720333333333,0.000848907570199783,9,0.182676217888889,0.0192272496125798,9,9
"87","WS06",2019-06-05,2019-08-07,0.00288888888888889,0.000781735959970572,9,0.153046560555556,0.0174844736645849,9,0.00274043566666667,0.000727346450660206,9,0.155935449444444,0.0178947283390266,9,10
"88","WS06",2019-07-10,2019-08-30,0.00285714285714286,0.000899735410842437,7,0.124638546428571,0.0217633243214975,7,0.00227184742857143,0.000654891689286571,7,0.127495689285714,0.0219890950353821,7,11
"89","WS07",2018-08-31,2018-11-02,0.00233333333333333,0.000707106781186548,9,0.0243076083333333,0.0138175046375817,9,0.002203704,0.000725757497909253,9,0.0266409416666667,0.0139559891591241,9,1
"90","WS07",2018-09-28,2018-12-05,0.0021,0.000737864787372622,10,0.01264,0.00963260666232724,10,0.001968774,3.87186322474221e-05,10,0.01474,0.00984154459421894,10,2
"91","WS07",2018-11-02,2019-01-07,0.00233333333333333,0.000866025403784439,9,0.021690144,0.0177402527114645,9,0.00191788066666667,0.000254272891362312,9,0.0240234773333333,0.0181514953176487,9,3
"92","WS07",2018-12-05,2019-02-06,0.00266666666666667,0.000866025403784439,9,0.0508805391111111,0.0148485516955178,9,0.00194512333333333,0.00026268214719695,9,0.0535472057777778,0.0152578420341082,9,4
"93","WS07",2019-01-07,2019-03-06,0.00266666666666667,0.000866025403784439,9,0.0626009475555556,0.00445253229891469,9,0.00216770266666667,0.00121401895649224,9,0.0652676142222222,0.00473658194688377,9,5
"94","WS07",2019-02-06,2019-04-03,0.002875,0.000640869944461656,8,0.06384273425,0.00436052051664578,8,0.0027337975,0.00136575175230713,8,0.06671773425,0.0042094042118744,8,6
"95","WS07",2019-03-06,2019-05-08,0.00344444444444444,0.00052704627669473,9,0.0632792767777778,0.00359979080068407,9,0.00309202988888889,0.00157736353757888,9,0.0667237212222222,0.00340056793913747,9,7
"96","WS07",2019-04-03,2019-06-05,0.00366666666666667,5e-04,9,0.0660961477777778,0.00537052309184803,9,0.00378861677777778,0.0018690971467439,9,0.0697628144444444,0.0053778448855844,9,8
"97","WS07",2019-05-08,2019-07-10,0.00344444444444444,0.00123603308118261,9,0.0663923625555556,0.00733144439768855,9,0.00438859233333333,0.000662884135331922,9,0.069836807,0.0073252914398419,9,9
"98","WS07",2019-06-05,2019-08-07,0.00322222222222222,0.00130170827931778,9,0.0656535207777778,0.00720609987066599,9,0.00427849077777778,0.00061894882462906,9,0.068875743,0.00702441285101951,9,10
"99","WS07",2019-07-10,2019-08-30,0.00285714285714286,0.000899735410842437,7,0.0626535422857143,0.0114539042144062,7,0.00504581071428571,0.00184084856733887,7,0.0655106851428571,0.0119264111949441,7,11
"100","WS08",2018-08-31,2018-11-02,0.00322222222222222,0.00263523138347365,9,0.0114605585555556,0.00723017084541467,9,0.00259756133333333,0.00120053785432728,9,0.0146827807777778,0.00725588947824806,9,1
"101","WS08",2018-09-28,2018-12-05,0.0027,0.00266874918683308,10,0.00437,0.00584352443117831,10,0.002395104,0.000969234900408794,10,0.00707,0.00683000732064029,10,2
"102","WS08",2018-11-02,2019-01-07,0.00234985533333333,0.00130494857690102,9,0.00347469011111111,0.00299031815853767,9,0.002091012,0.000343533134927331,9,0.00582454544444444,0.00401312524434103,9,3
"103","WS08",2018-12-05,2019-02-06,0.00268318866666667,0.00109110003590688,9,0.00818565888888889,0.00253669774435936,9,0.00198138988888889,5.06700224946773e-05,9,0.0108688475555556,0.00284968670644608,9,4
"104","WS08",2019-01-07,2019-03-06,0.00211111111111111,0.000600925212577332,9,0.0118165168888889,0.00440477383499449,9,0.00202485833333333,6.5651884649262e-05,9,0.013927628,0.00443480737195439,9,5
"105","WS08",2019-02-06,2019-04-03,0.002125,0.000991031208965115,8,0.012622308625,0.00428016814432173,8,0.002029803,6.29353923729951e-05,8,0.014747308625,0.00421557113832017,8,6
"106","WS08",2019-03-06,2019-05-08,0.00244444444444444,0.000881917103688197,9,0.013743327,0.00370906285126759,9,0.00212316522222222,0.000411891696456659,9,0.0161877714444444,0.00347436983673745,9,7
"107","WS08",2019-04-03,2019-06-05,0.00277777777777778,0.000833333333333333,9,0.0211227661111111,0.00744577346228178,9,0.00299786666666667,0.00116926678695198,9,0.0239005438888889,0.00772715595815301,9,8
"108","WS08",2019-05-08,2019-07-10,0.003,0.000707106781186548,9,0.0310833066666667,0.00796932664065042,9,0.00376175611111111,0.000733544891270883,9,0.0340833066666667,0.0079758925428682,9,9
"109","WS08",2019-06-05,2019-08-07,0.00355555555555556,0.00123603308118261,9,0.0355943461111111,0.00650091289048687,9,0.00388856277777778,0.000619844375329562,9,0.0391499016666667,0.00699119557361881,9,10
"110","WS08",2019-07-10,2019-08-30,0.00714285714285714,0.00839500985563391,7,0.0376854207142857,0.00599184447405935,7,0.00484590428571429,0.00190848151624834,7,0.0448282778571429,0.0126148617024819,7,11
"111","WS09",2018-08-31,2018-11-02,0.00049,0.000692964645562817,2,0.00913,0.0129117698244664,2,0.002205,0.000770746391493337,2,0.00962,0.0136047344700292,2,1
"112","WS09",2018-09-28,2018-12-05,0.00232666666666667,0.00321871610014511,3,0.00905666666666667,0.00913088349138972,3,0.00349,0.00229144059490967,3,0.0113833333333333,0.0100931874714251,3,2
"113","WS09",2018-11-02,2019-01-07,0.00253333333333333,0.00310698138606161,3,0.00529333333333333,0.00468566252875016,3,0.00432666666666667,0.00166055211701811,3,0.00782666666666667,0.00748274236716281,3,3
"114","WS09",2018-12-05,2019-02-06,0.0038,0.00311126983722081,2,0.00794,0.0013717871555019,2,0.005115,0.00133643181644257,2,0.01174,0.00448305699272271,2,4
"115","WS09",2019-01-07,2019-03-06,0.00299333333333333,0.00271310400341257,3,0.01417,0.00742977792400284,3,0.00336333333333333,0.000815127801840505,3,0.0171633333333333,0.00761420602120361,3,5
"116","WS09",2019-02-06,2019-04-03,0.00369,0.00343653895656662,2,0.01777,0.0057134227919873,2,0.00296,0.0005939696961967,2,0.02146,0.00227688383542068,2,6
"117","WS09",2019-03-06,2019-05-08,0.00288,0.00347573013912185,3,0.01583,0.0138450677138106,3,0.00258666666666667,0.000184481254693623,3,0.01871,0.0164589671607911,3,7
"118","WS09",2019-04-03,2019-06-05,0.002859571,0.00349016288618784,3,0.0152533333333333,0.0135032638029972,3,0.00250666666666667,0.000253837218179946,3,0.0181129043333333,0.0162529123047365,3,8
"119","WS09",2019-05-08,2019-07-10,0.00120505,8.96187134475835e-06,2,0.03048,0.0147078210486802,2,0.002605,0.000431335136523794,2,0.03168505,0.0147167829200249,2,9
"120","WS09",2019-06-05,2019-08-07,0.0026206935,0.00199306036584056,2,0.04086,2.82842712474607e-05,2,0.002835,0.000106066017177982,2,0.0434806935,0.0019647760945931,2,10
"121","WS09",2019-07-10,2019-08-30,0.0026206935,0.00199306036584056,2,0.04086,2.82842712474607e-05,2,0.002835,0.000106066017177982,2,0.0434806935,0.0019647760945931,2,11
"122","WS13",2018-08-31,2018-11-02,0.00188888888888889,0.000600925212577332,9,0.00356591122222222,0.00220549635261888,9,0.00196119211111111,4.77901928104617e-05,9,0.00545480011111111,0.00261196886047324,9,1
"123","WS13",2018-09-28,2018-12-05,0.0014,0.000516397779494322,10,0.00145,0.00141126420866777,10,0.0019763672,4.67217137238018e-05,10,0.00285,0.00170375402502174,10,2
"124","WS13",2018-11-02,2019-01-07,0.002,0.0013228756555323,9,0.000695443666666667,0.000236825128651923,9,0.00202605233333333,4.97568113050867e-05,9,0.00269544366666667,0.00135861487978051,9,3
"125","WS13",2018-12-05,2019-02-06,0.00244444444444444,0.00113038833052088,9,0.001076714,0.000304130547394536,9,0.00201496488888889,5.94048558230816e-05,9,0.00352115844444444,0.000994135135500339,9,4
"126","WS13",2019-01-07,2019-03-06,0.00211111111111111,0.000600925212577332,9,0.00142046488888889,0.000200413804214832,9,0.00197719633333333,3.87278110729228e-05,9,0.003531576,0.000744410224143079,9,5
"127","WS13",2019-02-06,2019-04-03,0.0025,0.00119522860933439,8,0.001948228875,0.000516071650417552,8,0.001983392375,3.06934507343528e-05,8,0.004448228875,0.00130823024614787,8,6
"128","WS13",2019-03-06,2019-05-08,0.003,0.0014142135623731,9,0.00297633244444444,0.000884424324174787,9,0.00199242144444444,4.91711994060322e-05,9,0.00597633244444444,0.00184145856189924,9,7
"129","WS13",2019-04-03,2019-06-05,0.00255555555555556,0.00123603308118261,9,0.00583888988888889,0.00339498412739539,9,0.00200415,4.96067885248582e-05,9,0.00839444544444445,0.00290364798864003,9,8
"130","WS13",2019-05-08,2019-07-10,0.00177777777777778,0.000666666666666667,9,0.00972255388888889,0.0034886484292789,9,0.00217832366666667,0.000490959907369227,9,0.0115003316666667,0.00357918300761487,9,9
"131","WS13",2019-06-05,2019-08-07,0.00211111111111111,0.00105409255338946,9,0.0123048043333333,0.0038882556008478,9,0.00237470344444444,0.000635785700760506,9,0.0144159154444444,0.00458977043492395,9,10
"132","WS13",2019-07-10,2019-08-30,0.00242857142857143,0.000975900072948533,7,0.0152632345714286,0.00441531164492941,7,0.00225262742857143,0.000555143266634796,7,0.017691806,0.00502319522841803,7,11
"133","WS14",2018-08-31,2018-11-02,0.00212551766666667,0.000571806489827634,9,0.0138079778888889,0.00631728937435243,9,0.00200497388888889,7.72085279930987e-05,9,0.0159334955555556,0.00634382657412851,9,1
"134","WS14",2018-09-28,2018-12-05,0.0017129659,0.000938888687678322,10,0.0059,0.00681044948753181,10,0.0019914991,6.58128185208288e-05,10,0.0076129659,0.00718448607696282,10,2
"135","WS14",2018-11-02,2019-01-07,0.00188888888888889,0.00126929551764398,9,0.001594269,0.00101737837073972,9,0.00187431866666667,0.000352331301470647,9,0.00348315788888889,0.00220674808493405,9,3
"136","WS14",2018-12-05,2019-02-06,0.00255555555555556,0.00113038833052088,9,0.00271803233333333,0.000656362094724779,9,0.00184871144444444,0.000353738549444046,9,0.00527358788888889,0.00164977348763478,9,4
"137","WS14",2019-01-07,2019-03-06,0.00211111111111111,0.00105409255338946,9,0.00296673466666667,0.000319161228771212,9,0.001950846,0.000105767216044245,9,0.00507784577777778,0.00117748952623588,9,5
"138","WS14",2019-02-06,2019-04-03,0.002,0.000755928946018455,8,0.003628027125,0.00113286591973485,8,0.001966809625,6.02127391289477e-05,8,0.005628027125,0.00148204387561217,8,6
"139","WS14",2019-03-06,2019-05-08,0.00277777777777778,0.000666666666666667,9,0.00612605344444444,0.0024234300764919,9,0.00200721822222222,4.98275822531501e-05,9,0.00890383122222222,0.00288867720631991,9,7
"140","WS14",2019-04-03,2019-06-05,0.003,5e-04,9,0.0144736263333333,0.0104464694929246,9,0.00250309711111111,0.000931847644992791,9,0.0174736263333333,0.0105277070683318,9,8
"141","WS14",2019-05-08,2019-07-10,0.00255555555555556,0.000726483157256779,9,0.0244460974444444,0.00954724084798684,9,0.00317748633333333,0.000800557219359741,9,0.027001653,0.0097679577845981,9,9
"142","WS14",2019-06-05,2019-08-07,0.00211111111111111,0.000781735959970572,9,0.0281794505555556,0.00846770523144689,9,0.00322621422222222,0.000777063715782975,9,0.0302905616666667,0.00887930313194089,9,10
"143","WS14",2019-07-10,2019-08-30,0.00242857142857143,0.000786795792469443,7,0.0328358257142857,0.00865810873300915,7,0.00402359442857143,0.00219489490454402,7,0.0352643971428571,0.00897425282334809,7,11
"144","WS17",2018-08-31,2018-11-02,0.00168446133333333,0.000690041920071527,9,0.150466336111111,0.0128863031438776,9,0.00199684244444444,6.46865232025016e-05,9,0.152150797444444,0.0130851275796696,9,1
"145","WS17",2018-09-28,2018-12-05,0.001817774,0.000609557977995348,10,0.15984,0.0440152296875121,10,0.0020159034,7.65737865681055e-05,10,0.161657774,0.0442130686174685,10,2
"146","WS17",2018-11-02,2019-01-07,0.00179752666666667,0.000404220306763527,9,0.162659207333333,0.0474597985712633,9,0.00209231455555556,0.000223775638470272,9,0.164456734,0.047638734940908,9,3
"147","WS17",2018-12-05,2019-02-06,0.00190749611111111,0.000571850264611385,9,0.145236588333333,0.0204756333189365,9,0.002186425,0.000282015046659748,9,0.147144084444444,0.0204650981424498,9,4
"148","WS17",2019-01-07,2019-03-06,0.00224082944444444,0.000946779088173571,9,0.130748901222222,0.00619185756464085,9,0.00225514,0.0012367492763027,9,0.132989730666667,0.00582069279571594,9,5
"149","WS17",2019-02-06,2019-04-03,0.00275,0.00128173988892331,8,0.12214134775,0.00895780652746216,8,0.002939767125,0.001452123220742,8,0.12489134775,0.00823682656890994,8,6
"150","WS17",2019-03-06,2019-05-08,0.00288888888888889,0.00105409255338946,9,0.119449331444444,0.00568674899715624,9,0.00259105411111111,0.00125191464282618,9,0.122338220333333,0.00556221658863441,9,7
"151","WS17",2019-04-03,2019-06-05,0.00322222222222222,0.00268224615657185,9,0.122798809555556,0.00385322083562531,9,0.00310519244444444,0.00182222064519552,9,0.126021031777778,0.00426845779817064,9,8
"152","WS17",2019-05-08,2019-07-10,0.00288888888888889,0.00280376730687679,9,0.128071114888889,0.0112810988695088,9,0.00426267311111111,0.00100908053749694,9,0.130960003777778,0.0111849799636373,9,9
"153","WS17",2019-06-05,2019-08-07,0.00222222222222222,0.00097182531580755,9,0.143216231666667,0.0189354021680323,9,0.00398717788888889,0.000956087626569532,9,0.145438453888889,0.0192242980333804,9,10
"154","WS17",2019-07-10,2019-08-30,0.00228571428571429,0.000755928946018455,7,0.170848327714286,0.0217545128907833,7,0.00463474642857143,0.00192557091039635,7,0.173134042,0.0220664925519175,7,11
"155","WS18",2018-08-31,2018-11-02,0.0146973904444444,0.0387499545056284,9,0.0202740227777778,0.0127711412409095,9,0.00325646077777778,0.00271433754612487,9,0.0349714132222222,0.0488097258480138,9,1
"156","WS18",2018-09-28,2018-12-05,0.0128276514,0.0369580918248328,10,0.01097,0.0147806216979455,10,0.0030812093,0.00261156291958594,10,0.0237976514,0.0496764312068443,10,2
"157","WS18",2018-11-02,2019-01-07,0.00155555555555556,0.000881917103688197,9,0.00144758955555556,0.00118866704429027,9,0.00196365755555556,4.00749440052981e-05,9,0.00300314511111111,0.00192049386239975,9,3
"158","WS18",2018-12-05,2019-02-06,0.00188888888888889,0.000600925212577332,9,0.00193566355555556,0.00112469346682942,9,0.00199730855555556,4.29472143424667e-05,9,0.00382455244444444,0.00159861616541582,9,4
"159","WS18",2019-01-07,2019-03-06,0.002,0.000707106781186548,9,0.00182205788888889,0.000922539460305689,9,0.00201338488888889,5.2576259034959e-05,9,0.00382205788888889,0.000968342426944679,9,5
"160","WS18",2019-02-06,2019-04-03,0.00242857142857143,0.00139727626201154,7,0.00247224785714286,0.0012746326245637,7,0.002007064,4.8165691904785e-05,7,0.00490081928571429,0.00209511457670145,7,6
"161","WS18",2019-03-06,2019-05-08,0.0025,0.00160356745147455,8,0.006604839375,0.00333030816230339,8,0.001884830625,0.000746352928910778,8,0.009104839375,0.00341154925408493,8,7
"162","WS18",2019-04-03,2019-06-05,0.00211111111111111,0.00116666666666667,9,0.0162422125555556,0.0127653577041632,9,0.00248278422222222,0.00128724597005669,9,0.0183533236666667,0.0125132075639087,9,8
"163","WS18",2019-05-08,2019-07-10,0.00135009711111111,0.000489853432033615,9,0.0275367016666667,0.0105037970397749,9,0.00326656688888889,0.000817651140310531,9,0.0288867987777778,0.0104749293644043,9,9
"164","WS18",2019-06-05,2019-08-07,0.00146120822222222,0.000716619297959833,9,0.0330025463333333,0.00962681980558759,9,0.00296319888888889,0.000740820339577425,9,0.0344637545555556,0.0101971383997507,9,10
"165","WS18",2019-07-10,2019-08-30,0.00242857142857143,0.000975900072948533,7,0.0366814825714286,0.0145508957556645,7,0.00234576657142857,0.000761150420880318,7,0.039110054,0.0144905266527193,7,11
"166","WS27",2018-08-31,2018-11-02,0.00157419755555556,0.00071246262726811,9,0.0646243318888889,0.0224901746600554,9,0.00209183155555556,0.000239557269650762,9,0.0661985294444444,0.0224212429674944,9,1
"167","WS27",2018-09-28,2018-12-05,0.0036171864,0.00421021100963738,10,0.04462,0.0125616524036892,10,0.0017915812,0.000631796563182731,10,0.0482371864,0.0123629495588456,10,2
"168","WS27",2018-11-02,2019-01-07,0.00524131822222222,0.00438934099374706,9,0.0411918096666667,0.0105405550522276,9,0.00174626588888889,0.000655939672170666,9,0.0464331278888889,0.0119892875681151,9,3
"169","WS27",2018-12-05,2019-02-06,0.00333333333333333,0.00269258240356725,9,0.0530545215555556,0.0132325302449335,9,0.00198295633333333,5.22273368577223e-05,9,0.0563878548888889,0.0131623032185258,9,4
"170","WS27",2019-01-07,2019-03-06,0.00333333333333333,0.0038405728739343,9,0.0687506911111111,0.039395861647898,9,0.00214203255555556,0.00038387356160724,9,0.0720840244444445,0.0400252535956611,9,5
"171","WS27",2019-02-06,2019-04-03,0.00428571428571429,0.00407080195679286,7,0.0734054185714286,0.0436122354774279,7,0.00234676257142857,0.000503013609373165,7,0.0776911328571429,0.0439839383850791,7,6
"172","WS27",2019-03-06,2019-05-08,0.00325,0.00265921578128375,8,0.078423227125,0.0317083056339985,8,0.002028061875,0.000860360883756252,8,0.081673227125,0.0336933173508877,8,7
"173","WS27",2019-04-03,2019-06-05,0.00511111111111111,0.00541858940233629,9,0.086951363,0.0279448512027474,9,0.00277380377777778,0.00157543177432504,9,0.0920624741111111,0.0294111129652518,9,8
"174","WS27",2019-05-08,2019-07-10,0.00522222222222222,0.0059113826169894,9,0.081481772,0.0126584881500709,9,0.00359716977777778,0.00102580073641909,9,0.0867039942222222,0.0104011418094327,9,9
"175","WS27",2019-06-05,2019-08-07,0.00588888888888889,0.00903388682191177,9,0.0836594485555556,0.015987934717806,9,0.00350793744444444,0.000865295244329372,9,0.0895483374444444,0.0157377135582278,9,10
"176","WS27",2019-07-10,2019-08-30,0.00728571428571429,0.00962140470884728,7,0.0923651191428571,0.0234391483743861,7,0.00430384642857143,0.00207154643585904,7,0.0996508334285714,0.0220542632838342,7,11
"177","WS31",2018-08-31,2018-11-02,0.00122222222222222,0.000666666666666667,9,0.000815058666666667,0.000373088561276006,9,0.00194670544444444,4.57896629767874e-05,9,0.00203728088888889,0.000953968388190149,9,1
"178","WS31",2018-09-28,2018-12-05,0.0011,0.000875595035770913,10,0.00047,0.000434741302385683,10,0.0019827288,6.05009085070445e-05,10,0.00157,0.00103607164059463,10,2
"179","WS31",2018-11-02,2019-01-07,0.00155555555555556,0.000881917103688197,9,0.000309983222222222,0.000335990226842157,9,0.00189088988888889,0.000233321223133711,9,0.00186553877777778,0.00110709097753231,9,3
"180","WS31",2018-12-05,2019-02-06,0.002,0.000707106781186548,9,0.000582807666666667,0.000351798442752381,9,0.001881789,0.000227602381383082,9,0.00258280766666667,0.000861781958689668,9,4
"181","WS31",2019-01-07,2019-03-06,0.00255555555555556,0.00150923085635624,9,0.000712028111111111,0.000384618624401967,9,0.00201049466666667,4.49673848583615e-05,9,0.00326758366666667,0.00161224769347819,9,5
"182","WS31",2019-02-06,2019-04-03,0.002375,0.00159798980865694,8,0.00057281275,0.000400558910410994,8,0.00200068475,6.14825168965014e-05,8,0.00294781275,0.0017682494000309,8,6
"183","WS31",2019-03-06,2019-05-08,0.002,5e-04,9,0.000576612888888889,0.00025755757621571,9,0.00197877044444444,8.78938942249562e-05,9,0.00257661288888889,0.000634152115084473,9,7
"184","WS31",2019-04-03,2019-06-05,0.00222222222222222,0.000666666666666667,9,0.00137893377777778,0.000887319542005271,9,0.00198007077777778,9.67662447961294e-05,9,0.003601156,0.0010373643406152,9,8
"185","WS31",2019-05-08,2019-07-10,0.00244444444444444,0.000726483157256779,9,0.00311545588888889,0.00134627994353417,9,0.002292522,0.000532887857800776,9,0.00555990033333333,0.00140422499096521,9,9
"186","WS31",2019-06-05,2019-08-07,0.00255555555555556,0.00052704627669473,9,0.00365746555555556,0.00106085472243624,9,0.00237161466666667,0.000542006610393499,9,0.00621302111111111,0.00100502192784467,9,10
"187","WS31",2019-07-10,2019-08-30,0.00285714285714286,0.000899735410842437,7,0.00378608471428571,0.0016205807521229,7,0.00211347557142857,0.000291381282166429,7,0.00664322757142857,0.00233279418047048,7,11
"188","WS32",2018-08-31,2018-11-02,0.00135943022222222,0.000482888639314174,9,0.00163748533333333,0.00126320420589933,9,0.00201219511111111,3.75611351280963e-05,9,0.00299691555555556,0.00164774526929499,9,1
"189","WS32",2018-09-28,2018-12-05,0.0016100409,0.000690296471778845,10,7e-04,0.00077028133388609,10,0.002093664,0.000322781851900698,10,0.0023100409,0.000760738031311473,10,2
"190","WS32",2018-11-02,2019-01-07,0.00288888888888889,0.00136422546197874,9,0.000435147444444444,0.000410134015486131,9,0.00209270966666667,0.000346870153147759,9,0.00332403633333333,0.00140855462545157,9,3
"191","WS32",2018-12-05,2019-02-06,0.00288888888888889,0.00145296631451356,9,0.000640148222222222,0.000246093213632953,9,0.00201718144444444,6.74820925822383e-05,9,0.00352903711111111,0.00136835687467227,9,4
"192","WS32",2019-01-07,2019-03-06,0.00233333333333333,0.001,9,0.000685724666666667,8.12836082829742e-05,9,0.002030038,5.85070227814576e-05,9,0.003019058,0.00100166624929439,9,5
"193","WS32",2019-02-06,2019-04-03,0.002125,0.0011259916264596,8,0.000753586,0.000159256874811015,8,0.00199758925,7.97213845191041e-05,8,0.002878586,0.00109200793202391,8,6
"194","WS32",2019-03-06,2019-05-08,0.00211111111111111,0.00105409255338946,9,0.00123101555555556,0.000405863490507003,9,0.00198824911111111,6.70232873567919e-05,9,0.00334212666666667,0.00130827487369771,9,7
"195","WS32",2019-04-03,2019-06-05,0.00244444444444444,0.0010137937550497,9,0.00264970088888889,0.00160985590411661,9,0.00229376988888889,0.000806166725938165,9,0.00509414533333333,0.00215340826851482,9,8
"196","WS32",2019-05-08,2019-07-10,0.00223548655555556,0.000953703838005687,9,0.00466728677777778,0.00129677928926367,9,0.00228693877777778,0.000808628318766381,9,0.00690277333333333,0.00169097862315169,9,9
"197","WS32",2019-06-05,2019-08-07,0.00248009044444444,0.00155478366225193,9,0.00520806666666667,0.00114194392989641,9,0.00222735666666667,0.000720871518694039,9,0.00768815711111111,0.00215777449163968,9,10
"198","WS32",2019-07-10,2019-08-30,0.00402877642857143,0.00384764363992942,7,0.00582967028571429,0.00261255859346725,7,0.00253277614285714,0.000942286483685549,7,0.00985844671428571,0.00502429350765919,7,11
"199","WS34",2018-08-31,2018-11-02,0.00246953544444444,0.00185708387556399,9,0.002991149,0.00217818128304694,9,0.00521155488888889,0.00266610353783811,9,0.00546068444444444,0.0030264740459871,9,1
"200","WS34",2018-09-28,2018-12-05,0.0022126996,0.00208991559599942,10,0.001,0.00120092556897679,10,0.0042851485,0.00295884474190336,10,0.0032126996,0.00222216410999164,10,2
"201","WS34",2018-11-02,2019-01-07,0.00244444444444444,0.00212785755580062,9,0.00105020344444444,0.0021538011856963,9,0.00192511466666667,0.000881739794123952,9,0.00349464788888889,0.00288382278943074,9,3
"202","WS34",2018-12-05,2019-02-06,0.00211111111111111,0.000781735959970572,9,0.00459381222222222,0.00327899801097335,9,0.00218091422222222,0.00131709966632558,9,0.00670492333333333,0.00368420592007596,9,4
"203","WS34",2019-01-07,2019-03-06,0.00244444444444444,0.0010137937550497,9,0.00908872988888889,0.00578945510164682,9,0.00276460755555556,0.00153957778386276,9,0.0115331743333333,0.00637432245520049,9,5
"204","WS34",2019-02-06,2019-04-03,0.001875,0.0011259916264596,8,0.010571115,0.00565640070361109,8,0.00306390175,0.0013978440666935,8,0.012446115,0.00644622326237491,8,6
"205","WS34",2019-03-06,2019-05-08,0.002,0.001,9,0.0108779454444444,0.00314225132570798,9,0.00304149655555556,0.000865204009485496,9,0.0128779454444444,0.00376828361378407,9,7
"206","WS34",2019-04-03,2019-06-05,0.00233333333333333,0.000866025403784439,9,0.0129773248888889,0.0027730164955962,9,0.00357226177777778,0.00136027517461356,9,0.0153106582222222,0.0031882857569832,9,8
"207","WS34",2019-05-08,2019-07-10,0.00211111111111111,0.000781735959970572,9,0.0139452231111111,0.00242380290087718,9,0.00468198111111111,0.000644815220698815,9,0.0160563342222222,0.00283171981058048,9,9
"208","WS34",2019-06-05,2019-08-07,0.00246269477777778,0.0015720883774284,9,0.0127315462222222,0.00285128151546457,9,0.00779223833333333,0.00837173876653703,9,0.015194241,0.00355523221296658,9,10
"209","WS34",2019-07-10,2019-08-30,0.00288060757142857,0.00174500168022879,7,0.0107960811428571,0.0033110045041748,7,0.00916869885714286,0.00937663774350608,7,0.0136766887142857,0.00437867825621643,7,11
"210","WS36",2018-08-31,2018-11-02,0.00211111111111111,0.000781735959970572,9,0.0322363895555556,0.011353805151214,9,0.00203186355555556,0.000155445312008043,9,0.0343475006666667,0.0113353096068857,9,1
"211","WS36",2018-09-28,2018-12-05,0.0024,0.000966091783079296,10,0.01552,0.0116849190554891,10,0.0019844686,4.91355684683825e-05,10,0.01792,0.011674644891102,10,2
"212","WS36",2018-11-02,2019-01-07,0.00244444444444444,0.0010137937550497,9,0.011307813,0.00824748553722412,9,0.00200414711111111,4.42270422180945e-05,9,0.0137522574444444,0.00797439542940396,9,3
"213","WS36",2018-12-05,2019-02-06,0.00244444444444444,0.00133333333333333,9,0.0172022863333333,0.00688329776162166,9,0.00199434477777778,4.7325001029524e-05,9,0.0196467307777778,0.0068516917268358,9,4
"214","WS36",2019-01-07,2019-03-06,0.00211111111111111,0.00126929551764398,9,0.0265073641111111,0.0220885930902148,9,0.00197154066666667,4.52345875464782e-05,9,0.0286184752222222,0.0216520050581562,9,5
"215","WS36",2019-02-06,2019-04-03,0.002,0.000534522483824849,8,0.030028095875,0.0224355779484313,8,0.001986758375,3.91484523318884e-05,8,0.032028095875,0.0221415443620648,8,6
"216","WS36",2019-03-06,2019-05-08,0.00233333333333333,5e-04,9,0.0277643583333333,0.0142665906350452,9,0.00200160022222222,4.79134230012264e-05,9,0.0300976916666667,0.0142231621957974,9,7
"217","WS36",2019-04-03,2019-06-05,0.00211111111111111,0.000600925212577332,9,0.0373851865555556,0.0139194663146646,9,0.00199904033333333,6.37581834982773e-05,9,0.0394962976666667,0.0136107733232651,9,8
"218","WS36",2019-05-08,2019-07-10,0.00177777777777778,0.000666666666666667,9,0.050423051,0.0113104765120717,9,0.00200196177777778,5.19125524651259e-05,9,0.0522008287777778,0.0113072541593691,9,9
"219","WS36",2019-06-05,2019-08-07,0.00511111111111111,0.00936008072139931,9,0.0585467355555556,0.00868948978816448,9,0.00274699922222222,0.00148817640346086,9,0.0636578466666667,0.0126135406013077,9,10
"220","WS36",2019-07-10,2019-08-30,0.00914285714285714,0.0114808328883197,7,0.0590574944285714,0.00601085312787857,7,0.00384413771428571,0.00251151547960846,7,0.0682003515714286,0.0124597777397884,7,11
"221","WS37",2018-08-31,2018-11-02,0.00866666666666667,0.00424264068711928,9,0.0871251478888889,0.0430809080260136,9,0.00630699377777778,0.00238907792136552,9,0.0957918145555556,0.0436266582207772,9,1
"222","WS37",2018-09-28,2018-12-05,0.0064,0.00347051068928543,10,0.04077,0.0222365090185787,10,0.0048779652,0.00330302590912672,10,0.04717,0.0235211512378871,10,2
"223","WS37",2018-11-02,2019-01-07,0.004,0.00239791576165636,9,0.0378036452222222,0.0170849118131703,9,0.00189779811111111,0.000533457297037552,9,0.0418036452222222,0.0176572310446402,9,3
"224","WS37",2018-12-05,2019-02-06,0.00355555555555556,0.00206827894099848,9,0.0542321084444444,0.00681321903891424,9,0.00246323155555556,0.0012380628058979,9,0.057787664,0.00779849839035989,9,4
"225","WS37",2019-01-07,2019-03-06,0.00266666666666667,0.00173205080756888,9,0.0637124278888889,0.018351459188653,9,0.00281263422222222,0.00136981862922202,9,0.0663790945555556,0.0179480516636058,9,5
"226","WS37",2019-02-06,2019-04-03,0.00225,0.00128173988892331,8,0.0666528185,0.018821980493852,8,0.0030014805,0.00112971823225275,8,0.0689028185,0.0186965366921891,8,6
"227","WS37",2019-03-06,2019-05-08,0.00277777777777778,0.00097182531580755,9,0.0673499952222222,0.0160620855438444,9,0.00281258588888889,0.00116575495635719,9,0.070127773,0.0163900519088053,9,7
"228","WS37",2019-04-03,2019-06-05,0.008,0.00854400374531753,9,0.0756929362222222,0.0201507852077552,9,0.00335224533333333,0.00171368980311928,9,0.0836929362222222,0.0237171116810013,9,8
"229","WS37",2019-05-08,2019-07-10,0.0173333333333333,0.0133603892158874,9,0.0940393234444444,0.0330671462928079,9,0.00464804444444444,0.00101816709660597,9,0.111372656777778,0.0376387419272566,9,9
"230","WS37",2019-06-05,2019-08-07,0.0222222222222222,0.0190773280216189,9,0.130345667111111,0.0413904243161076,9,0.00612539777777778,0.00193069263641645,9,0.152567889333333,0.0479355237919262,9,10
"231","WS37",2019-07-10,2019-08-30,0.0197142857142857,0.0199642537694608,7,0.172428910571429,0.012779217337768,7,0.00774587514285714,0.00205272858505425,7,0.192143196285714,0.0175217652854469,7,11
"232","WS55",2018-08-31,2018-11-02,0.0029375,0.0016560872561553,4,0.0172575,0.0138850408113672,4,0.003065,0.00157379583597534,4,0.020195,0.0144972675586355,4,1
"233","WS55",2018-09-28,2018-12-05,0.002132,0.0018145164645161,5,0.004084,0.00521910720334427,5,0.002844,0.00080313759717747,5,0.006216,0.00597950917718169,5,2
"234","WS55",2018-11-02,2019-01-07,0.00245,0.00148697679874301,5,0.000502,0.000593354868523045,5,0.002682,0.000651321733093561,5,0.002952,0.00107615983942907,5,3
"235","WS55",2018-12-05,2019-02-06,0.0038575,0.00260204246698627,4,0.0009825,0.000761856285660229,4,0.0022325,0.00146140058391485,4,0.00484,0.00306156822559942,4,4
"236","WS55",2019-01-07,2019-03-06,0.004405,0.00301401725277079,4,0.001325,0.00036783148315499,4,0.0019625,0.00174519101151326,4,0.00573,0.00329954542323636,4,5
"237","WS55",2019-02-06,2019-04-03,0.00405333333333333,0.00224342000823148,3,0.00133,0.000208086520466848,3,0.00167666666666667,0.00105685066747073,3,0.00538333333333333,0.00221301453527385,3,6
"238","WS55",2019-03-06,2019-05-08,0.0071475,0.0035657946753377,4,0.0242825,0.0189217042484726,4,0.0022475,0.000554699618412224,4,0.03143,0.0220821843726264,4,7
"239","WS55",2019-04-03,2019-06-05,0.013048,0.00801143994547797,5,0.031706,0.0152962946493587,5,0.002594,0.000572695381507482,5,0.044754,0.0153504016234104,5,8
"240","WS55",2019-05-08,2019-07-10,0.0118325,0.0107136622278908,4,0.0196175,0.0193366291012679,4,0.002675,0.000670944607748409,4,0.03145,0.0250493273362779,4,9
"241","WS55",2019-06-05,2019-08-07,0.013772,0.0158481519427345,5,0.012784,0.00509359696089119,5,0.002572,0.000715730396168837,5,0.026556,0.01863765757814,5,10
"242","WS55",2019-07-10,2019-08-30,0.017025,0.0164031064131158,4,0.0142375,0.00423628276519246,4,0.0026775,0.000568880479538541,4,0.0312625,0.0178509745298868,4,11
