bag_ID,stream,date_dep,date_coll,days_in_record,fungi_vial_mass.g,vial_cap_litter.g,dry_mass.g,ash_fraction,afdm_g,erg_per_sample_ug,erg_ext_date,days_in_storage,corr_factor,ext_eff,corr_erg_per_sample_ug,fb_per_sample_mg,erg_ug_per_gAFDM,fb_mg_per_gAFDM,erg_ratio_corr.uncorr
F0097,CWCR,8/31/18,11/2/18,63,6.6865,6.8664,0.1799,0.1,0.1619,29.3,2/16/19,106,1.03,0.9,33.53,6.1,207.08,37.65,1.14
F0098,CWCR,8/31/18,11/2/18,63,6.5402,6.5957,0.0555,0.1,0.05,22.04,2/16/19,106,1.03,0.9,25.22,4.58,504.85,91.79,1.14
F0099,CWCR,8/31/18,11/2/18,63,NA,,,,,,,,,,,,,,
F0100,CWCR,8/31/18,11/2/18,63,6.4768,6.5973,0.1205,0.1,0.1085,23.14,2/16/19,106,1.03,0.9,26.48,4.81,244.17,44.39,1.14
F0101,WS09,8/31/18,11/2/18,63,NA,,,,,,,,,,,,,,
F0102,WS09,8/31/18,11/2/18,63,6.6137,6.7218,0.1081,0.1,0.0973,25.36,2/16/19,106,1.03,0.9,29.02,5.28,298.24,54.22,1.14
F0103,WS09,8/31/18,11/2/18,63,6.6217,6.8015,0.1798,0.1,0.1618,26.68,2/16/19,106,1.03,0.9,30.53,5.55,188.67,34.3,1.14
F0104,WS09,8/31/18,11/2/18,63,6.4509,6.5898,0.1389,0.1,0.125,32.5,2/16/19,106,1.03,0.9,37.18,6.76,297.43,54.08,1.14
F0105,HNCR,8/31/18,11/2/18,63,6.5258,6.6598,0.134,0.1,0.1206,30.24,2/16/19,106,1.03,0.9,34.6,6.29,286.93,52.17,1.14
F0106,HNCR,8/31/18,11/2/18,63,6.4856,6.5758,0.0902,0.1,0.0812,12.74,2/23/19,113,1.03,0.9,14.61,2.66,179.94,32.72,1.15
F0107,HNCR,8/31/18,11/2/18,63,NA,,,,,,,,,,,,,,
F0108,HNCR,8/31/18,11/2/18,63,6.3886,6.5093,0.1207,0.1,0.1086,17.45,2/23/19,113,1.03,0.9,20.01,3.64,184.2,33.49,1.15
F0109,WS55,8/31/18,11/2/18,63,6.4885,6.6811,0.1926,0.1,0.1733,20.37,2/23/19,113,1.03,0.9,23.35,4.25,134.72,24.49,1.15
F0110,WS55,8/31/18,11/2/18,63,NA,,,,,,,,,,,,,,
F0111,WS55,8/31/18,11/2/18,63,6.4734,6.6598,0.1864,0.1,0.1678,6.62,2/23/19,113,1.03,0.9,7.59,1.38,45.23,8.22,1.15
F0112,WS55,8/31/18,11/2/18,63,6.6448,6.7566,0.1118,0.1,0.1006,6.76,2/23/19,113,1.03,0.9,7.75,1.41,76.98,14,1.15
F0113,TOWR,8/31/18,11/2/18,63,6.4801,6.8004,0.3203,0.1,0.2883,16.95,2/16/19,106,1.03,0.9,19.39,3.53,67.28,12.23,1.14
F0114,TOWR,8/31/18,11/2/18,63,6.6224,6.8906,0.2682,0.1,0.2414,24.34,2/16/19,106,1.03,0.9,27.85,5.06,115.39,20.98,1.14
F0115,TOWR,8/31/18,11/2/18,63,6.4958,6.6636,0.1678,0.1,0.151,13.39,2/16/19,106,1.03,0.9,15.32,2.79,101.43,18.44,1.14
F0116,TOWR,8/31/18,11/2/18,63,NA,,,,,,,,,,,,,,
F0117,WS17,8/31/18,11/2/18,63,NA,,,,,,,,,,,,,,
F0118,WS17,8/31/18,11/2/18,63,6.3775,6.462,0.0845,0.1,0.076,9.02,2/23/19,113,1.03,0.9,10.34,1.88,135.94,24.72,1.15
F0119,WS17,8/31/18,11/2/18,63,6.5297,6.6367,0.107,0.1,0.0963,12.21,2/23/19,113,1.03,0.9,14,2.54,145.33,26.42,1.15
F0120,WS17,8/31/18,11/2/18,63,6.4964,6.6634,0.167,0.1,0.1503,16,2/23/19,113,1.03,0.9,18.34,3.33,122.03,22.19,1.15
F0121,WS37,8/31/18,11/2/18,63,6.5667,6.7084,0.1417,0.1,0.1275,40.66,2/16/19,106,1.03,0.9,46.52,8.46,364.78,66.32,1.14
F0122,WS37,8/31/18,11/2/18,63,6.4836,6.6464,0.1628,0.1,0.1465,13.54,2/23/19,113,1.03,0.9,15.52,2.82,105.95,19.26,1.15
F0123,WS37,8/31/18,11/2/18,63,NA,,,,,,,,,,,,,,
F0124,WS37,8/31/18,11/2/18,63,6.5419,6.6841,0.1422,0.1,0.128,36.69,2/16/19,106,1.03,0.9,41.98,7.63,327.99,59.63,1.14
F0125,WS34,8/31/18,11/2/18,63,6.5521,6.7375,0.1854,0.1,0.1669,13.73,2/23/19,113,1.03,0.9,15.74,2.86,94.31,17.15,1.15
F0126,WS34,8/31/18,11/2/18,63,6.4703,6.6336,0.1633,0.1,0.147,23.32,2/16/19,106,1.03,0.9,26.68,4.85,181.55,33.01,1.14
F0127,WS34,8/31/18,11/2/18,63,NA,,,,,,,,,,,,,,
F0128,WS34,8/31/18,11/2/18,63,6.4665,6.572,0.1055,0.1,0.095,5.31,2/23/19,113,1.03,0.9,6.09,1.11,64.17,11.67,1.15
F0129,LCCR,8/31/18,11/2/18,63,6.5283,6.6656,0.1373,0.1,0.1236,16.24,2/23/19,113,1.03,0.9,18.62,3.39,150.69,27.4,1.15
F0130,LCCR,8/31/18,11/2/18,63,NA,,,,,,,,,,,,,,
F0131,LCCR,8/31/18,11/2/18,63,6.5815,6.7279,0.1464,0.1,0.1318,8.26,2/23/19,113,1.03,0.9,9.47,1.72,71.89,13.07,1.15
F0132,LCCR,8/31/18,11/2/18,63,6.4998,6.6212,0.1214,0.1,0.1093,11.88,2/23/19,113,1.03,0.9,13.61,2.48,124.61,22.66,1.15
F0133,USHF,8/31/18,11/2/18,63,6.447,6.6095,0.1625,0.1,0.1463,28.29,2/23/19,113,1.03,0.9,32.44,5.9,221.79,40.33,1.15
F0134,USHF,8/31/18,11/2/18,63,6.5921,6.7044,0.1123,0.1,0.1011,23.35,2/23/19,113,1.03,0.9,26.77,4.87,264.84,48.15,1.15
F0135,USHF,8/31/18,11/2/18,63,NA,,,,,,,,,,,,,,
F0136,USHF,8/31/18,11/2/18,63,6.5102,6.6219,0.1117,0.1,0.1005,21.08,2/23/19,113,1.03,0.9,24.17,4.39,240.42,43.71,1.15
F0193,LCCR,9/28/18,12/5/18,68,8.3341,8.4885,0.1544,0.1,0.139,11.93,2/23/19,80,1.02,0.9,13.55,2.46,97.54,17.74,1.14
F0194,LCCR,9/28/18,12/5/18,68,NA,,,,,,,,,,,,,,
F0195,LCCR,9/28/18,12/5/18,68,8.4115,8.485,0.0735,0.1,0.0661,9.21,2/23/19,80,1.02,0.9,10.47,1.9,158.23,28.77,1.14
F0196,LCCR,9/28/18,12/5/18,68,8.308,8.4819,0.1739,0.1,0.1565,16.23,2/23/19,80,1.02,0.9,18.44,3.35,117.79,21.42,1.14
F0197,WS55,9/28/18,12/5/18,68,NA,,,,,,,,,,,,,,
F0198,WS55,9/28/18,12/5/18,68,8.3483,8.4454,0.0971,0.1,0.0874,6.37,2/23/19,80,1.02,0.9,7.23,1.32,82.78,15.05,1.14
F0199,WS55,9/28/18,12/5/18,68,8.2428,8.3243,0.0815,0.1,0.0733,3.24,3/14/19,99,1.03,0.9,3.7,0.67,50.48,9.18,1.14
F0200,WS55,9/28/18,12/5/18,68,8.3283,8.4107,0.0824,0.1,0.0742,3.09,3/14/19,99,1.03,0.9,3.53,0.64,47.58,8.65,1.14
F0201,WS37,9/28/18,12/5/18,68,8.1513,8.3127,0.1614,0.1,0.1453,17.29,3/14/19,99,1.03,0.9,19.74,3.59,135.91,24.71,1.14
F0202,WS37,9/28/18,12/5/18,68,8.3616,8.5407,0.1791,0.1,0.1612,23.21,3/14/19,99,1.03,0.9,26.5,4.82,164.41,29.89,1.14
F0203,WS37,9/28/18,12/5/18,68,NA,,,,,,,,,,,,,,
F0204,WS37,9/28/18,12/5/18,68,8.3214,8.4999,0.1785,0.1,0.1607,16.49,3/14/19,99,1.03,0.9,18.83,3.42,117.19,21.31,1.14
F0205,USHF,9/28/18,12/5/18,68,8.252,8.324,0.072,0.1,0.0648,8.63,3/14/19,99,1.03,0.9,9.85,1.79,152.05,27.65,1.14
F0206,USHF,9/28/18,12/5/18,68,8.2067,8.344,0.1373,0.1,0.1236,14.32,3/14/19,99,1.03,0.9,16.35,2.97,132.35,24.06,1.14
F0207,USHF,9/28/18,12/5/18,68,8.2523,8.4196,0.1673,0.1,0.1506,10.25,3/14/19,99,1.03,0.9,11.7,2.13,77.72,14.13,1.14
F0208,USHF,9/28/18,12/5/18,68,NA,,,,,,,,,,,,,,
F0209,WS34,9/28/18,12/5/18,68,8.1879,8.358,0.1701,0.1,0.1531,5.93,3/14/19,99,1.03,0.9,6.78,1.23,44.26,8.05,1.14
F0210,WS34,9/28/18,12/5/18,68,8.4042,8.6185,0.2143,0.1,0.1929,9.04,3/14/19,99,1.03,0.9,10.32,1.88,53.53,9.73,1.14
F0211,WS34,9/28/18,12/5/18,68,NA,,,,,,,,,,,,,,
F0212,WS34,9/28/18,12/5/18,68,8.1091,8.2653,0.1562,0.1,0.1406,3.97,3/14/19,99,1.03,0.9,4.53,0.82,32.23,5.86,1.14
F0213,TOWR,9/28/18,12/5/18,68,8.2939,8.4295,0.1356,0.1,0.122,6.22,3/14/19,99,1.03,0.9,7.1,1.29,58.21,10.58,1.14
F0214,TOWR,9/28/18,12/5/18,68,NA,,,,,,,,,,,,,,
F0215,TOWR,9/28/18,12/5/18,68,8.1377,8.2735,0.1358,0.1,0.1222,4.53,3/14/19,99,1.03,0.9,5.17,0.94,42.28,7.69,1.14
F0216,TOWR,9/28/18,12/5/18,68,8.2708,missing/ not received,,,,,,,,,,,,,
F0217,HNCR,9/28/18,12/5/18,68,8.4254,8.5641,0.1387,0.1,0.1248,7.31,3/14/19,99,1.03,0.9,8.35,1.52,66.87,12.16,1.14
F0218,HNCR,9/28/18,12/5/18,68,8.2627,8.3293,0.0666,0.1,0.0599,4.26,3/14/19,99,1.03,0.9,4.87,0.89,81.23,14.77,1.14
F0219,HNCR,9/28/18,12/5/18,68,8.302,8.4852,0.1832,0.1,0.1649,15.68,3/14/19,99,1.03,0.9,17.91,3.26,108.62,19.75,1.14
F0220,HNCR,9/28/18,12/5/18,68,NA,,,,,,,,,,,,,,
F0221,WS17,9/28/18,12/5/18,68,NA,,,,,,,,,,,,,,
F0222,WS17,9/28/18,12/5/18,68,8.3971,8.5216,0.1245,0.1,0.112,13.02,3/14/19,99,1.03,0.9,14.87,2.7,132.67,24.12,1.14
F0223,WS17,9/28/18,12/5/18,68,8.23,8.3046,0.0746,0.1,0.0671,6.96,3/14/19,99,1.03,0.9,7.94,1.44,118.33,21.51,1.14
F0224,WS17,9/28/18,12/5/18,68,8.3778,8.5525,0.1747,0.1,0.1572,20.01,3/14/19,99,1.03,0.9,22.85,4.15,145.33,26.42,1.14
F0225,WS09,9/28/18,12/5/18,68,8.3288,8.5023,0.1735,0.1,0.1562,8.46,3/14/19,99,1.03,0.9,9.66,1.76,61.89,11.25,1.14
F0226,WS09,9/28/18,12/5/18,68,8.43,8.5907,0.1607,0.1,0.1446,10.79,3/14/19,99,1.03,0.9,12.33,2.24,85.23,15.5,1.14
F0227,WS09,9/28/18,12/5/18,68,NA,,,,,,,,,,,,,,
F0228,WS09,9/28/18,12/5/18,68,8.2089,8.3876,0.1787,0.1,0.1608,16.03,3/14/19,99,1.03,0.9,18.31,3.33,113.85,20.7,1.14
F0229,CWCR,9/28/18,12/5/18,68,NA,,,,,,,,,,,,,,
F0230,CWCR,9/28/18,12/5/18,68,8.312,8.4706,0.1586,0.1,0.1427,15.59,3/14/19,99,1.03,0.9,17.8,3.24,124.7,22.67,1.14
F0231,CWCR,9/28/18,12/5/18,68,8.2585,8.4311,0.1726,0.1,0.1553,16.02,3/14/19,99,1.03,0.9,18.29,3.33,117.75,21.41,1.14
F0232,CWCR,9/28/18,12/5/18,68,8.2074,8.4038,0.1964,0.1,0.1768,17.48,3/18/19,103,1.03,0.9,19.99,3.63,113.07,20.56,1.14
F0289,WS34,11/2/18,1/7/19,66,6.4344,6.5898,0.1554,0.1,0.1399,not extracted,,,,,,,,,
F0290,WS34,11/2/18,1/7/19,66,NA,,,,,,,,,,,,,,
F0291,WS34,11/2/18,1/7/19,66,6.3943,6.5051,0.1108,0.1,0.0997,not extracted,,,,,,,,,
F0292,WS34,11/2/18,1/7/19,66,6.4616,6.571,0.1094,0.1,0.0985,4.61,5/28/19,141,1.04,0.9,5.33,0.97,54.14,9.84,1.16
F0293,WS09,11/2/18,1/7/19,66,6.3423,6.4716,0.1293,0.1,0.1164,6.25,3/26/19,78,1.02,0.9,7.09,1.29,60.96,11.08,1.14
F0294,WS09,11/2/18,1/7/19,66,NA,,,,,,,,,,,,,,
F0295,WS09,11/2/18,1/7/19,66,6.46,6.594,0.134,0.1,0.1206,14.72,4/23/19,106,1.03,0.9,16.85,3.06,139.7,25.4,1.14
F0296,WS09,11/2/18,1/7/19,66,6.3627,6.5017,0.139,0.1,0.1251,not extracted,,,,,,,,,
F0297,WS55,11/2/18,1/7/19,66,NA,,,,,,,,,,,,,,
F0298,WS55,11/2/18,1/7/19,66,6.3781,6.5552,0.1771,0.1,0.1594,not extracted,,,,,,,,,
F0299,WS55,11/2/18,1/7/19,66,6.3785,6.4725,0.094,0.1,0.0846,3.91,5/28/19,141,1.04,0.9,4.52,0.82,53.42,9.71,1.16
F0300,WS55,11/2/18,1/7/19,66,6.5023,6.6781,0.1758,0.1,0.1582,1.4,3/26/19,78,1.02,0.9,1.59,0.29,10.07,1.83,1.14
F0301,WS17,11/2/18,1/7/19,66,6.0931,missing/ not received,,,,,,,,,,,,,
F0302,WS17,11/2/18,1/7/19,66,6.3305,6.4962,0.1657,0.1,0.1491,17.89,5/28/19,141,1.04,0.9,20.67,3.76,138.6,25.2,1.16
F0303,WS17,11/2/18,1/7/19,66,6.3844,6.483,0.0986,0.1,0.0887,14.61,5/28/19,141,1.04,0.9,16.89,3.07,190.27,34.6,1.16
F0304,WS17,11/2/18,1/7/19,66,NA,,,,,,,,,,,,,,
F0305,USHF,11/2/18,1/7/19,66,6.4828,6.6229,0.1401,0.1,0.1261,14.36,5/28/19,141,1.04,0.9,16.59,3.02,131.56,23.92,1.16
F0306,USHF,11/2/18,1/7/19,66,NA,,,,,,,,,,,,,,
F0307,USHF,11/2/18,1/7/19,66,6.4075,missing/ not received,,,,,,,,,,,,,
F0308,USHF,11/2/18,1/7/19,66,6.3791,missing/ not received,,,,,,,,,,,,,
F0309,HNCR,11/2/18,1/7/19,66,6.3955,6.5857,0.1902,0.1,0.1712,3.68,3/26/19,78,1.02,0.9,4.18,0.76,24.39,4.43,1.14
F0310,HNCR,11/2/18,1/7/19,66,6.3747,6.5161,0.1414,0.1,0.1273,3.06,3/26/19,78,1.02,0.9,3.48,0.63,27.31,4.97,1.14
F0311,HNCR,11/2/18,1/7/19,66,NA,,,,,,,,,,,,,,
F0312,HNCR,11/2/18,1/7/19,66,6.4076,6.5139,0.1063,0.1,0.0957,10.54,5/28/19,141,1.04,0.9,12.18,2.21,127.32,23.15,1.16
F0313,WS37,11/2/18,1/7/19,66,NA,,,,,,,,,,,,,,
F0314,WS37,11/2/18,1/7/19,66,6.4343,6.5619,0.1276,0.1,0.1148,not extracted,,,,,,,,,
F0315,WS37,11/2/18,1/7/19,66,6.4533,6.5943,0.141,0.1,0.1269,not extracted,,,,,,,,,
F0316,WS37,11/2/18,1/7/19,66,6.3614,6.4943,0.1329,0.1,0.1196,not extracted,,,,,,,,,
F0317,LCCR,11/2/18,1/7/19,66,NA,,,,,,,,,,,,,,
F0318,LCCR,11/2/18,1/7/19,66,6.3772,6.4973,0.1201,0.1,0.1081,9.91,5/28/19,141,1.04,0.9,11.45,2.08,105.92,19.26,1.16
F0319,LCCR,11/2/18,1/7/19,66,6.3885,6.4853,0.0968,0.1,0.0871,2.78,3/26/19,78,1.02,0.9,3.16,0.57,36.27,6.59,1.14
F0320,LCCR,11/2/18,1/7/19,66,6.3705,6.4713,0.1008,0.1,0.0907,6.02,5/28/19,141,1.04,0.9,6.95,1.26,76.63,13.93,1.16
F0321,CWCR,11/2/18,1/7/19,66,6.2885,6.4566,0.1681,0.1,0.1513,15.15,5/22/19,135,1.04,0.9,17.47,3.18,115.5,21,1.15
F0322,CWCR,11/2/18,1/7/19,66,6.4187,missing/ not received,,,,,,,,,,,,,
F0323,CWCR,11/2/18,1/7/19,66,6.4776,6.6086,0.131,0.1,0.1179,19.9,5/22/19,135,1.04,0.9,22.96,4.17,194.74,35.41,1.15
F0324,CWCR,11/2/18,1/7/19,66,NA,,,,,,,,,,,,,,
F0325,TOWR,11/2/18,1/7/19,66,6.4208,6.5912,0.1704,0.1,0.1534,6.02,5/22/19,135,1.04,0.9,6.95,1.26,45.31,8.24,1.15
F0326,TOWR,11/2/18,1/7/19,66,6.404,6.5574,0.1534,0.1,0.1381,6.87,4/23/19,106,1.03,0.9,7.86,1.43,56.91,10.35,1.14
F0327,TOWR,11/2/18,1/7/19,66,NA,,,,,,,,,,,,,,
F0328,TOWR,11/2/18,1/7/19,66,6.4748,6.6401,0.1653,0.1,0.1488,6.84,5/22/19,135,1.04,0.9,7.88,1.43,53,9.64,1.15
F0001,USHF,12/5/18,2/6/19,63,8.1474,8.2462,0.0988,0.1,0.0889,13.15,4/23/19,76,1.02,0.9,14.92,2.71,167.81,30.51,1.13
F0002,USHF,12/5/18,2/6/19,63,8.0261,missing/ not received,,,,,,,,,,,,,
F0003,USHF,12/5/18,2/6/19,63,8.1758,8.3059,0.1301,0.1,0.1171,21.57,4/23/19,76,1.02,0.9,24.48,4.45,209.04,38.01,1.13
F0004,USHF,12/5/18,2/6/19,63,NA,,,,,,,,,,,,,,
F0005,CWCR,12/5/18,2/6/19,63,NA,,,,,,,,,,,,,,
F0006,CWCR,12/5/18,2/6/19,63,8.2516,8.4185,0.1669,0.1,0.1502,16.34,4/23/19,76,1.02,0.9,18.54,3.37,123.43,22.44,1.13
F0007,CWCR,12/5/18,2/6/19,63,8.2251,8.3161,0.091,0.1,0.0819,6.1,4/19/19,72,1.02,0.9,6.91,1.26,84.37,15.34,1.13
F0008,CWCR,12/5/18,2/6/19,63,8.2328,8.3252,0.0924,0.1,0.0832,7.49,4/23/19,76,1.02,0.9,8.5,1.55,102.26,18.59,1.13
F0009,WS34,12/5/18,2/6/19,63,8.3128,8.3793,0.0665,0.1,0.0599,4.07,4/19/19,72,1.02,0.9,4.61,0.84,77.1,14.02,1.13
F0010,WS34,12/5/18,2/6/19,63,8.0959,8.2181,0.1222,0.1,0.11,17.59,6/3/19,117,1.03,0.9,20.18,3.67,183.52,33.37,1.15
F0011,WS34,12/5/18,2/6/19,63,NA,,,,,,,,,,,,,,
F0012,WS34,12/5/18,2/6/19,63,8.0417,8.1476,0.1059,0.1,0.0953,6.76,4/23/19,76,1.02,0.9,7.67,1.39,80.44,14.63,1.13
F0013,TOWR,12/5/18,2/6/19,63,8.2918,8.4325,0.1407,0.1,0.1266,8.51,4/23/19,76,1.02,0.9,9.66,1.76,76.3,13.87,1.13
F0014,TOWR,12/5/18,2/6/19,63,NA,,,,,,,,,,,,,,
F0015,TOWR,12/5/18,2/6/19,63,8.2907,8.4053,0.1146,0.1,0.1031,4.63,6/3/19,117,1.03,0.9,5.31,0.97,51.48,9.36,1.15
F0016,TOWR,12/5/18,2/6/19,63,8.2067,8.3268,0.1201,0.1,0.1081,7.62,4/23/19,76,1.02,0.9,8.65,1.57,80.02,14.55,1.13
F0017,LCCR,12/5/18,2/6/19,63,NA,,,,,,,,,,,,,,
F0018,LCCR,12/5/18,2/6/19,63,8.2329,8.2988,0.0659,0.1,0.0593,7.29,6/3/19,117,1.03,0.9,8.36,1.52,141,25.64,1.15
F0019,LCCR,12/5/18,2/6/19,63,8.2679,8.3584,0.0905,0.1,0.0815,11.86,4/23/19,76,1.02,0.9,13.46,2.45,165.24,30.04,1.13
F0020,LCCR,12/5/18,2/6/19,63,8.1391,8.2411,0.102,0.1,0.0918,10.12,4/23/19,76,1.02,0.9,11.48,2.09,125.1,22.75,1.13
F0021,WS17,12/5/18,2/6/19,63,8.0449,8.2214,0.1765,0.1,0.1588,10.19,4/23/19,76,1.02,0.9,11.57,2.1,72.81,13.24,1.13
F0022,WS17,12/5/18,2/6/19,63,8.1935,8.2895,0.096,0.1,0.0864,6.02,6/3/19,117,1.03,0.9,6.91,1.26,79.95,14.54,1.15
F0023,WS17,12/5/18,2/6/19,63,8.0638,8.1459,0.0821,0.1,0.0739,6.84,6/3/19,117,1.03,0.9,7.85,1.43,106.21,19.31,1.15
F0024,WS17,12/5/18,2/6/19,63,NA,,,,,,,,,,,,,,
F0025,WS09,12/5/18,2/6/19,63,8.2219,missing/ not received,,,,,,,,,,,,,
F0026,WS09,12/5/18,2/6/19,63,NA,,,,,,,,,,,,,,
F0027,WS09,12/5/18,2/6/19,63,8.3776,missing/ not received,,,,,,,,,,,,,
F0028,WS09,12/5/18,2/6/19,63,8.106,missing/ not received,,,,,,,,,,,,,
F0029,WS55,12/5/18,2/6/19,63,8.1398,8.272,0.1322,0.1,0.119,4.03,4/23/19,76,1.02,0.9,4.57,0.83,38.43,6.99,1.13
F0030,WS55,12/5/18,2/6/19,63,8.1057,8.2137,0.108,0.1,0.0972,6.16,4/23/19,76,1.02,0.9,6.99,1.27,71.89,13.07,1.13
F0031,WS55,12/5/18,2/6/19,63,NA,,,,,,,,,,,,,,
F0032,WS55,12/5/18,2/6/19,63,8.0631,8.2058,0.1427,0.1,0.1284,6.38,4/23/19,76,1.02,0.9,7.24,1.32,56.4,10.25,1.13
F0033,HNCR,12/5/18,2/6/19,63,8.2291,8.3728,0.1437,0.1,0.1293,18.32,6/3/19,117,1.03,0.9,21.03,3.82,162.57,29.56,1.15
F0034,HNCR,12/5/18,2/6/19,63,8.1251,8.237,0.1119,0.1,0.1007,6.79,4/23/19,76,1.02,0.9,7.71,1.4,76.52,13.91,1.13
F0035,HNCR,12/5/18,2/6/19,63,NA,,,,,,,,,,,,,,
F0036,HNCR,12/5/18,2/6/19,63,8.2153,8.3306,0.1153,0.1,0.1038,15.92,4/23/19,76,1.02,0.9,18.07,3.29,174.12,31.66,1.13
F0037,WS37,12/5/18,2/6/19,63,8.0748,8.1786,0.1038,0.1,0.0934,10.31,6/3/19,117,1.03,0.9,11.83,2.15,126.63,23.02,1.15
F0038,WS37,12/5/18,2/6/19,63,8.2245,8.3253,0.1008,0.1,0.0907,9.34,4/23/19,76,1.02,0.9,10.59,1.93,116.77,21.23,1.13
F0039,WS37,12/5/18,2/6/19,63,NA,,,,,,,,,,,,,,
F0040,WS37,12/5/18,2/6/19,63,8.2238,8.3382,0.1144,0.1,0.103,9.79,6/3/19,117,1.03,0.9,11.24,2.04,109.14,19.84,1.15
F0097,WS37,1/7/19,3/6/19,58,8.3004,8.4583,0.1579,0.1,0.1421,12.64,7/9/19,125,1.04,0.9,14.54,2.64,102.3,18.6,1.15
F0098,WS37,1/7/19,3/6/19,58,8.3017,8.4768,0.1751,0.1,0.1576,20.76,7/9/19,125,1.04,0.9,23.88,4.34,151.52,27.55,1.15
F0099,WS37,1/7/19,3/6/19,58,NA,,,,,,,,,,,,,,
F0100,WS37,1/7/19,3/6/19,58,8.1336,8.2844,0.1508,0.1,0.1357,13.64,7/9/19,125,1.04,0.9,15.69,2.85,115.57,21.01,1.15
F0101,WS34,1/7/19,3/6/19,58,8.2701,8.3902,0.1201,0.1,0.1081,10.06,7/9/19,125,1.04,0.9,11.57,2.1,107.02,19.46,1.15
F0102,WS34,1/7/19,3/6/19,58,NA,,,,,,,,,,,,,,
F0103,WS34,1/7/19,3/6/19,58,8.2438,8.403,0.1592,0.1,0.1433,17.53,7/9/19,125,1.04,0.9,20.16,3.67,140.74,25.59,1.15
F0104,WS34,1/7/19,3/6/19,58,7.9838,8.1276,0.1438,0.1,0.1294,12.96,7/10/19,126,1.04,0.9,14.92,2.71,115.25,20.95,1.15
F0105,LCCR,1/7/19,3/6/19,58,8.1341,8.3454,0.2113,0.1,0.1902,14.63,7/9/19,125,1.04,0.9,16.83,3.06,88.49,16.09,1.15
F0106,LCCR,1/7/19,3/6/19,58,8.1174,8.213,0.0956,0.1,0.086,9.67,7/9/19,125,1.04,0.9,11.12,2.02,129.29,23.51,1.15
F0107,LCCR,1/7/19,3/6/19,58,8.0924,8.2439,0.1515,0.1,0.1364,11.2,7/9/19,125,1.04,0.9,12.88,2.34,94.5,17.18,1.15
F0108,LCCR,1/7/19,3/6/19,58,NA,,,,,,,,,,,,,,
F0109,USHF,1/7/19,3/6/19,58,NA,,,,,,,,,,,,,,
F0110,USHF,1/7/19,3/6/19,58,7.9762,8.1213,0.1451,0.1,0.1306,18.84,7/9/19,125,1.04,0.9,21.67,3.94,165.94,30.17,1.15
F0111,USHF,1/7/19,3/6/19,58,8.1715,8.28,0.1085,0.1,0.0976,19.77,7/10/19,126,1.04,0.9,22.74,4.14,232.91,42.35,1.15
F0112,USHF,1/7/19,3/6/19,58,8.1014,8.2174,0.116,0.1,0.1044,19.36,7/10/19,126,1.04,0.9,22.27,4.05,213.36,38.79,1.15
F0113,HNCR,1/7/19,3/6/19,58,8.1811,8.288,0.1069,0.1,0.0962,17.49,7/10/19,126,1.04,0.9,20.13,3.66,209.21,38.04,1.15
F0114,HNCR,1/7/19,3/6/19,58,8.1615,8.28,0.1185,0.1,0.1066,13.38,7/10/19,126,1.04,0.9,15.39,2.8,144.32,26.24,1.15
F0115,HNCR,1/7/19,3/6/19,58,NA,,,,,,,,,,,,,,
F0116,HNCR,1/7/19,3/6/19,58,8.1665,8.3046,0.1381,0.1,0.1243,23.48,7/10/19,126,1.04,0.9,27.01,4.91,217.35,39.52,1.15
F0117,WS17,1/7/19,3/6/19,58,8.0867,8.1615,0.0748,0.1,0.0673,10.57,7/10/19,126,1.04,0.9,12.16,2.21,180.58,32.83,1.15
F0118,WS17,1/7/19,3/6/19,58,8.2005,8.3431,0.1426,0.1,0.1283,13.24,7/10/19,126,1.04,0.9,15.24,2.77,118.71,21.58,1.15
F0119,WS17,1/7/19,3/6/19,58,NA,,,,,,,,,,,,,,
F0120,WS17,1/7/19,3/6/19,58,8.2642,8.3953,0.1311,0.1,0.118,21.4,7/10/19,126,1.04,0.9,24.62,4.48,208.64,37.93,1.15
F0121,CWCR,1/7/19,3/6/19,58,8.1495,8.2561,0.1066,0.1,0.0959,18.63,7/10/19,126,1.04,0.9,21.44,3.9,223.45,40.63,1.15
F0122,CWCR,1/7/19,3/6/19,58,8.0105,8.1356,0.1251,0.1,0.1126,18.98,7/10/19,126,1.04,0.9,21.84,3.97,193.95,35.26,1.15
F0123,CWCR,1/7/19,3/6/19,58,NA,,,,,,,,,,,,,,
F0124,CWCR,1/7/19,3/6/19,58,8.2217,8.3341,0.1124,0.1,0.1012,18.82,7/10/19,126,1.04,0.9,21.65,3.94,214.02,38.91,1.15
F0125,WS09,1/7/19,3/6/19,58,8.0609,8.1895,0.1286,0.1,0.1157,15.22,7/13/19,129,1.04,0.9,17.53,3.19,151.44,27.53,1.15
F0126,WS09,1/7/19,3/6/19,58,NA,,,,,,,,,,,,,,
F0127,WS09,1/7/19,3/6/19,58,8.0574,8.2022,0.1448,0.1,0.1303,14.69,7/13/19,129,1.04,0.9,16.92,3.08,129.81,23.6,1.15
F0128,WS09,1/7/19,3/6/19,58,8.0619,8.1864,0.1245,0.1,0.1121,16.56,7/13/19,129,1.04,0.9,19.07,3.47,170.22,30.95,1.15
F0129,TOWR,1/7/19,3/6/19,58,NA,,,,,,,,,,,,,,
F0130,TOWR,1/7/19,3/6/19,58,8.0462,8.173,0.1268,0.1,0.1141,6.24,7/13/19,129,1.04,0.9,7.18,1.31,62.96,11.45,1.15
F0131,TOWR,1/7/19,3/6/19,58,8.0311,8.1473,0.1162,0.1,0.1046,2.68,7/13/19,129,1.04,0.9,3.09,0.56,29.54,5.37,1.15
F0132,TOWR,1/7/19,3/6/19,58,8.045,8.1397,0.0947,0.1,0.0852,4.13,7/13/19,129,1.04,0.9,4.75,0.86,55.76,10.14,1.15
F0133,WS55,1/7/19,3/6/19,58,NA,,,,,,,,,,,,,,
F0134,WS55,1/7/19,3/6/19,58,8.1718,8.2371,0.0653,0.1,0.0588,3.21,7/13/19,129,1.04,0.9,3.69,0.67,62.81,11.42,1.15
F0135,WS55,1/7/19,3/6/19,58,8.1886,8.3167,0.1281,0.1,0.1153,5.35,7/13/19,129,1.04,0.9,6.16,1.12,53.4,9.71,1.15
F0136,WS55,1/7/19,3/6/19,58,8.3312,8.4706,0.1394,0.1,0.1255,6.01,7/13/19,129,1.04,0.9,6.92,1.26,55.17,10.03,1.15
F0193,WS37,2/6/19,4/3/19,56,8.0441,8.2181,0.174,0.1,0.1566,not extracted,,,,,,,,,
F0194,WS37,2/6/19,4/3/19,56,NA,,,,,,,,,,,,,,
F0195,WS37,2/6/19,4/3/19,56,8.12,8.2409,0.1209,0.1,0.1088,not extracted,,,,,,,,,
F0196,WS37,2/6/19,4/3/19,56,8.3263,8.5101,0.1838,0.1,0.1654,not extracted,,,,,,,,,
F0197,USHF,2/6/19,4/3/19,56,NA,,,,,,,,,,,,,,
F0198,USHF,2/6/19,4/3/19,56,8.0844,8.2442,0.1598,0.1,0.1438,not extracted,,,,,,,,,
F0199,USHF,2/6/19,4/3/19,56,8.4022,8.5208,0.1186,0.1,0.1067,not extracted,,,,,,,,,
F0200,USHF,2/6/19,4/3/19,56,8.1725,missing/ not received,,,,,,,,,,,,,
F0201,WS34,2/6/19,4/3/19,56,8.2583,8.382,0.1237,0.1,0.1113,not extracted,,,,,,,,,
F0202,WS34,2/6/19,4/3/19,56,8.1414,8.3536,0.2122,0.1,0.191,not extracted,,,,,,,,,
F0203,WS34,2/6/19,4/3/19,56,8.2344,8.4007,0.1663,0.1,0.1497,not extracted,,,,,,,,,
F0204,WS34,2/6/19,4/3/19,56,NA,,,,,,,,,,,,,,
F0205,WS55,2/6/19,4/3/19,56,8.2059,8.3436,0.1377,0.1,0.1239,not extracted,,,,,,,,,
F0206,WS55,2/6/19,4/3/19,56,8.1481,8.2886,0.1405,0.1,0.1265,not extracted,,,,,,,,,
F0207,WS55,2/6/19,4/3/19,56,NA,,,,,,,,,,,,,,
F0208,WS55,2/6/19,4/3/19,56,8.0616,8.1795,0.1179,0.1,0.1061,not extracted,,,,,,,,,
F0209,WS17,2/6/19,4/3/19,56,NA,,,,,,,,,,,,,,
F0210,WS17,2/6/19,4/3/19,56,8.0936,8.2343,0.1407,0.1,0.1266,not extracted,,,,,,,,,
F0211,WS17,2/6/19,4/3/19,56,8.0551,8.1946,0.1395,0.1,0.1256,not extracted,,,,,,,,,
F0212,WS17,2/6/19,4/3/19,56,8.2257,8.3904,0.1647,0.1,0.1482,not extracted,,,,,,,,,
F0213,LCCR,2/6/19,4/3/19,56,8.1769,8.3031,0.1262,0.1,0.1136,not extracted,,,,,,,,,
F0214,LCCR,2/6/19,4/3/19,56,8.0541,8.1836,0.1295,0.1,0.1166,not extracted,,,,,,,,,
F0215,LCCR,2/6/19,4/3/19,56,NA,,,,,,,,,,,,,,
F0216,LCCR,2/6/19,4/3/19,56,8.1711,8.3291,0.158,0.1,0.1422,not extracted,,,,,,,,,
F0217,WS05,2/6/19,4/3/19,56,NA,,,,,,,,,,,,,,
F0218,WS05,2/6/19,4/3/19,56,8.1879,8.3797,0.1918,0.1,0.1726,14.43,6/27/19,85,1.02,0.9,16.41,2.98,95.08,17.29,1.14
F0219,WS05,2/6/19,4/3/19,56,8.14,8.2951,0.1551,0.1,0.1396,12,6/27/19,85,1.02,0.9,13.65,2.48,97.78,17.78,1.14
F0220,WS05,2/6/19,4/3/19,56,8.1597,8.3225,0.1628,0.1,0.1465,21.32,6/27/19,85,1.02,0.9,24.25,4.41,165.54,30.1,1.14
F0221,HNCR,2/6/19,4/3/19,56,8.0253,8.2041,0.1788,0.1,0.1609,18.81,7/3/19,91,1.03,0.9,21.43,3.9,133.19,24.22,1.14
F0222,HNCR,2/6/19,4/3/19,56,8.313,8.4815,0.1685,0.1,0.1517,19.75,7/3/19,91,1.03,0.9,22.5,4.09,148.37,26.98,1.14
F0223,HNCR,2/6/19,4/3/19,56,NA,,,,,,,,,,,,,,
F0224,HNCR,2/6/19,4/3/19,56,8.2197,8.3708,0.1511,0.1,0.136,22.14,7/3/19,91,1.03,0.9,25.23,4.59,185.52,33.73,1.14
F0225,CWCR,2/6/19,4/3/19,56,8.0967,8.2057,0.109,0.1,0.0981,9.35,6/27/19,85,1.02,0.9,10.64,1.93,108.44,19.72,1.14
F0226,CWCR,2/6/19,4/3/19,56,NA,,,,,,,,,,,,,,
F0227,CWCR,2/6/19,4/3/19,56,8.1824,8.2907,0.1083,0.1,0.0975,9.01,6/27/19,85,1.02,0.9,10.25,1.86,105.13,19.11,1.14
F0228,CWCR,2/6/19,4/3/19,56,8.0868,8.1682,0.0814,0.1,0.0733,8.66,7/3/19,91,1.03,0.9,9.86,1.79,134.65,24.48,1.14
F0229,WS09,2/6/19,4/3/19,56,8.2332,8.396,0.1628,0.1,0.1465,22.78,6/27/19,85,1.02,0.9,25.92,4.71,176.9,32.16,1.14
F0230,WS09,2/6/19,4/3/19,56,8.0742,8.2307,0.1565,0.1,0.1409,19.24,6/27/19,85,1.02,0.9,21.89,3.98,155.38,28.25,1.14
F0231,WS09,2/6/19,4/3/19,56,8.1697,8.3353,0.1656,0.1,0.149,27.43,6/27/19,85,1.02,0.9,31.2,5.67,209.34,38.06,1.14
F0232,WS09,2/6/19,4/3/19,56,NA,,,,,,,,,,,,,,
F0289,WS09,3/6/19,5/8/19,63,8.1899,8.3678,0.1779,0.1,0.1601,47.42,6/25/19,48,1.01,0.9,53.4,9.71,333.51,60.64,1.13
F0290,WS09,3/6/19,5/8/19,63,8.0837,8.1392,0.0555,0.1,0.05,14.91,6/24/19,47,1.01,0.9,16.79,3.05,336.1,61.11,1.13
F0291,WS09,3/6/19,5/8/19,63,8.0222,8.1087,0.0865,0.1,0.0779,27.01,6/25/19,48,1.01,0.9,30.42,5.53,390.72,71.04,1.13
F0292,WS09,3/6/19,5/8/19,63,NA,,,,,,,,,,,,,,
F0293,WS37,3/6/19,5/8/19,63,8.1284,8.2774,0.149,0.1,0.1341,34,6/24/19,47,1.01,0.9,38.27,6.96,285.37,51.89,1.13
F0294,WS37,3/6/19,5/8/19,63,NA,,,,,,,,,,,,,,
F0295,WS37,3/6/19,5/8/19,63,8.1394,8.2998,0.1604,0.1,0.1444,29.58,6/24/19,47,1.01,0.9,33.29,6.05,230.63,41.93,1.13
F0296,WS37,3/6/19,5/8/19,63,8.1515,8.3015,0.15,0.1,0.135,15.32,6/25/19,48,1.01,0.9,17.25,3.14,127.75,23.23,1.13
F0297,CWCR,3/6/19,5/8/19,63,NA,,,,,,,,,,,,,,
F0298,CWCR,3/6/19,5/8/19,63,8.1764,8.2893,0.1129,0.1,0.1016,31.38,6/24/19,47,1.01,0.9,35.32,6.42,347.62,63.2,1.13
F0299,CWCR,3/6/19,5/8/19,63,8.1609,8.2456,0.0847,0.1,0.0762,16.66,6/25/19,48,1.01,0.9,18.75,3.41,246.03,44.73,1.13
F0300,CWCR,3/6/19,5/8/19,63,8.2434,8.3717,0.1283,0.1,0.1155,28.52,6/24/19,47,1.01,0.9,32.1,5.84,278.01,50.55,1.13
F0301,WS05,3/6/19,5/8/19,63,8.1926,8.3248,0.1322,0.1,0.119,12.35,6/25/19,48,1.01,0.9,13.9,2.53,116.86,21.25,1.13
F0302,WS05,3/6/19,5/8/19,63,8.2334,8.3918,0.1584,0.1,0.1426,20.42,6/27/19,50,1.01,0.9,23,4.18,161.35,29.34,1.13
F0303,WS05,3/6/19,5/8/19,63,NA,,,,,,,,,,,,,,
F0304,WS05,3/6/19,5/8/19,63,8.222,8.3446,0.1226,0.1,0.1103,12.46,6/25/19,48,1.01,0.9,14.03,2.55,127.19,23.13,1.13
F0305,WS34,3/6/19,5/8/19,63,NA,,,,,,,,,,,,,,
F0306,WS34,3/6/19,5/8/19,63,8.101,8.2382,0.1372,0.1,0.1235,21.07,6/25/19,48,1.01,0.9,23.73,4.31,192.15,34.94,1.13
F0307,WS34,3/6/19,5/8/19,63,8.02,8.202,0.182,0.1,0.1638,50.85,6/24/19,47,1.01,0.9,57.24,10.41,349.47,63.54,1.13
F0308,WS34,3/6/19,5/8/19,63,8.2366,8.3976,0.161,0.1,0.1449,45.93,6/25/19,48,1.01,0.9,51.72,9.4,356.92,64.89,1.13
F0309,LCCR,3/6/19,5/8/19,63,8.2509,8.4029,0.152,0.1,0.1368,19.77,6/24/19,47,1.01,0.9,22.26,4.05,162.69,29.58,1.13
F0310,LCCR,3/6/19,5/8/19,63,8.1902,8.3326,0.1424,0.1,0.1282,12.4,6/25/19,48,1.01,0.9,13.96,2.54,108.91,19.8,1.13
F0311,LCCR,3/6/19,5/8/19,63,NA,,,,,,,,,,,,,,
F0312,LCCR,3/6/19,5/8/19,63,8.1558,8.3144,0.1586,0.1,0.1427,18.52,6/27/19,50,1.01,0.9,20.87,3.79,146.18,26.58,1.13
F0313,HNCR,3/6/19,5/8/19,63,8.0655,8.2386,0.1731,0.1,0.1558,20.79,6/24/19,47,1.01,0.9,23.4,4.25,150.21,27.31,1.13
F0314,HNCR,3/6/19,5/8/19,63,8.0494,8.1854,0.136,0.1,0.1224,22.51,6/27/19,50,1.01,0.9,25.36,4.61,207.2,37.67,1.13
F0315,HNCR,3/6/19,5/8/19,63,8.165,8.254,0.089,0.1,0.0801,11.71,6/25/19,48,1.01,0.9,13.18,2.4,164.55,29.92,1.13
F0316,HNCR,3/6/19,5/8/19,63,NA,,,,,,,,,,,,,,
F0317,WS17,3/6/19,5/8/19,63,NA,,,,,,,,,,,,,,
F0318,WS17,3/6/19,5/8/19,63,8.1178,8.2527,0.1349,0.1,0.1214,24.48,6/24/19,47,1.01,0.9,27.56,5.01,226.99,41.27,1.13
F0319,WS17,3/6/19,5/8/19,63,8.1722,8.3464,0.1742,0.1,0.1568,45.96,6/24/19,47,1.01,0.9,51.74,9.41,329.99,60,1.13
F0320,WS17,3/6/19,5/8/19,63,8.2019,8.3459,0.144,0.1,0.1296,33.42,6/25/19,48,1.01,0.9,37.63,6.84,290.39,52.8,1.13
F0321,WS55,3/6/19,5/8/19,63,8.1269,8.3292,0.2023,0.1,0.1821,13.66,6/27/19,50,1.01,0.9,15.39,2.8,84.51,15.37,1.13
F0322,WS55,3/6/19,5/8/19,63,8.2683,8.4644,0.1961,0.1,0.1765,10.66,6/25/19,48,1.01,0.9,12,2.18,67.98,12.36,1.13
F0323,WS55,3/6/19,5/8/19,63,8.2767,8.492,0.2153,0.1,0.1938,13.83,6/24/19,47,1.01,0.9,15.57,2.83,80.37,14.61,1.13
F0324,WS55,3/6/19,5/8/19,63,NA,,,,,,,,,,,,,,
F0325,USHF,3/6/19,5/8/19,63,NA,,,,,,,,,,,,,,
F0326,USHF,3/6/19,5/8/19,63,8.2783,8.4178,0.1395,0.1,0.1256,41.09,6/24/19,47,1.01,0.9,46.25,8.41,368.37,66.98,1.13
F0327,USHF,3/6/19,5/8/19,63,8.044,missing/ not received,,,,,,,,,,,,,
F0328,USHF,3/6/19,5/8/19,63,8.1564,missing/ not received,,,,,,,,,,,,,
F0001,WS17,4/3/19,6/5/19,63,8.057,8.1957,0.1387,0.1,0.1248,11.57,10/14/19,131,1.04,0.9,13.33,2.42,106.78,19.41,1.15
F0002,WS17,4/3/19,6/5/19,63,8.1815,8.2733,0.0918,0.1,0.0826,25.03,10/14/19,131,1.04,0.9,28.84,5.24,349.1,63.47,1.15
F0003,WS17,4/3/19,6/5/19,63,8.1794,8.2998,0.1204,0.1,0.1084,23.51,10/14/19,131,1.04,0.9,27.09,4.92,249.98,45.45,1.15
F0004,WS17,4/3/19,6/5/19,63,NA,,,,,,,,,,,,,,
F0005,USHF,4/3/19,6/5/19,63,8.3432,8.4539,0.1107,0.1,0.0996,31.38,10/14/19,131,1.04,0.9,36.16,6.57,362.93,65.99,1.15
F0006,USHF,4/3/19,6/5/19,63,NA,,,,,,,,,,,,,,
F0007,USHF,4/3/19,6/5/19,63,8.0215,8.137,0.1155,0.1,0.104,31.5,10/14/19,131,1.04,0.9,36.29,6.6,349.12,63.48,1.15
F0008,USHF,4/3/19,6/5/19,63,8.1725,missing/ not received,,,,,,,,,,,,,
F0009,WS37,4/3/19,6/5/19,63,NA,,,,,,,,,,,,,,
F0010,WS37,4/3/19,6/5/19,63,8.0507,8.1898,0.1391,0.1,0.1252,22.82,10/14/19,131,1.04,0.9,26.29,4.78,210.04,38.19,1.15
F0011,WS37,4/3/19,6/5/19,63,8.2261,8.3482,0.1221,0.1,0.1099,24.65,10/14/19,131,1.04,0.9,28.4,5.16,258.41,46.98,1.15
F0012,WS37,4/3/19,6/5/19,63,8.1378,8.2564,0.1186,0.1,0.1067,30.29,10/14/19,131,1.04,0.9,34.9,6.35,326.97,59.45,1.15
F0013,WS34,4/3/19,6/5/19,63,8.1867,8.3721,0.1854,0.1,0.1669,44.38,10/14/19,131,1.04,0.9,51.14,9.3,306.46,55.72,1.15
F0014,WS34,4/3/19,6/5/19,63,8.2843,8.4546,0.1703,0.1,0.1533,52.87,10/14/19,131,1.04,0.9,60.91,11.07,397.41,72.26,1.15
F0015,WS34,4/3/19,6/5/19,63,8.1433,8.3371,0.1938,0.1,0.1744,40.2,10/14/19,131,1.04,0.9,46.32,8.42,265.58,48.29,1.15
F0016,WS34,4/3/19,6/5/19,63,NA,,,,,,,,,,,,,,
F0017,LCCR,4/3/19,6/5/19,63,NA,,,,,,,,,,,,,,
F0018,LCCR,4/3/19,6/5/19,63,8.359,8.5386,0.1796,0.1,0.1616,23.64,10/14/19,131,1.04,0.9,27.24,4.95,168.52,30.64,1.15
F0019,LCCR,4/3/19,6/5/19,63,8.1424,8.2783,0.1359,0.1,0.1223,17.15,11/20/19,168,1.05,0.9,19.96,3.63,163.21,29.67,1.16
F0020,LCCR,4/3/19,6/5/19,63,8.2035,8.3424,0.1389,0.1,0.125,14.46,11/20/19,168,1.05,0.9,16.83,3.06,134.62,24.48,1.16
F0021,HNCR,4/3/19,6/5/19,63,8.1837,8.3363,0.1526,0.1,0.1373,35.06,11/20/19,168,1.05,0.9,40.81,7.42,297.12,54.02,1.16
F0022,HNCR,4/3/19,6/5/19,63,NA,,,,,,,,,,,,,,
F0023,HNCR,4/3/19,6/5/19,63,8.2768,8.3852,0.1084,0.1,0.0976,21.21,11/20/19,168,1.05,0.9,24.69,4.49,253.11,46.02,1.16
F0024,HNCR,4/3/19,6/5/19,63,8.114,8.2642,0.1502,0.1,0.1352,23.72,11/20/19,168,1.05,0.9,27.61,5.02,204.24,37.13,1.16
F0025,CWCR,4/3/19,6/5/19,63,8.1751,8.3199,0.1448,0.1,0.1303,40.09,11/20/19,168,1.05,0.9,46.67,8.49,358.11,65.11,1.16
F0026,CWCR,4/3/19,6/5/19,63,8.2779,missing/ not received,,,,,,,,,,,,,
F0027,CWCR,4/3/19,6/5/19,63,8.3295,8.461,0.1315,0.1,0.1184,35.39,11/20/19,168,1.05,0.9,41.2,7.49,348.09,63.29,1.16
F0028,CWCR,4/3/19,6/5/19,63,NA,,,,,,,,,,,,,,
F0029,WS55,4/3/19,6/5/19,63,NA,,,,,,,,,,,,,,
F0030,WS55,4/3/19,6/5/19,63,8.1295,8.2623,0.1328,0.1,0.1195,13.6,11/20/19,168,1.05,0.9,15.83,2.88,132.44,24.08,1.16
F0031,WS55,4/3/19,6/5/19,63,8.2334,8.3834,0.15,0.1,0.135,9.52,11/20/19,168,1.05,0.9,11.09,2.02,82.12,14.93,1.16
F0032,WS55,4/3/19,6/5/19,63,8.2961,8.4172,0.1211,0.1,0.109,13.26,11/20/19,168,1.05,0.9,15.43,2.81,141.61,25.75,1.16
F0033,WS09,4/3/19,6/5/19,63,8.2826,8.3976,0.115,0.1,0.1035,20.47,11/20/19,168,1.05,0.9,23.83,4.33,230.28,41.87,1.16
F0034,WS09,4/3/19,6/5/19,63,NA,,,,,,,,,,,,,,
F0035,WS09,4/3/19,6/5/19,63,8.1806,8.3396,0.159,0.1,0.1431,27.9,11/20/19,168,1.05,0.9,32.48,5.91,226.96,41.27,1.16
F0036,WS09,4/3/19,6/5/19,63,8.338,8.488,0.15,0.1,0.135,29.38,11/22/19,170,1.05,0.9,34.22,6.22,253.5,46.09,1.16
F0037,WS05,4/3/19,6/5/19,63,8.2896,8.3993,0.1097,0.1,0.0987,24.91,11/22/19,170,1.05,0.9,29.01,5.28,293.88,53.43,1.16
F0038,WS05,4/3/19,6/5/19,63,8.29,8.4098,0.1198,0.1,0.1078,16.65,11/22/19,170,1.05,0.9,19.39,3.53,179.86,32.7,1.16
F0039,WS05,4/3/19,6/5/19,63,8.2368,8.3681,0.1313,0.1,0.1182,12.77,11/22/19,170,1.05,0.9,14.87,2.7,125.87,22.89,1.16
F0040,WS05,4/3/19,6/5/19,63,NA,,,,,,,,,,,,,,
F0097,WS17,5/8/19,7/10/19,63,8.3346,8.4593,0.1247,0.1,0.1122,26.33,1/17/20,191,1.05,0.82,33.88,6.16,301.92,54.9,1.29
F0098,WS17,5/8/19,7/10/19,63,8.2245,8.3724,0.1479,0.1,0.1331,lost,,,,,,,,n/a,
F0099,WS17,5/8/19,7/10/19,63,8.264,8.3722,0.1082,0.1,0.0974,lost,,,,,,,,n/a,
F0100,WS17,5/8/19,7/10/19,63,NA,,,,,,,,,,,,,,
F0101,TOWR,5/8/19,7/10/19,63,NA,,,,,,,,,,,,,,
F0102,TOWR,5/8/19,7/10/19,63,8.2301,8.3649,0.1348,0.1,0.1213,19.81,1/17/20,191,1.05,0.82,25.49,4.64,210.13,38.21,1.29
F0103,TOWR,5/8/19,7/10/19,63,8.1971,8.3395,0.1424,0.1,0.1282,18.85,1/17/20,191,1.05,0.82,24.27,4.41,189.34,34.43,1.29
F0104,TOWR,5/8/19,7/10/19,63,8.2787,8.434,0.1553,0.1,0.1398,13.14,1/17/20,191,1.05,0.82,16.91,3.07,121,22,1.29
F0105,WS09,5/8/19,7/10/19,63,8.3697,8.4578,0.0881,0.1,0.0793,27.49,1/17/20,191,1.05,0.82,35.38,6.43,446.18,81.12,1.29
F0106,WS09,5/8/19,7/10/19,63,NA,,,,,,,,,,,,,,
F0107,WS09,5/8/19,7/10/19,63,8.2751,8.4023,0.1272,0.1,0.1145,16.53,1/23/20,197,1.06,0.82,21.32,3.88,186.21,33.86,1.29
F0108,WS09,5/8/19,7/10/19,63,8.2752,missing/ not received,,,,,,,,,,,,,
F0109,CWCR,5/8/19,7/10/19,63,NA,,,,,,,,,,,,,,
F0110,CWCR,5/8/19,7/10/19,63,8.1193,8.2497,0.1304,0.1,0.1174,28.37,11/22/19,135,1.04,0.9,32.72,5.95,278.84,50.7,1.15
F0111,CWCR,5/8/19,7/10/19,63,8.2375,8.3553,0.1178,0.1,0.106,19.94,11/22/19,135,1.04,0.9,23,4.18,216.95,39.45,1.15
F0112,CWCR,5/8/19,7/10/19,63,8.235,missing/ not received,,,,,,,,,,,,,
F0113,HNCR,5/8/19,7/10/19,63,8.3224,8.4421,0.1197,0.1,0.1077,31.47,11/22/19,135,1.04,0.9,36.3,6.6,336.94,61.26,1.15
F0114,HNCR,5/8/19,7/10/19,63,NA,,,,,,,,,,,,,,
F0115,HNCR,5/8/19,7/10/19,63,8.0438,8.1915,0.1477,0.1,0.1329,37.55,11/22/19,135,1.04,0.9,43.32,7.88,325.87,59.25,1.15
F0116,HNCR,5/8/19,7/10/19,63,8.3314,8.4761,0.1447,0.1,0.1302,33.26,11/22/19,135,1.04,0.9,38.36,6.97,294.56,53.56,1.15
F0117,WS55,5/8/19,7/10/19,63,8.3188,8.4865,0.1677,0.1,0.1509,22.68,11/22/19,135,1.04,0.9,26.16,4.76,173.31,31.51,1.15
F0118,WS55,5/8/19,7/10/19,63,8.2623,8.4237,0.1614,0.1,0.1453,23.78,11/22/19,135,1.04,0.9,27.43,4.99,188.82,34.33,1.15
F0119,WS55,5/8/19,7/10/19,63,8.1566,8.2936,0.137,0.1,0.1233,15.75,11/22/19,135,1.04,0.9,18.17,3.3,147.36,26.79,1.15
F0120,WS55,5/8/19,7/10/19,63,NA,,,,,,,,,,,,,,
F0121,USHF,5/8/19,7/10/19,63,NA,,,,,,,,,,,,,,
F0122,USHF,5/8/19,7/10/19,63,8.3417,8.4699,0.1282,0.1,0.1154,19.62,1/17/20,191,1.05,0.82,25.25,4.59,218.85,39.79,1.29
F0123,USHF,5/8/19,7/10/19,63,8.3342,8.4464,0.1122,0.1,0.101,18.13,1/17/20,191,1.05,0.82,23.33,4.24,231.05,42.01,1.29
F0124,USHF,5/8/19,7/10/19,63,8.0647,missing/ not received,,,,,,,,,,,,,
F0125,LCCR,5/8/19,7/10/19,63,8.1717,8.327,0.1553,0.1,0.1398,30.39,1/17/20,191,1.05,0.82,39.11,7.11,279.83,50.88,1.29
F0126,LCCR,5/8/19,7/10/19,63,NA,,,,,,,,,,,,,,
F0127,LCCR,5/8/19,7/10/19,63,8.1587,8.2894,0.1307,0.1,0.1176,11.82,1/17/20,191,1.05,0.82,15.21,2.77,129.33,23.52,1.29
F0128,LCCR,5/8/19,7/10/19,63,8.1089,8.1999,0.091,0.1,0.0819,15.17,1/17/20,191,1.05,0.82,19.53,3.55,238.44,43.35,1.29
F0129,WS34,5/8/19,7/10/19,63,NA,,,,,,,,,,,,,,
F0130,WS34,5/8/19,7/10/19,63,8.304,8.4179,0.1139,0.1,0.1025,14.75,1/17/20,191,1.05,0.82,18.98,3.45,185.19,33.67,1.29
F0131,WS34,5/8/19,7/10/19,63,8.0196,8.1694,0.1498,0.1,0.1348,25.63,1/17/20,191,1.05,0.82,32.99,6,244.68,44.49,1.29
F0132,WS34,5/8/19,7/10/19,63,8.3754,8.4977,0.1223,0.1,0.1101,26.47,1/17/20,191,1.05,0.82,34.07,6.19,309.52,56.28,1.29
F0133,WS37,5/8/19,7/10/19,63,8.3504,8.4698,0.1194,0.1,0.1075,28.51,1/17/20,191,1.05,0.82,36.7,6.67,341.48,62.09,1.29
F0134,WS37,5/8/19,7/10/19,63,8.2932,8.3824,0.0892,0.1,0.0803,14.54,1/17/20,191,1.05,0.82,18.72,3.4,233.16,42.39,1.29
F0135,WS37,5/8/19,7/10/19,63,8.1582,8.2316,0.0734,0.1,0.0661,12.06,1/17/20,191,1.05,0.82,15.52,2.82,235,42.73,1.29
F0136,WS37,5/8/19,7/10/19,63,NA,,,,,,,,,,,,,,
F0193,WS17,6/5/19,8/7/19,63,8.6653,8.7911,0.1258,0.1,0.1132,26.85,1/23/20,169,1.05,0.82,34.35,6.25,303.38,55.16,1.28
F0194,WS17,6/5/19,8/7/19,63,8.712,8.8687,0.1567,0.1,0.141,25.99,1/23/20,169,1.05,0.82,33.26,6.05,235.8,42.87,1.28
F0195,WS17,6/5/19,8/7/19,63,8.7383,missing/ not received,,,,,,,,,,,,,
F0196,WS17,6/5/19,8/7/19,63,NA,,,,,,,,,,,,,,
F0197,TOWR,6/5/19,8/7/19,63,8.6991,8.8702,0.1711,0.1,0.154,17.77,1/23/20,169,1.05,0.82,22.74,4.13,147.66,26.85,1.28
F0198,TOWR,6/5/19,8/7/19,63,8.8544,8.9782,0.1238,0.1,0.1114,9.45,1/23/20,169,1.05,0.82,12.08,2.2,108.46,19.72,1.28
F0199,TOWR,6/5/19,8/7/19,63,8.701,8.8383,0.1373,0.1,0.1236,20.96,1/23/20,169,1.05,0.82,26.82,4.88,217.03,39.46,1.28
F0200,TOWR,6/5/19,8/7/19,63,NA,,,,,,,,,,,,,,
F0201,WS55,6/5/19,8/7/19,63,8.5579,8.7233,0.1654,0.1,0.1489,21.69,1/23/20,169,1.05,0.82,27.75,5.05,186.43,33.9,1.28
F0202,WS55,6/5/19,8/7/19,63,NA,,,,,,,,,,,,,,
F0203,WS55,6/5/19,8/7/19,63,8.6039,8.7412,0.1373,0.1,0.1236,23.67,1/23/20,169,1.05,0.82,30.28,5.51,245.06,44.56,1.28
F0204,WS55,6/5/19,8/7/19,63,8.6482,8.8,0.1518,0.1,0.1366,17.21,1/23/20,169,1.05,0.82,22.01,4,161.14,29.3,1.28
F0205,HNCR,6/5/19,8/7/19,63,8.7144,8.869,0.1546,0.1,0.1391,46.92,1/23/20,169,1.05,0.82,60.03,10.91,431.41,78.44,1.28
F0206,HNCR,6/5/19,8/7/19,63,8.3913,8.5307,0.1394,0.1,0.1255,26.48,2/20/20,197,1.06,0.82,34.14,6.21,272.16,49.48,1.29
F0207,HNCR,6/5/19,8/7/19,63,NA,,,,,,,,,,,,,,
F0208,HNCR,6/5/19,8/7/19,63,8.8129,8.8796,0.0667,0.1,0.06,13.35,2/20/20,197,1.06,0.82,17.21,3.13,286.73,52.13,1.29
F0209,WS09,6/5/19,8/7/19,63,8.7584,8.9209,0.1625,0.1,0.1463,23.05,2/20/20,197,1.06,0.82,29.71,5.4,203.17,36.94,1.29
F0210,WS09,6/5/19,8/7/19,63,8.6574,8.799,0.1416,0.1,0.1274,35.36,2/20/20,197,1.06,0.82,45.59,8.29,357.7,65.04,1.29
F0211,WS09,6/5/19,8/7/19,63,8.6581,8.7968,0.1387,0.1,0.1248,30.33,2/20/20,197,1.06,0.82,39.1,7.11,313.22,56.95,1.29
F0212,WS09,6/5/19,8/7/19,63,NA,,,,,,,,,,,,,,
F0213,CWCR,6/5/19,8/7/19,63,NA,,,,,,,,,,,,,,
F0214,CWCR,6/5/19,8/7/19,63,8.7523,8.8974,0.1451,0.1,0.1306,47.73,2/20/20,197,1.06,0.82,61.54,11.19,471.22,85.68,1.29
F0215,CWCR,6/5/19,8/7/19,63,8.7095,8.8635,0.154,0.1,0.1386,31.55,2/20/20,197,1.06,0.82,40.67,7.39,293.44,53.35,1.29
F0216,CWCR,6/5/19,8/7/19,63,8.8286,8.999,0.1704,0.1,0.1534,36.93,2/20/20,197,1.06,0.82,47.62,8.66,310.5,56.45,1.29
F0217,WS34,6/5/19,8/7/19,63,8.5845,8.7502,0.1657,0.1,0.1491,14.39,2/20/20,197,1.06,0.82,18.55,3.37,124.42,22.62,1.29
F0218,WS34,6/5/19,8/7/19,63,NA,,,,,,,,,,,,,,
F0219,WS34,6/5/19,8/7/19,63,8.6256,8.8366,0.211,0.1,0.1899,20.93,2/20/20,197,1.06,0.82,26.98,4.91,142.09,25.83,1.29
F0220,WS34,6/5/19,8/7/19,63,8.7228,8.8358,0.113,0.1,0.1017,16.41,2/20/20,197,1.06,0.82,21.16,3.85,208.1,37.84,1.29
F0221,USHF,6/5/19,8/7/19,63,8.7469,8.8664,0.1195,0.1,0.1076,30.32,2/20/20,197,1.06,0.82,39.09,7.11,363.44,66.08,1.29
F0222,USHF,6/5/19,8/7/19,63,NA,,,,,,,,,,,,,,
F0223,USHF,6/5/19,8/7/19,63,8.7515,8.8164,0.0649,0.1,0.0584,14.27,2/27/20,204,1.06,0.82,18.44,3.35,315.65,57.39,1.29
F0224,USHF,6/5/19,8/7/19,63,8.6772,8.7133,0.0361,0.1,0.0325,11.06,2/27/20,204,1.06,0.82,14.28,2.6,439.54,79.92,1.29
F0225,LCCR,6/5/19,8/7/19,63,8.7336,8.8767,0.1431,0.1,0.1288,24.79,2/27/20,204,1.06,0.82,32.02,5.82,248.61,45.2,1.29
F0226,LCCR,6/5/19,8/7/19,63,8.6924,8.7781,0.0857,0.1,0.0771,14.33,2/27/20,204,1.06,0.82,18.51,3.37,239.95,43.63,1.29
F0227,LCCR,6/5/19,8/7/19,63,8.7105,8.7873,0.0768,0.1,0.0691,13.7,2/27/20,204,1.06,0.82,17.7,3.22,256.02,46.55,1.29
F0228,LCCR,6/5/19,8/7/19,63,NA,,,,,,,,,,,,,,
F0229,WS37,6/5/19,8/7/19,63,NA,,,,,,,,,,,,,,
F0230,WS37,6/5/19,8/7/19,63,8.7997,8.9286,0.1289,0.1,0.116,21.48,2/27/20,204,1.06,0.82,27.75,5.05,239.21,43.49,1.29
F0231,WS37,6/5/19,8/7/19,63,8.6225,8.742,0.1195,0.1,0.1076,23.95,2/27/20,204,1.06,0.82,30.94,5.63,287.7,52.31,1.29
F0232,WS37,6/5/19,8/7/19,63,8.5074,8.6827,0.1753,0.1,0.1578,24.47,2/27/20,204,1.06,0.82,31.61,5.75,200.35,36.43,1.29
F0289,CWCR,7/10/19,8/30/19,51,6.5452,6.6848,0.1396,0.1,0.1256,20.2,2/29/20,183,1.05,0.82,25.95,4.72,206.52,37.55,1.28
F0290,CWCR,7/10/19,8/30/19,51,6.486,6.5981,0.1121,0.1,0.1009,16.94,2/29/20,183,1.05,0.82,21.75,3.95,215.6,39.2,1.28
F0291,CWCR,7/10/19,8/30/19,51,NA,,,,,,,,,,,,,,
F0292,CWCR,7/10/19,8/30/19,51,6.4436,6.5158,0.0722,0.1,0.065,14.02,2/29/20,183,1.05,0.82,18,3.27,277.05,50.37,1.28
F0293,WS55,7/10/19,8/30/19,51,NA,,,,,,,,,,,,,,
F0294,WS55,7/10/19,8/30/19,51,6.539,6.691,0.152,0.1,0.1368,23.11,2/27/20,181,1.05,0.82,29.66,5.39,216.79,39.42,1.28
F0295,WS55,7/10/19,8/30/19,51,6.427,6.5314,0.1044,0.1,0.094,13.05,2/29/20,183,1.05,0.82,16.76,3.05,178.38,32.43,1.28
F0296,WS55,7/10/19,8/30/19,51,6.5032,6.6373,0.1341,0.1,0.1207,15.53,2/29/20,183,1.05,0.82,19.94,3.63,165.25,30.05,1.28
F0297,TOWR,7/10/19,8/30/19,51,6.4918,6.5431,0.0513,0.1,0.0462,7.6,2/29/20,183,1.05,0.82,9.76,1.77,211.44,38.44,1.28
F0298,TOWR,7/10/19,8/30/19,51,NA,,,,,,,,,,,,,,
F0299,TOWR,7/10/19,8/30/19,51,6.4702,6.6163,0.1461,0.1,0.1315,14.98,2/29/20,183,1.05,0.82,19.24,3.5,146.32,26.6,1.28
F0300,TOWR,7/10/19,8/30/19,51,6.5482,6.6164,0.0682,0.1,0.0614,11.59,2/29/20,183,1.05,0.82,14.88,2.71,242.44,44.08,1.28
F0301,WS09,7/10/19,8/30/19,51,6.5188,6.6248,0.106,0.1,0.0954,14.76,2/29/20,183,1.05,0.82,18.95,3.45,198.67,36.12,1.28
F0302,WS09,7/10/19,8/30/19,51,6.4958,6.6136,0.1178,0.1,0.106,16.78,2/29/20,183,1.05,0.82,21.55,3.92,203.24,36.95,1.28
F0303,WS09,7/10/19,8/30/19,51,6.4986,6.5953,0.0967,0.1,0.087,15.2,2/29/20,183,1.05,0.82,19.52,3.55,224.32,40.79,1.28
F0304,WS09,7/10/19,8/30/19,51,NA,,,,,,,,,,,,,,
F0305,HNCR,7/10/19,8/30/19,51,NA,,,,,,,,,,,,,,
F0306,HNCR,7/10/19,8/30/19,51,6.4266,6.5396,0.113,0.1,0.1017,22.73,2/27/20,181,1.05,0.82,29.17,5.3,286.86,52.16,1.28
F0307,HNCR,7/10/19,8/30/19,51,6.5412,6.6291,0.0879,0.1,0.0791,13.06,2/29/20,183,1.05,0.82,16.77,3.05,211.95,38.54,1.28
F0308,HNCR,7/10/19,8/30/19,51,6.4384,6.5144,0.076,0.1,0.0684,14.52,2/29/20,183,1.05,0.82,18.65,3.39,272.69,49.58,1.28
F0309,WS17,7/10/19,8/30/19,51,6.4024,6.4749,0.0725,0.1,0.0652,9.99,2/29/20,183,1.05,0.82,12.83,2.33,196.59,35.74,1.28
F0310,WS17,7/10/19,8/30/19,51,6.4414,6.5254,0.084,0.1,0.0756,17.62,2/29/20,183,1.05,0.82,22.63,4.11,299.37,54.43,1.28
F0311,WS17,7/10/19,8/30/19,51,NA,,,,,,,,,,,,,,
F0312,WS17,7/10/19,8/30/19,51,6.5118,6.6295,0.1177,0.1,0.1059,19.44,2/29/20,183,1.05,0.82,24.97,4.54,235.69,42.85,1.28
F0313,USHF,7/10/19,8/30/19,51,NA,,,,,,,,,,,,,,
F0314,USHF,7/10/19,8/30/19,51,6.4381,6.5502,0.1121,0.1,0.1009,18.92,2/29/20,183,1.05,0.82,24.3,4.42,240.87,43.79,1.28
F0315,USHF,7/10/19,8/30/19,51,6.423,6.5488,0.1258,0.1,0.1132,26.26,2/27/20,181,1.05,0.82,33.7,6.13,297.65,54.12,1.28
F0316,USHF,7/10/19,8/30/19,51,6.5023,6.5444,0.0421,0.1,0.0379,8.45,2/29/20,183,1.05,0.82,10.85,1.97,286.25,52.05,1.28
F0317,WS37,7/10/19,8/30/19,51,NA,,,,,,,,,,,,,,
F0318,WS37,7/10/19,8/30/19,51,6.5413,6.657,0.1157,0.1,0.1041,20.18,2/27/20,181,1.05,0.82,25.9,4.71,248.7,45.22,1.28
F0319,WS37,7/10/19,8/30/19,51,6.4926,6.5918,0.0992,0.1,0.0893,15.24,10/14/20,411,1.12,0.795,21.47,3.9,240.52,43.73,1.41
F0320,WS37,7/10/19,8/30/19,51,6.4202,6.5311,0.1109,0.1,0.0998,20.57,2/27/20,181,1.05,0.82,26.4,4.8,264.55,48.1,1.28
F0321,WS34,7/10/19,8/30/19,51,6.5074,6.619,0.1116,0.1,0.1004,13.63,10/14/20,411,1.12,0.795,19.2,3.49,191.14,34.75,1.41
F0322,WS34,7/10/19,8/30/19,51,NA,,,,,,,,,,,,,,
F0323,WS34,7/10/19,8/30/19,51,6.4736,6.5897,0.1161,0.1,0.1045,16.84,10/14/20,411,1.12,0.795,23.72,4.31,227.03,41.28,1.41
F0324,WS34,7/10/19,8/30/19,51,6.4266,6.5517,0.1251,0.1,0.1126,20.39,2/27/20,181,1.05,0.82,26.17,4.76,232.45,42.26,1.28
F0325,LCCR,7/10/19,8/30/19,51,NA,,,,,,,,,,,,,,
F0326,LCCR,7/10/19,8/30/19,51,6.396,6.494,0.098,0.1,0.0882,15.22,10/14/20,411,1.12,0.795,21.44,3.9,243.08,44.2,1.41
F0327,LCCR,7/10/19,8/30/19,51,6.5528,6.6615,0.1087,0.1,0.0978,15.4,10/14/20,411,1.12,0.795,21.69,3.94,221.72,40.31,1.41
F0328,LCCR,7/10/19,8/30/19,51,6.5386,6.5957,0.0571,0.1,0.0514,12.19,10/14/20,411,1.12,0.795,17.17,3.12,334.2,60.76,1.41
,,,,,,,,,,,,,,,,,,,1.18