bag_ID,rhodo_acer,DM_start_g,tin_g,tin_DM_g,tin_ash_g,date_dep,date_coll,stream,QC,hole,notes
F0097,R,1.49,3.6181,4.4843,3.6807,8/31/18,11/2/18,CWCR,,,don't forget about fungi sample wts!
F0098,R,1.52,3.5338,4.4291,3.608,8/31/18,11/2/18,CWCR,,,
F0099,R,1.57,3.521,4.6372,3.603,8/31/18,11/2/18,CWCR,,,
F0100,R,1.44,3.5238,4.4181,3.5877,8/31/18,11/2/18,CWCR,,,
F0101,R,1.48,3.6613,4.7947,3.7393,8/31/18,11/2/18,WS09,,,
F0102,R,1.45,3.5735,4.4979,3.6332,8/31/18,11/2/18,WS09,,,
F0103,R,1.51,3.5242,4.4956,3.598,8/31/18,11/2/18,WS09,,,
F0104,R,1.5,3.5334,4.3736,3.5951,8/31/18,11/2/18,WS09,,,
F0105,R,1.59,3.6301,4.7274,3.6959,8/31/18,11/2/18,HNCR,,,
F0106,R,1.45,3.5233,4.5208,3.6026,8/31/18,11/2/18,HNCR,,,
F0107,R,1.58,3.5269,4.7027,3.6152,8/31/18,11/2/18,HNCR,,,
F0108,R,1.59,3.5401,4.6384,3.6135,8/31/18,11/2/18,HNCR,,,
F0109,R,1.4,3.6319,4.523,3.6914,8/31/18,11/2/18,WS55,,,
F0110,R,1.54,3.5263,4.7152,3.6237,8/31/18,11/2/18,WS55,,,
F0111,R,1.55,3.5307,4.5463,3.5884,8/31/18,11/2/18,WS55,,,
F0112,R,1.43,3.5304,4.5442,3.5888,8/31/18,11/2/18,WS55,,,
F0113,R,1.43,3.6475,4.6061,3.7026,8/31/18,11/2/18,TOWR,,,
F0114,R,1.55,3.6435,4.6399,3.7037,8/31/18,11/2/18,TOWR,,,
F0115,R,1.55,3.5422,4.6696,3.613,8/31/18,11/2/18,TOWR,,,
F0116,R,1.49,3.5265,4.7198,3.6044,8/31/18,11/2/18,TOWR,,,
F0117,R,1.48,3.518,4.6452,3.5957,8/31/18,11/2/18,WS17,,,
F0118,R,1.45,3.5451,4.4355,3.6034,8/31/18,11/2/18,WS17,,,
F0119,R,1.51,3.6313,4.638,3.7006,8/31/18,11/2/18,WS17,,,
F0120,R,1.49,3.5271,4.4561,3.5817,8/31/18,11/2/18,WS17,,,
F0121,R,1.53,3.5178,4.454,3.573,8/31/18,11/2/18,WS37,,,
F0122,R,1.58,3.5505,4.5839,3.6246,8/31/18,11/2/18,WS37,,,
F0123,R,1.59,3.6241,4.782,3.7051,8/31/18,11/2/18,WS37,,,
F0124,R,1.53,3.5337,4.4988,3.5952,8/31/18,11/2/18,WS37,,,
F0125,R,1.44,3.6192,4.584,3.6814,8/31/18,11/2/18,WS34,,,
F0126,R,1.5,3.5167,4.5173,3.5737,8/31/18,11/2/18,WS34,,,
F0127,R,1.4,3.6361,4.7614,3.7045,8/31/18,11/2/18,WS34,,,
F0128,R,1.46,3.5265,4.5735,3.5843,8/31/18,11/2/18,WS34,,,
F0129,R,1.41,3.5416,4.5028,3.6037,8/31/18,11/2/18,LCCR,,,
F0130,R,1.53,3.6317,4.8005,3.721,8/31/18,11/2/18,LCCR,,,
F0131,R,1.48,3.6404,4.7335,3.7145,8/31/18,11/2/18,LCCR,,,
F0132,R,1.52,3.5915,4.677,3.6579,8/31/18,11/2/18,LCCR,,,
F0133,R,1.56,3.6187,4.5293,3.67,8/31/18,11/2/18,USHF,,,
F0134,R,1.6,3.5374,4.5859,3.6147,8/31/18,11/2/18,USHF,,,
F0135,R,1.56,3.5398,4.7671,3.6532,8/31/18,11/2/18,USHF,,,
F0136,R,1.4,3.5392,4.4941,3.6055,8/31/18,11/2/18,USHF,,,
F0145,A,1.5,3.6187,4.2756,3.6956,8/31/18,11/2/18,WS17,,,
F0146,A,1.4,3.5305,4.1089,3.5933,8/31/18,11/2/18,WS17,,,
F0147,A,1.59,3.5276,4.2011,3.5964,8/31/18,11/2/18,WS17,,,
F0148,A,1.4,3.5424,4.1449,3.6396,8/31/18,11/2/18,WS17,,,
F0149,A,1.55,3.6169,4.295,3.72,8/31/18,11/2/18,HNCR,,,
F0150,A,1.44,3.6276,4.354,3.7221,8/31/18,11/2/18,HNCR,,,
F0151,A,1.51,3.6749,4.4074,3.7569,8/31/18,11/2/18,HNCR,,,
F0152,A,1.41,3.6629,4.4093,3.7393,8/31/18,11/2/18,HNCR,,,
F0153,A,1.55,3.6162,4.6022,3.8273,8/31/18,11/2/18,WS55,,,
F0154,A,1.47,3.6557,4.4907,3.7675,8/31/18,11/2/18,WS55,,,
F0155,A,1.55,3.6681,4.4226,3.7444,8/31/18,11/2/18,WS55,,,
F0156,A,1.49,3.6309,4.4307,3.7101,8/31/18,11/2/18,WS55,,,
F0157,A,1.52,3.6597,4.3414,3.745,8/31/18,11/2/18,USHF,,,
F0158,A,1.53,3.6641,4.4433,3.743,8/31/18,11/2/18,USHF,,,
F0159,A,1.59,3.6298,4.5677,3.7584,8/31/18,11/2/18,USHF,,,
F0160,A,1.46,3.6303,4.3392,3.7394,8/31/18,11/2/18,USHF,,,
F0161,A,1.48,3.5317,4.3174,3.6333,8/31/18,11/2/18,WS34,,,
F0162,A,1.57,3.6591,4.2951,3.7727,8/31/18,11/2/18,WS34,,,
F0163,A,1.49,3.539,4.3841,3.7176,8/31/18,11/2/18,WS34,,,
F0164,A,1.51,3.6506,4.4263,3.7312,8/31/18,11/2/18,WS34,,,
F0165,A,1.58,3.6216,4.4797,3.7114,8/31/18,11/2/18,LCCR,,,
F0166,A,1.55,3.5537,4.4223,3.6496,8/31/18,11/2/18,LCCR,,,
F0167,A,1.48,3.6448,4.625,3.7768,8/31/18,11/2/18,LCCR,,,
F0168,A,1.42,3.6024,4.2923,3.687,8/31/18,11/2/18,LCCR,,,
F0169,A,1.6,3.612,4.12,3.6717,8/31/18,11/2/18,WS37,,,
F0170,A,1.43,3.6171,4.1524,3.6734,8/31/18,11/2/18,WS37,,,
F0171,A,1.45,3.6114,4.1227,3.6819,8/31/18,11/2/18,WS37,,,
F0172,A,1.41,3.5125,4.0292,3.5745,8/31/18,11/2/18,WS37,,,
F0173,A,1.41,3.5333,4.1753,3.6039,8/31/18,11/2/18,CWCR,,,
F0174,A,1.51,3.5478,4.1064,3.6243,8/31/18,11/2/18,CWCR,,,
F0175,A,1.6,3.6019,4.2126,3.6878,8/31/18,11/2/18,CWCR,,,
F0176,A,1.52,3.6423,4.3348,3.755,8/31/18,11/2/18,CWCR,,,
F0177,A,1.58,NA,NA,NA,8/31/18,12/5/18,WS09,QC,hole,Accidentally coll. In Dec!
F0178,A,1.47,NA,NA,NA,8/31/18,12/5/18,WS09,QC,,Accidentally coll. In Dec!
F0179,A,1.51,NA,NA,NA,8/31/18,12/5/18,WS09,QC,,Accidentally coll. In Dec!
F0180,A,1.55,NA,NA,NA,8/31/18,12/5/18,WS09,QC,,Accidentally coll. In Dec!
F0181,A,1.45,3.5334,4.3464,3.6131,8/31/18,11/2/18,TOWR,,,
F0182,A,1.55,3.5318,4.4056,3.6279,8/31/18,11/2/18,TOWR,,,
F0183,A,1.53,3.5488,4.4455,3.7083,8/31/18,11/2/18,TOWR,,,
F0184,A,1.43,3.5218,4.2203,3.5907,8/31/18,11/2/18,TOWR,,,
F0193,R,1.48,3.6818,4.7914,3.7457,9/28/18,12/5/18,LCCR,,,
F0194,R,1.41,3.6525,4.8644,3.7292,9/28/18,12/5/18,LCCR,,,
F0195,R,1.49,3.5452,4.695,3.6438,9/28/18,12/5/18,LCCR,,,
F0196,R,1.41,3.622,4.6595,3.6869,9/28/18,12/5/18,LCCR,,,
F0197,R,1.47,3.5321,4.7975,3.6129,9/28/18,12/5/18,WS55,,,
F0198,R,1.5,3.5555,4.7338,3.6104,9/28/18,12/5/18,WS55,,,
F0199,R,1.44,3.5963,4.725,3.6803,9/28/18,12/5/18,WS55,,,
F0200,R,1.5,3.6657,4.8875,3.758,9/28/18,12/5/18,WS55,,,
F0201,R,1.5,3.555,4.625,3.6144,9/28/18,12/5/18,WS37,,,
F0202,R,1.5,3.5423,4.5489,3.6096,9/28/18,12/5/18,WS37,,,
F0203,R,1.5,3.5328,4.7447,3.5989,9/28/18,12/5/18,WS37,,,
F0204,R,1.54,3.5398,4.6248,3.5936,9/28/18,12/5/18,WS37,,,
F0205,R,1.44,3.5377,4.6167,3.6135,9/28/18,12/5/18,USHF,,,
F0206,R,1.42,3.5461,4.5831,3.6304,9/28/18,12/5/18,USHF,,,
F0207,R,1.44,3.6662,4.7351,3.744,9/28/18,12/5/18,USHF,,,
F0208,R,1.46,3.5308,4.7285,3.6254,9/28/18,12/5/18,USHF,,,
F0209,R,1.46,3.525,4.6085,3.5958,9/28/18,12/5/18,WS34,,,
F0210,R,1.56,3.6576,4.7474,3.7231,9/28/18,12/5/18,WS34,,,
F0211,R,1.43,3.5508,4.7649,3.6215,9/28/18,12/5/18,WS34,,,
F0212,R,1.47,3.5077,4.5931,3.5697,9/28/18,12/5/18,WS34,,,
F0213,R,1.42,3.5046,4.5797,3.5677,9/28/18,12/5/18,TOWR,,,
F0214,R,1.6,3.5304,4.8753,3.5917,9/28/18,12/5/18,TOWR,,,
F0215,R,1.48,NA,4.6204,3.5903,9/28/18,12/5/18,TOWR,,,
F0216,R,1.53,3.5463,4.8562,3.6258,9/28/18,12/5/18,TOWR,,,
F0217,R,1.5,3.6638,4.7062,3.7367,9/28/18,12/5/18,HNCR,,,
F0218,R,1.57,3.5517,4.8472,3.6573,9/28/18,12/5/18,HNCR,,,
F0219,R,1.44,3.5303,4.5553,3.6086,9/28/18,12/5/18,HNCR,,,
F0220,R,1.58,3.5158,4.7808,3.5889,9/28/18,12/5/18,HNCR,,,
F0221,R,1.45,3.6147,4.7368,3.6835,9/28/18,12/5/18,WS17,,,
F0222,R,1.4,3.5375,4.489,3.5892,9/28/18,12/5/18,WS17,,,
F0223,R,1.6,3.6294,4.8621,3.738,9/28/18,12/5/18,WS17,,,
F0224,R,1.53,3.5354,4.5499,3.6011,9/28/18,12/5/18,WS17,,,
F0225,R,1.6,3.535,4.6991,3.6147,9/28/18,12/5/18,WS09,,,
F0226,R,1.6,3.6427,4.7404,3.7071,9/28/18,12/5/18,WS09,,,
F0227,R,1.57,NA,NA,NA,9/28/18,12/5/18,WS09,,,
F0228,R,1.55,3.6397,4.7282,3.7159,9/28/18,12/5/18,WS09,,,
F0229,R,1.55,3.6227,4.9126,3.7529,9/28/18,12/5/18,CWCR,,,
F0230,R,1.44,3.5175,4.54,3.5793,9/28/18,12/5/18,CWCR,,,
F0231,R,1.4,3.5382,4.5436,3.6141,9/28/18,12/5/18,CWCR,,,
F0232,R,1.52,3.5368,4.6642,3.6582,9/28/18,12/5/18,CWCR,,,
F0241,A,1.41,3.538,4.2567,3.613,9/28/18,12/5/18,WS55,,,
F0242,A,1.55,3.5285,4.3806,3.658,9/28/18,12/5/18,WS55,,,
F0243,A,1.52,3.5171,4.3985,3.5961,9/28/18,12/5/18,WS55,,,
F0244,A,1.52,3.6492,4.3852,3.7782,9/28/18,12/5/18,WS55,,,
F0245,A,1.47,3.5222,4.4402,3.6201,9/28/18,12/5/18,LCCR,,,
F0246,A,1.45,3.5505,4.4256,3.635,9/28/18,12/5/18,LCCR,,,
F0247,A,1.46,3.6476,4.5525,3.7616,9/28/18,12/5/18,LCCR,,,
F0248,A,1.44,3.6962,4.566,3.8261,9/28/18,12/5/18,LCCR,,,
F0249,A,1.4,3.6614,4.4643,3.7548,9/28/18,12/5/18,WS37,,,
F0250,A,1.5,NA,NA,NA,9/28/18,12/5/18,WS37,,,
F0251,A,1.47,3.6359,4.303,3.6971,9/28/18,12/5/18,WS37,,,
F0252,A,1.49,3.6528,3.653,3.7658,9/28/18,12/5/18,WS37,,,
F0253,A,1.51,3.6491,4.5907,3.7755,9/28/18,12/5/18,HNCR,,,
F0254,A,1.44,3.6198,NA,3.7114,9/28/18,12/5/18,HNCR,,,
F0255,A,1.41,3.5327,4.3832,3.6691,9/28/18,12/5/18,HNCR,,,
F0256,A,1.5,3.516,4.4738,3.6807,9/28/18,12/5/18,HNCR,,,
F0257,A,1.54,NA,4.5054,3.6866,9/28/18,12/5/18,WS34,,,
F0258,A,1.58,3.606,4.466,3.6776,9/28/18,12/5/18,WS34,,,
F0259,A,1.44,3.5309,4.3999,3.6095,9/28/18,12/5/18,WS34,,,
F0260,A,1.53,3.5216,4.4219,3.6136,9/28/18,12/5/18,WS34,,,
F0261,A,1.47,3.6567,4.459,3.7638,9/28/18,12/5/18,WS17,,,
F0262,A,1.5,3.5434,4.357,3.7181,9/28/18,12/5/18,WS17,,,
F0263,A,1.41,3.5656,4.2865,3.6224,9/28/18,12/5/18,WS17,,,
F0264,A,1.56,3.5547,4.4714,3.6902,9/28/18,12/5/18,WS17,,,
F0265,A,1.5,NA,NA,NA,9/28/18,12/5/18,USHF,,,LOST
F0266,A,1.45,NA,NA,NA,9/28/18,12/5/18,USHF,,,LOST
F0267,A,1.57,NA,NA,NA,9/28/18,12/5/18,USHF,,,LOST
F0268,A,1.43,NA,NA,NA,9/28/18,12/5/18,USHF,,,LOST
F0269,A,1.48,3.5328,4.3899,3.6568,9/28/18,12/5/18,CWCR,,,
F0270,A,1.53,3.5599,4.3162,3.6496,9/28/18,12/5/18,CWCR,,,
F0271,A,1.52,3.6803,4.3554,3.7636,9/28/18,12/5/18,CWCR,,,
F0272,A,1.47,3.6702,4.362,3.7449,9/28/18,12/5/18,CWCR,,,
F0273,A,1.55,3.5123,4.3841,3.5857,9/28/18,11/2/18,WS09,QC,,coll in Nov
F0274,A,1.46,3.6611,4.6449,3.8421,9/28/18,11/2/18,WS09,QC,,coll in Nov
F0275,A,1.52,3.645,4.7329,3.8094,9/28/18,11/2/18,WS09,QC,,coll in Nov
F0276,A,1.52,3.6227,4.6244,3.7826,9/28/18,11/2/18,WS09,QC,,coll in Nov
F0277,A,1.44,3.6623,4.4311,3.7432,9/28/18,12/5/18,TOWR,,,
F0278,A,1.52,3.6144,4.5588,3.6967,9/28/18,12/5/18,TOWR,,,
F0279,A,1.45,3.5115,4.258,3.5767,9/28/18,12/5/18,TOWR,,,
F0280,A,1.44,3.5296,4.3492,3.6118,9/28/18,12/5/18,TOWR,,,
F0289,R,1.48,3.6621,4.7447,3.7219,11/2/18,1/7/19,WS34,,,
F0290,R,1.48,3.5256,4.8262,3.6619,11/2/18,1/7/19,WS34,,,
F0291,R,1.42,3.5434,4.6708,3.6405,11/2/18,1/7/19,WS34,,,
F0292,R,1.58,3.6607,4.6182,3.7199,11/2/18,1/7/19,WS34,,,
F0293,R,1.46,3.5152,4.5263,3.5846,11/2/18,1/7/19,WS09,,,
F0294,R,1.44,NA,NA,NA,11/2/18,1/7/19,WS09,,,
F0295,R,1.57,3.6525,4.8339,3.7951,11/2/18,1/7/19,WS09,,,
F0296,R,1.46,3.6748,4.7173,3.7663,11/2/18,1/7/19,WS09,,,
F0297,R,1.54,3.5282,4.8639,3.6246,11/2/18,1/7/19,WS55,,,
F0298,R,1.42,3.652,4.6889,3.7325,11/2/18,1/7/19,WS55,,,
F0299,R,1.4,3.6625,4.7269,3.7175,11/2/18,1/7/19,WS55,,,
F0300,R,1.51,3.6118,4.7056,3.6828,11/2/18,1/7/19,WS55,,,
F0301,R,1.44,3.6413,4.8026,3.7116,11/2/18,1/7/19,WS17,,,
F0302,R,1.45,3.651,4.6247,3.7067,11/2/18,1/7/19,WS17,,,
F0303,R,1.45,3.6558,4.6795,3.7454,11/2/18,1/7/19,WS17,,,
F0304,R,1.45,3.5296,4.6531,3.6006,11/2/18,1/7/19,WS17,,,
F0305,R,1.43,3.5448,4.5111,3.6383,11/2/18,1/7/19,USHF,,,
F0306,R,1.4,3.5266,4.647,3.62,11/2/18,1/7/19,USHF,,,
F0307,R,1.47,NA,NA,NA,11/2/18,1/7/19,USHF,,,
F0308,R,1.4,NA,NA,NA,11/2/18,1/7/19,USHF,,,
F0309,R,1.42,3.5475,4.5863,3.6129,11/2/18,1/7/19,HNCR,,,
F0310,R,1.55,3.645,4.8326,3.7274,11/2/18,1/7/19,HNCR,,,
F0311,R,1.48,3.6664,5.0371,3.8296,11/2/18,1/7/19,HNCR,,,
F0312,R,1.48,3.5099,4.6504,3.5962,11/2/18,1/7/19,HNCR,,,
F0313,R,1.41,3.6587,4.8189,3.5878,11/2/18,1/7/19,WS37,,,
F0314,R,1.46,3.6655,4.7904,3.7584,11/2/18,1/7/19,WS37,,,
F0315,R,1.4,3.6736,4.6974,3.7381,11/2/18,1/7/19,WS37,,,
F0316,R,1.45,3.6351,4.7451,3.6971,11/2/18,1/7/19,WS37,,,
F0317,R,1.55,3.6198,4.8212,3.6211,11/2/18,1/7/19,LCCR,,,
F0318,R,1.42,3.6334,4.7032,3.719,11/2/18,1/7/19,LCCR,,,
F0319,R,1.46,3.6331,4.8137,3.7329,11/2/18,1/7/19,LCCR,,,
F0320,R,1.47,3.6461,4.7851,3.7247,11/2/18,1/7/19,LCCR,,,
F0321,R,1.52,3.611,4.6255,3.6871,11/2/18,1/7/19,CWCR,,,
F0322,R,1.53,NA,NA,NA,11/2/18,1/7/19,CWCR,,,
F0323,R,1.49,3.5252,4.4143,3.784,11/2/18,1/7/19,CWCR,,,
F0324,R,1.59,NA,NA,NA,11/2/18,1/7/19,CWCR,,,
F0325,R,1.56,3.5199,4.6829,3.5745,11/2/18,1/7/19,TOWR,,,
F0326,R,1.43,3.5545,4.6072,3.6273,11/2/18,1/7/19,TOWR,,,
F0327,R,1.57,3.6358,4.9446,3.6972,11/2/18,1/7/19,TOWR,,,
F0328,R,1.51,3.5268,4.6013,3.5805,11/2/18,1/7/19,TOWR,,,
F0337,A,1.58,3.6307,4.836,3.9265,11/2/18,1/7/19,TOWR,,,
F0338,A,1.45,3.6564,4.6158,3.8496,11/2/18,1/7/19,TOWR,,,
F0339,A,1.41,3.5122,4.524,3.7222,11/2/18,1/7/19,TOWR,,,
F0340,A,1.41,3.6221,4.6577,3.8193,11/2/18,1/7/19,TOWR,,,
F0341,A,1.5,3.5155,4.6742,3.8344,11/2/18,1/7/19,WS09,,,
F0342,A,1.49,3.5385,4.5314,3.7856,11/2/18,1/7/19,WS09,,,
F0343,A,1.41,3.5249,4.2982,3.6856,11/2/18,1/7/19,WS09,,,
F0344,A,1.43,3.5329,4.4598,3.5319,11/2/18,1/7/19,WS09,,,
F0345,A,1.45,3.5449,4.3626,3.698,11/2/18,1/7/19,WS17,,,
F0346,A,1.45,3.6237,4.4781,3.7764,11/2/18,1/7/19,WS17,,,
F0347,A,1.42,3.6642,4.4279,3.7655,11/2/18,1/7/19,WS17,,,
F0348,A,1.48,3.5046,4.3666,3.6988,11/2/18,1/7/19,WS17,,,
F0349,A,1.43,3.6349,4.6354,3.8857,11/2/18,1/7/19,HNCR,,,
F0350,A,1.59,3.5426,4.7841,3.8571,11/2/18,1/7/19,HNCR,,,
F0351,A,1.58,3.5368,4.6668,3.8404,11/2/18,1/7/19,HNCR,,,
F0352,A,1.46,3.626,4.5877,3.8095,11/2/18,1/7/19,HNCR,,,
F0353,A,1.5,3.5326,4.4449,3.6737,11/2/18,1/7/19,CWCR,,,
F0354,A,1.49,3.6317,4.4813,3.838,11/2/18,1/7/19,CWCR,,,
F0355,A,1.51,3.6597,4.6487,3.9005,11/2/18,1/7/19,CWCR,,,
F0356,A,1.48,3.6649,4.6573,3.8212,11/2/18,1/7/19,CWCR,,,
F0357,A,1.44,3.6233,4.5736,3.8518,11/2/18,1/7/19,WS34,,,
F0358,A,1.43,3.5561,4.4287,3.6909,11/2/18,1/7/19,WS34,,,
F0359,A,1.5,3.6163,4.6191,3.8333,11/2/18,1/7/19,WS34,,,
F0360,A,1.56,3.5348,4.7458,3.8995,11/2/18,1/7/19,WS34,,,
F0361,A,1.56,3.538,4.462,3.6647,11/2/18,1/7/19,WS55,,,
F0362,A,1.55,3.5621,4.4804,3.6722,11/2/18,1/7/19,WS55,,,
F0363,A,1.56,3.5436,4.5213,3.6362,11/2/18,1/7/19,WS55,,,
F0364,A,1.56,3.5547,4.5681,3.6266,11/2/18,1/7/19,WS55,,,
F0365,A,1.46,3.6327,4.6592,3.8072,11/2/18,1/7/19,WS37,,,
F0366,A,1.57,3.63,4.6555,3.8222,11/2/18,1/7/19,WS37,,,
F0367,A,1.59,3.5588,4.7075,3.7521,11/2/18,1/7/19,WS37,,,
F0368,A,1.52,3.6039,4.8208,3.8839,11/2/18,1/7/19,WS37,,,
F0369,A,1.53,3.6341,4.527,3.821,11/2/18,1/7/19,USHF,,,
F0370,A,1.47,3.6257,4.5282,3.8171,11/2/18,1/7/19,USHF,,,
F0371,A,1.56,3.565,4.6353,3.7821,11/2/18,1/7/19,USHF,,,
F0372,A,1.44,3.5644,4.3078,3.651,11/2/18,1/7/19,USHF,,,
F0373,A,1.46,3.5274,4.4653,3.6085,11/2/18,1/7/19,LCCR,,,
F0374,A,1.48,3.5401,4.4988,3.6708,11/2/18,1/7/19,LCCR,,,
F0375,A,1.4,3.5278,4.4387,3.644,11/2/18,1/7/19,LCCR,,,
F0376,A,1.51,3.6533,4.6652,3.7519,11/2/18,1/7/19,LCCR,,,
F0001,R,1.41,3.6215,4.6511,3.7188,12/5/18,2/6/19,USHF,,,
F0002,R,1.55,NA,NA,NA,12/5/18,2/6/19,USHF,,hole,bag broke
F0003,R,1.42,3.5225,4.5218,3.6238,12/5/18,2/6/19,USHF,,,
F0004,R,1.59,NA,NA,NA,12/5/18,2/6/19,USHF,,,
F0005,R,1.41,3.5551,4.7541,3.6375,12/5/18,2/6/19,CWCR,,,
F0006,R,1.59,3.5258,4.7484,3.654,12/5/18,2/6/19,CWCR,,,
F0007,R,1.45,3.6818,4.8107,3.7513,12/5/18,2/6/19,CWCR,,,
F0008,R,1.4,3.6398,4.7729,3.7164,12/5/18,2/6/19,CWCR,,,
F0009,R,1.43,3.5329,4.7075,3.6494,12/5/18,2/6/19,WS34,,,
F0010,R,1.46,3.5525,4.7047,3.6627,12/5/18,2/6/19,WS34,,,
F0011,R,1.47,3.6751,4.9753,3.7506,12/5/18,2/6/19,WS34,,,
F0012,R,1.46,3.5335,4.6529,3.6005,12/5/18,2/6/19,WS34,,,
F0013,R,1.41,3.5339,4.5873,3.5894,12/5/18,2/6/19,TOWR,,,
F0014,R,1.47,3.5453,4.7943,3.6149,12/5/18,2/6/19,TOWR,,,
F0015,R,1.47,3.5169,4.7108,NA,12/5/18,2/6/19,TOWR,,,
F0016,R,1.41,3.5127,4.6202,3.5755,12/5/18,2/6/19,TOWR,,,
F0017,R,1.59,3.5337,4.9306,3.6422,12/5/18,2/6/19,LCCR,,,
F0018,R,1.43,3.6445,4.771,3.7176,12/5/18,2/6/19,LCCR,,,
F0019,R,1.57,3.5169,4.6797,3.5777,12/5/18,2/6/19,LCCR,,,
F0020,R,1.41,3.6608,4.7324,3.7315,12/5/18,2/6/19,LCCR,,,
F0021,R,1.57,3.6048,4.7744,3.675,12/5/18,2/6/19,WS17,,,
F0022,R,1.49,3.6626,4.8167,3.7352,12/5/18,2/6/19,WS17,,,
F0023,R,1.51,3.6176,4.7814,3.7046,12/5/18,2/6/19,WS17,,,
F0024,R,1.53,3.6462,4.9057,3.7569,12/5/18,2/6/19,WS17,,,
F0025,R,1.41,NA,NA,NA,12/5/18,2/6/19,WS09,,,
F0026,R,1.57,NA,NA,NA,12/5/18,2/6/19,WS09,,,
F0027,R,1.51,3.5394,4.8449,3.618,12/5/18,2/6/19,WS09,,,
F0028,R,1.58,NA,NA,NA,12/5/18,2/6/19,WS09,,,
F0029,R,1.58,3.6173,4.8714,3.6777,12/5/18,2/6/19,WS55,,,
F0030,R,1.54,3.6795,4.9685,3.7432,12/5/18,2/6/19,WS55,,,
F0031,R,1.41,3.6354,4.8681,3.6945,12/5/18,2/6/19,WS55,,,
F0032,R,1.53,3.5554,4.7398,3.6185,12/5/18,2/6/19,WS55,,,
F0033,R,1.46,3.6318,4.384,3.6826,12/5/18,2/6/19,HNCR,,,
F0034,R,1.47,3.6006,4.681,3.666,12/5/18,2/6/19,HNCR,,,
F0035,R,1.54,3.5308,4.8621,3.6064,12/5/18,2/6/19,HNCR,,,
F0036,R,1.53,3.6596,4.8113,3.7338,12/5/18,2/6/19,HNCR,,,
F0037,R,1.57,3.63,4.8884,3.715,12/5/18,2/6/19,WS37,,,
F0038,R,1.43,3.6191,4.7276,3.6841,12/5/18,2/6/19,WS37,,,
F0039,R,1.56,3.6306,4.9786,3.7304,12/5/18,2/6/19,WS37,,,
F0040,R,1.45,3.5312,4.6827,3.6084,12/5/18,2/6/19,WS37,,,
F0049,A,1.47,3.5563,4.2672,3.6534,12/5/18,2/6/19,WS34,,,
F0050,A,1.59,3.5377,4.7356,3.9847,12/5/18,2/6/19,WS34,,,
F0051,A,1.47,3.5231,4.3057,3.694,12/5/18,2/6/19,WS34,,,
F0052,A,1.57,3.6188,4.3806,3.7506,12/5/18,2/6/19,WS34,,,
F0053,A,1.45,3.6235,4.3868,3.6964,12/5/18,2/6/19,LCCR,,,
F0054,A,1.5,3.528,4.3826,3.61,12/5/18,2/6/19,LCCR,,,
F0055,A,1.55,3.5454,4.523,3.6585,12/5/18,2/6/19,LCCR,,,
F0056,A,1.43,3.5302,4.4714,3.7131,12/5/18,2/6/19,LCCR,,,
F0057,A,1.57,3.5304,4.0106,3.5749,12/5/18,2/6/19,WS09,,,
F0058,A,1.4,NA,NA,NA,12/5/18,2/6/19,WS09,,,
F0059,A,1.4,3.5562,4.2355,3.6548,12/5/18,2/6/19,WS09,,,
F0060,A,1.42,3.5613,4.2389,3.6824,12/5/18,2/6/19,WS09,,,
F0061,A,1.59,3.6468,4.7653,3.905,12/5/18,2/6/19,WS37,,,
F0062,A,1.54,3.6655,4.4774,3.7985,12/5/18,2/6/19,WS37,,,
F0063,A,1.47,3.6522,4.4439,3.78,12/5/18,2/6/19,WS37,,,
F0064,A,1.56,3.5277,4.3914,3.645,12/5/18,2/6/19,WS37,,,
F0065,A,1.47,3.65,4.445,3.7423,12/5/18,2/6/19,HNCR,,,
F0066,A,1.47,3.5317,4.3092,3.6225,12/5/18,2/6/19,HNCR,,,
F0067,A,1.47,3.6831,4.4876,3.784,12/5/18,2/6/19,HNCR,,,
F0068,A,1.47,3.6198,4.4198,3.7159,12/5/18,2/6/19,HNCR,,,
F0069,A,1.54,3.5553,4.3661,3.6226,12/5/18,2/6/19,WS17,,,
F0070,A,1.5,3.6637,4.5559,3.76,12/5/18,2/6/19,WS17,,,
F0071,A,1.47,3.5341,4.313,3.6061,12/5/18,2/6/19,WS17,,,
F0072,A,1.44,3.5314,4.3899,3.6167,12/5/18,2/6/19,WS17,,,
F0073,A,1.46,3.5619,4.2336,3.6443,12/5/18,2/6/19,CWCR,,,
F0074,A,1.49,3.6563,4.2136,3.732,12/5/18,2/6/19,CWCR,,,
F0075,A,1.59,3.6819,4.6122,3.8596,12/5/18,2/6/19,CWCR,,,
F0076,A,1.57,3.5572,4.3779,3.6587,12/5/18,2/6/19,CWCR,,,
F0077,A,1.52,3.6069,4.6106,3.837,12/5/18,2/6/19,TOWR,,,
F0078,A,1.45,3.6392,4.5595,3.8141,12/5/18,2/6/19,TOWR,,,
F0079,A,1.5,3.6516,4.8078,3.9257,12/5/18,2/6/19,TOWR,,,
F0080,A,1.57,3.645,4.6492,3.8401,12/5/18,2/6/19,TOWR,,,
F0081,A,1.44,3.6397,4.2082,3.7278,12/5/18,2/6/19,USHF,,,
F0082,A,1.49,3.6531,4.3503,3.7461,12/5/18,2/6/19,USHF,,,
F0083,A,1.48,3.6507,4.3276,3.7389,12/5/18,2/6/19,USHF,,,
F0084,A,1.49,NA,NA,NA,12/5/18,2/6/19,USHF,,,
F0085,A,1.46,3.6585,4.5462,3.7902,12/5/18,2/6/19,WS55,,,
F0086,A,1.56,3.553,4.4763,3.6258,12/5/18,2/6/19,WS55,,,
F0087,A,1.56,3.6588,4.4932,3.7499,12/5/18,2/6/19,WS55,,,
F0088,A,1.55,3.6489,4.5792,3.8031,12/5/18,2/6/19,WS55,,,
F0097,R,1.6,3.5157,4.6822,3.5881,1/7/19,3/6/19,WS37,,,
F0098,R,1.56,3.5438,4.6441,3.6127,1/7/19,3/6/19,WS37,,,
F0099,R,1.41,3.5346,4.7055,3.6201,1/7/19,3/6/19,WS37,,,
F0100,R,1.51,3.5446,4.6883,3.6179,1/7/19,3/6/19,WS37,,,
F0101,R,1.5,3.5383,4.6893,3.6049,1/7/19,3/6/19,WS34,,,
F0102,R,1.53,3.664,4.9361,3.7687,1/7/19,3/6/19,WS34,,,
F0103,R,1.53,3.5915,4.6959,3.6906,1/7/19,3/6/19,WS34,,,
F0104,R,1.5,3.6159,4.7101,3.6794,1/7/19,3/6/19,WS34,,,
F0105,R,1.46,3.624,4.487,3.6881,1/7/19,3/6/19,LCCR,,,
F0106,R,1.57,3.5158,4.6685,3.587,1/7/19,3/6/19,LCCR,,,
F0107,R,1.41,3.6317,4.7085,3.7144,1/7/19,3/6/19,LCCR,,,
F0108,R,1.42,3.5372,4.7348,3.6377,1/7/19,3/6/19,LCCR,,,
F0109,R,1.57,NA,NA,NA,1/7/19,3/6/19,USHF,,,
F0110,R,1.47,3.528,4.5559,3.5916,1/7/19,3/6/19,USHF,,,
F0111,R,1.42,NA,NA,NA,1/7/19,3/6/19,USHF,,,
F0112,R,1.48,NA,NA,NA,1/7/19,3/6/19,USHF,,,
F0113,R,1.45,3.6128,4.7112,3.7257,1/7/19,3/6/19,HNCR,,,
F0114,R,1.6,3.6758,4.946,3.7738,1/7/19,3/6/19,HNCR,,,
F0115,R,1.52,3.6345,4.8987,3.7403,1/7/19,3/6/19,HNCR,,,
F0116,R,1.49,3.5733,4.6525,3.6457,1/7/19,3/6/19,HNCR,,,
F0117,R,1.58,3.5455,4.748,3.6456,1/7/19,3/6/19,WS17,,,
F0118,R,1.56,3.557,4.6731,3.6244,1/7/19,3/6/19,WS17,,,
F0119,R,1.55,3.5014,4.7503,3.673,1/7/19,3/6/19,WS17,,,
F0120,R,1.47,3.545,4.6032,3.6449,1/7/19,3/6/19,WS17,,,
F0121,R,1.41,3.647,4.4661,3.7062,1/7/19,3/6/19,CWCR,,,
F0122,R,1.4,3.6317,4.5858,3.7243,1/7/19,3/6/19,CWCR,,,
F0123,R,1.55,NA,NA,NA,1/7/19,3/6/19,CWCR,,,
F0124,R,1.51,3.6596,4.6261,3.7418,1/7/19,3/6/19,CWCR,,,
F0125,R,1.44,3.5323,4.6475,3.6091,1/7/19,3/6/19,WS09,,,
F0126,R,1.49,3.6235,4.8789,3.748,1/7/19,3/6/19,WS09,,,
F0127,R,1.56,NA,NA,NA,1/7/19,3/6/19,WS09,,,
F0128,R,1.42,NA,NA,NA,1/7/19,3/6/19,WS09,,,
F0129,R,1.48,3.5279,4.8252,NA,1/7/19,3/6/19,TOWR,,,
F0130,R,1.47,3.6541,4.8119,3.7157,1/7/19,3/6/19,TOWR,,,
F0131,R,1.57,3.5204,4.788,3.5808,1/7/19,3/6/19,TOWR,,,
F0132,R,1.48,3.5407,4.7639,3.6346,1/7/19,3/6/19,TOWR,,,
F0133,R,1.55,3.5274,4.9356,3.6342,1/7/19,3/6/19,WS55,,,
F0134,R,1.59,3.611,5.0069,3.7069,1/7/19,3/6/19,WS55,,,
F0135,R,1.41,3.5569,4.6804,3.623,1/7/19,3/6/19,WS55,,,
F0136,R,1.41,3.5334,4.6428,3.5925,1/7/19,3/6/19,WS55,,,
F0145,A,1.44,3.5543,3.8076,3.5767,1/7/19,3/6/19,USHF,,,
F0146,A,1.42,NA,NA,NA,1/7/19,3/6/19,USHF,,,
F0147,A,1.5,3.6613,4.4212,3.7821,1/7/19,3/6/19,USHF,,,
F0148,A,1.43,3.5088,4.2275,3.6125,1/7/19,3/6/19,USHF,,,
F0149,A,1.46,3.6423,4.5349,3.8095,1/7/19,3/6/19,WS17,,,
F0150,A,1.54,3.6133,4.3894,3.6998,1/7/19,3/6/19,WS17,,,
F0151,A,1.51,3.5445,4.3645,3.6471,1/7/19,3/6/19,WS17,,,
F0152,A,1.42,3.5542,4.3344,3.6375,1/7/19,3/6/19,WS17,,,
F0153,A,1.48,3.6168,4.3781,3.7,1/7/19,3/6/19,CWCR,,,
F0154,A,1.41,NA,NA,NA,1/7/19,3/6/19,CWCR,,,
F0155,A,1.49,3.5272,4.3743,3.6477,1/7/19,3/6/19,CWCR,,,
F0156,A,1.43,NA,NA,NA,1/7/19,3/6/19,CWCR,,,
F0157,A,1.46,3.6092,4.4393,3.719,1/7/19,3/6/19,WS09,,,
F0158,A,1.57,NA,NA,NA,1/7/19,3/6/19,WS09,,,
F0159,A,1.45,3.5344,4.3777,3.6425,1/7/19,3/6/19,WS09,,,
F0160,A,1.54,3.647,4.4529,3.727,1/7/19,3/6/19,WS09,,hole,hole
F0161,A,1.43,3.6427,4.4705,3.7202,1/7/19,3/6/19,WS55,,,
F0162,A,1.58,3.6625,4.7757,3.8753,1/7/19,3/6/19,WS55,,,
F0163,A,1.52,3.635,4.669,3.7608,1/7/19,3/6/19,WS55,,,
F0164,A,1.56,3.6597,4.7613,3.8205,1/7/19,3/6/19,WS55,,,
F0165,A,1.51,3.5129,4.3699,3.6258,1/7/19,3/6/19,TOWR,,,
F0166,A,1.5,3.6482,4.5005,3.7308,1/7/19,3/6/19,TOWR,,,
F0167,A,1.47,3.5481,4.5366,3.7035,1/7/19,3/6/19,TOWR,,,
F0168,A,1.49,3.5336,4.5818,3.7332,1/7/19,3/6/19,TOWR,,,
F0169,A,1.49,3.5567,4.3912,3.7415,1/7/19,3/6/19,WS34,,,
F0170,A,1.49,3.5396,4.2835,3.7505,1/7/19,3/6/19,WS34,,,
F0171,A,1.47,3.5065,4.2916,3.6819,1/7/19,3/6/19,WS34,,,
F0172,A,1.47,3.5341,4.2557,3.6255,1/7/19,3/6/19,WS34,,,
F0173,A,1.45,3.6514,4.5026,3.7722,1/7/19,3/6/19,WS37,,,
F0174,A,1.57,3.6665,4.6187,3.821,1/7/19,3/6/19,WS37,,hole, small hole
F0175,A,1.42,3.619,4.4759,3.7642,1/7/19,3/6/19,WS37,,,
F0176,A,1.45,3.5711,4.3049,3.6499,1/7/19,3/6/19,WS37,,hole,hole
F0177,A,1.49,3.6856,4.5885,3.7832,1/7/19,3/6/19,LCCR,,,
F0178,A,1.48,3.6493,4.5566,3.8581,1/7/19,3/6/19,LCCR,,,
F0179,A,1.53,3.6635,4.6169,3.8191,1/7/19,3/6/19,LCCR,,,
F0180,A,1.54,3.5272,4.585,3.7066,1/7/19,3/6/19,LCCR,,,
F0181,A,1.42,3.6304,4.5399,3.7641,1/7/19,3/6/19,HNCR,,,
F0182,A,1.5,3.5331,4.4311,3.6697,1/7/19,3/6/19,HNCR,,,
F0183,A,1.44,3.6623,4.5485,3.7695,1/7/19,3/6/19,HNCR,,,
F0184,A,1.49,3.5351,4.5316,3.6399,1/7/19,3/6/19,HNCR,,,
F0193,R,1.56,3.6395,4.831,3.7026,2/6/19,4/3/19,WS37,,,
F0194,R,1.43,3.5388,4.8807,3.6521,2/6/19,4/3/19,WS37,,,
F0195,R,1.43,3.6307,4.7929,3.7244,2/6/19,4/3/19,WS37,,,
F0196,R,1.52,3.6585,4.7694,3.7284,2/6/19,4/3/19,WS37,,,
F0197,R,1.49,3.6734,4.8708,3.7563,2/6/19,4/3/19,USHF,,hole,large hole
F0198,R,1.51,3.6051,4.6567,3.7033,2/6/19,4/3/19,USHF,,,
F0199,R,1.54,3.5374,4.6442,3.6722,2/6/19,4/3/19,USHF,,,
F0200,R,1.5,NA,NA,NA,2/6/19,4/3/19,USHF,,hole,bag broke
F0201,R,1.48,3.6268,4.6919,3.7058,2/6/19,4/3/19,WS34,,,
F0202,R,1.6,3.6305,4.7559,3.7096,2/6/19,4/3/19,WS34,,,
F0203,R,1.45,3.528,4.6044,3.5855,2/6/19,4/3/19,WS34,,,
F0204,R,1.56,3.6555,4.928,3.7311,2/6/19,4/3/19,WS34,,,
F0205,R,1.47,3.6425,4.8804,3.7113,2/6/19,4/3/19,WS55,,,
F0206,R,1.54,3.6236,4.932,3.6921,2/6/19,4/3/19,WS55,,,
F0207,R,1.6,3.6524,5.1313,3.7372,2/6/19,4/3/19,WS55,,,
F0208,R,1.53,3.562,4.8163,3.6343,2/6/19,4/3/19,WS55,,,
F0209,R,1.48,3.5226,4.6916,3.6089,2/6/19,4/3/19,WS17,,,
F0210,R,1.6,3.5455,4.7907,3.6222,2/6/19,4/3/19,WS17,,,
F0211,R,1.58,3.6653,4.7963,3.7398,2/6/19,4/3/19,WS17,,,
F0212,R,1.47,3.6472,4.7833,3.7896,2/6/19,4/3/19,WS17,,,
F0213,R,1.44,3.5302,4.7057,3.6177,2/6/19,4/3/19,LCCR,,,
F0214,R,1.52,3.5293,4.7174,3.6253,2/6/19,4/3/19,LCCR,,,
F0215,R,1.49,3.5383,4.8121,3.6169,2/6/19,4/3/19,LCCR,,,
F0216,R,1.57,3.62,4.7978,3.6975,2/6/19,4/3/19,LCCR,,,
F0217,R,1.44,3.5568,4.8277,3.6204,2/6/19,4/3/19,WS05,,,
F0218,R,1.56,3.555,4.817,3.6518,2/6/19,4/3/19,WS05,,,
F0219,R,1.58,3.6627,4.9069,3.744,2/6/19,4/3/19,WS05,,,
F0220,R,1.41,3.6488,4.6688,3.7039,2/6/19,4/3/19,WS05,,,
F0221,R,1.42,3.6185,4.6928,3.6872,2/6/19,4/3/19,HNCR,,,
F0222,R,1.49,3.5339,4.6534,3.6129,2/6/19,4/3/19,HNCR,,,
F0223,R,1.47,3.5561,4.6549,3.6596,2/6/19,4/3/19,HNCR,,,
F0224,R,1.52,3.5273,4.6793,3.6264,2/6/19,4/3/19,HNCR,,hole,hole
F0225,R,1.57,3.5307,4.8317,3.7225,2/6/19,4/3/19,CWCR,,,
F0226,R,1.48,3.561,4.8167,3.6813,2/6/19,4/3/19,CWCR,,,
F0227,R,1.53,3.6825,4.8787,3.7833,2/6/19,4/3/19,CWCR,,,
F0228,R,1.4,3.5302,4.6491,3.6446,2/6/19,4/3/19,CWCR,,,
F0229,R,1.44,3.6816,4.6941,3.7481,2/6/19,4/3/19,WS09,,,
F0230,R,1.55,3.5513,4.7342,3.6341,2/6/19,4/3/19,WS09,,,
F0231,R,1.59,3.6426,4.8081,3.7336,2/6/19,4/3/19,WS09,,,
F0232,R,1.47,3.62,4.8973,3.7345,2/6/19,4/3/19,WS09,,,
F0241,A,1.41,3.5204,4.3816,3.7408,2/6/19,4/3/19,WS17,,,
F0242,A,1.57,3.5266,4.4642,3.6297,2/6/19,4/3/19,WS17,,,
F0243,A,1.44,3.6165,4.6456,3.8331,2/6/19,4/3/19,WS17,,,
F0244,A,1.42,3.5517,4.4234,3.6644,2/6/19,4/3/19,WS17,,,
F0245,A,1.51,3.5245,4.6792,3.7944,2/6/19,4/3/19,HNCR,,,
F0246,A,1.54,3.5397,4.5469,3.7006,2/6/19,4/3/19,HNCR,,,
F0247,A,1.44,3.5296,4.5859,3.7301,2/6/19,4/3/19,HNCR,,,
F0248,A,1.46,3.6535,4.7322,3.9114,2/6/19,4/3/19,HNCR,,,
F0249,A,1.41,3.5528,4.4695,3.7015,2/6/19,4/3/19,WS55,,,
F0250,A,1.46,3.6488,4.7636,3.8952,2/6/19,4/3/19,WS55,,,
F0251,A,1.43,3.5458,4.4622,3.6895,2/6/19,4/3/19,WS55,,,
F0252,A,1.45,3.6593,4.7778,3.9409,2/6/19,4/3/19,WS55,,,
F0253,A,1.48,3.5186,4.2226,3.5982,2/6/19,4/3/19,USHF,,,
F0254,A,1.41,3.6342,4.3841,3.7208,2/6/19,4/3/19,USHF,,,
F0255,A,1.5,3.5216,4.3401,3.623,2/6/19,4/3/19,USHF,,,
F0256,A,1.57,3.5378,4.2956,3.623,2/6/19,4/3/19,USHF,,,
F0257,A,1.49,3.6755,4.4437,3.7641,2/6/19,4/3/19,LCCR,,,
F0258,A,1.49,3.5125,4.417,3.6099,2/6/19,4/3/19,LCCR,,,
F0259,A,1.47,3.5204,4.3137,3.6117,2/6/19,4/3/19,LCCR,,,
F0260,A,1.57,3.5464,4.4599,3.6663,2/6/19,4/3/19,LCCR,,,
F0261,A,1.55,3.6301,4.5199,3.7143,2/6/19,4/3/19,WS37,,,
F0262,A,1.45,3.6373,4.3838,NA,2/6/19,4/3/19,WS37,,,
F0263,A,1.5,3.6344,4.6792,NA,2/6/19,4/3/19,WS37,,,
F0264,A,1.5,3.6444,4.8188,3.8275,2/6/19,4/3/19,WS37,,,
F0265,A,1.53,3.623,4.4981,3.7599,2/6/19,4/3/19,WS34,,,
F0266,A,1.55,3.5283,4.5825,3.7864,2/6/19,4/3/19,WS34,,,
F0267,A,1.43,3.554,4.2906,NA,2/6/19,4/3/19,WS34,,,
F0268,A,1.55,3.6267,4.3932,3.7491,2/6/19,4/3/19,WS34,,,
F0269,A,1.57,3.5532,4.3398,NA,2/6/19,4/3/19,WS09,,,
F0270,A,1.47,NA,NA,NA,2/6/19,4/3/19,WS09,,,
F0271,A,1.51,NA,NA,NA,2/6/19,4/3/19,WS09,,,
F0272,A,1.59,3.5272,4.1779,3.6292,2/6/19,4/3/19,WS09,,hole,hole
F0273,A,1.56,3.6471,4.6078,NA,2/6/19,4/3/19,WS05,,,
F0274,A,1.47,3.5316,4.5405,NA,2/6/19,4/3/19,WS05,,,
F0275,A,1.54,3.6565,4.7126,3.832,2/6/19,4/3/19,WS05,,,
F0276,A,1.45,3.646,4.6641,3.901,2/6/19,4/3/19,WS05,,,
F0277,A,1.41,3.6626,4.5983,3.8647,2/6/19,4/3/19,CWCR,,,
F0278,A,1.51,NA,NA,NA,2/6/19,4/3/19,CWCR,,,
F0279,A,1.41,3.5202,4.33,3.735,2/6/19,4/3/19,CWCR,,,
F0280,A,1.49,3.5275,4.4578,3.7089,2/6/19,4/3/19,CWCR,,,
F0289,R,1.54,3.5918,4.493,3.6694,3/6/19,5/8/19,WS09,,,
F0290,R,1.41,3.625,4.6052,3.709,3/6/19,5/8/19,WS09,,,
F0291,R,1.57,3.554,4.3154,3.624,3/6/19,5/8/19,WS09,,,
F0292,R,1.48,NA,NA,NA,3/6/19,5/8/19,WS09,,,
F0293,R,1.57,3.5377,4.5738,3.6367,3/6/19,5/8/19,WS37,,,
F0294,R,1.49,3.6469,4.8934,3.7681,3/6/19,5/8/19,WS37,,,
F0295,R,1.51,3.612,4.6598,3.678,3/6/19,5/8/19,WS37,,,
F0296,R,1.56,3.5136,4.6427,3.5973,3/6/19,5/8/19,WS37,,,
F0297,R,1.51,3.6651,4.6559,3.7614,3/6/19,5/8/19,CWCR,,,
F0298,R,1.52,3.5351,3.6356,3.5502,3/6/19,5/8/19,CWCR,,hole,hole
F0299,R,1.43,3.5448,4.4347,3.613,3/6/19,5/8/19,CWCR,,,
F0300,R,1.54,3.616,4.6587,3.6989,3/6/19,5/8/19,CWCR,,,
F0301,R,1.45,3.5157,4.582,3.5953,3/6/19,5/8/19,WS05,,,
F0302,R,1.44,3.5294,4.5513,3.5834,3/6/19,5/8/19,WS05,,,
F0303,R,1.55,3.5379,4.8323,3.6211,3/6/19,5/8/19,WS05,,,
F0304,R,1.43,3.5431,4.6066,3.6008,3/6/19,5/8/19,WS05,,,
F0305,R,1.46,3.5285,4.5317,3.5924,3/6/19,5/8/19,WS34,,,
F0306,R,1.4,3.555,4.5365,3.6159,3/6/19,5/8/19,WS34,,,
F0307,R,1.45,3.5456,4.5167,3.6358,3/6/19,5/8/19,WS34,,,
F0308,R,1.51,3.6352,4.5932,3.6988,3/6/19,5/8/19,WS34,,,
F0309,R,1.46,3.6473,4.7,3.7503,3/6/19,5/8/19,LCCR,,,
F0310,R,1.4,3.6622,4.684,3.726,3/6/19,5/8/19,LCCR,,,
F0311,R,1.57,3.6413,4.9689,3.7205,3/6/19,5/8/19,LCCR,,,
F0312,R,1.42,3.5336,4.5745,3.6045,3/6/19,5/8/19,LCCR,,,
F0313,R,1.53,3.5732,4.6859,3.649,3/6/19,5/8/19,HNCR,,,
F0314,R,1.53,3.6132,4.6797,3.6966,3/6/19,5/8/19,HNCR,,,
F0315,R,1.41,3.6153,4.6508,3.7136,3/6/19,5/8/19,HNCR,,,
F0316,R,1.54,3.5348,4.8417,3.6246,3/6/19,5/8/19,HNCR,,,
F0317,R,1.58,3.6222,4.9922,3.7757,3/6/19,5/8/19,WS17,,,
F0318,R,1.48,3.5385,4.6074,3.6053,3/6/19,5/8/19,WS17,,,
F0319,R,1.4,3.631,4.5585,3.6877,3/6/19,5/8/19,WS17,,,
F0320,R,1.45,3.6452,4.5836,3.7136,3/6/19,5/8/19,WS17,,,
F0321,R,1.55,3.6672,4.8734,3.7669,3/6/19,5/8/19,WS55,,,
F0322,R,1.58,3.6349,4.8334,3.7019,3/6/19,5/8/19,WS55,,,
F0323,R,1.51,3.6126,4.7209,3.6809,3/6/19,5/8/19,WS55,,,
F0324,R,1.55,3.6594,5.052,3.7474,3/6/19,5/8/19,WS55,,,
F0325,R,1.52,3.5117,4.4605,3.5712,3/6/19,5/8/19,USHF,,hole,hole
F0326,R,1.48,3.6735,4.4378,3.7405,3/6/19,5/8/19,USHF,,,
F0327,R,1.5,NA,NA,NA,3/6/19,5/8/19,USHF,,,
F0328,R,1.59,NA,NA,NA,3/6/19,5/8/19,USHF,,,
F0337,A,1.54,3.5343,4.3682,3.7285,3/6/19,5/8/19,WS17,,,
F0338,A,1.55,3.6318,4.3871,3.7538,3/6/19,5/8/19,WS17,,,
F0339,A,1.43,3.5418,4.2318,3.6281,3/6/19,5/8/19,WS17,,,
F0340,A,1.43,3.5171,4.2533,3.6274,3/6/19,5/8/19,WS17,,,
F0341,A,1.48,3.5336,4.3603,3.6519,3/6/19,5/8/19,WS05,,,
F0342,A,1.5,3.5339,4.264,3.6014,3/6/19,5/8/19,WS05,,,
F0343,A,1.51,3.5313,4.5098,3.7265,3/6/19,5/8/19,WS05,,,
F0344,A,1.53,3.6464,4.6484,3.7684,3/6/19,5/8/19,WS05,,,
F0345,A,1.56,3.5167,4.3373,3.6355,3/6/19,5/8/19,HNCR,,,
F0346,A,1.5,3.6264,4.4351,3.7564,3/6/19,5/8/19,HNCR,,,
F0347,A,1.54,3.6317,4.5439,3.7337,3/6/19,5/8/19,HNCR,,,
F0348,A,1.5,3.5124,4.4548,3.6235,3/6/19,5/8/19,HNCR,,,
F0349,A,1.45,3.5225,4.3214,3.6401,3/6/19,5/8/19,CWCR,,,
F0350,A,1.51,3.6555,4.384,3.7511,3/6/19,5/8/19,CWCR,,,
F0351,A,1.43,3.6445,4.3396,3.7904,3/6/19,5/8/19,CWCR,,,
F0352,A,1.59,3.5505,3.8491,3.5928,3/6/19,5/8/19,CWCR,,hole,hole
F0353,A,1.48,3.527,4.1955,3.608,3/6/19,5/8/19,WS09,,,
F0354,A,1.56,3.5987,4.5051,3.763,3/6/19,5/8/19,WS09,,,
F0355,A,1.51,3.5283,4.2411,3.6172,3/6/19,5/8/19,WS09,,,
F0356,A,1.55,3.6171,4.4462,3.789,3/6/19,5/8/19,WS09,,,
F0357,A,1.44,3.5292,4.3171,3.6132,3/6/19,5/8/19,WS55,,,
F0358,A,1.49,3.5346,4.3942,3.6456,3/6/19,5/8/19,WS55,,,
F0359,A,1.4,3.6466,4.5483,3.836,3/6/19,5/8/19,WS55,,,
F0360,A,1.41,3.6231,4.4088,3.7506,3/6/19,5/8/19,WS55,,,
F0361,A,1.43,3.5242,3.9052,3.5754,3/6/19,5/8/19,USHF,,,
F0362,A,1.51,NA,NA,NA,3/6/19,5/8/19,USHF,,,
F0363,A,1.49,3.5418,4.2403,3.677,3/6/19,5/8/19,USHF,,,
F0364,A,1.4,3.5302,4.2596,3.6845,3/6/19,5/8/19,USHF,,,
F0365,A,1.43,3.6159,4.5449,3.7657,3/6/19,5/8/19,LCCR,,,
F0366,A,1.51,3.5326,4.459,3.6627,3/6/19,5/8/19,LCCR,,,
F0367,A,1.53,3.5319,4.5032,3.6377,3/6/19,5/8/19,LCCR,,,
F0368,A,1.41,3.6648,4.5172,3.7782,3/6/19,5/8/19,LCCR,,,
F0369,A,1.46,3.5502,4.3669,3.6444,3/6/19,5/8/19,WS37,,,
F0370,A,1.51,3.678,4.535,3.7791,3/6/19,5/8/19,WS37,,,
F0371,A,1.52,3.654,4.4782,3.7469,3/6/19,5/8/19,WS37,,,
F0372,A,1.51,3.5493,4.4665,3.7057,3/6/19,5/8/19,WS37,,,
F0373,A,1.44,3.5361,4.3651,3.7127,3/6/19,5/8/19,WS34,,,
F0374,A,1.42,3.5567,4.1831,3.664,3/6/19,5/8/19,WS34,,,
F0375,A,1.59,3.5405,4.2212,3.6638,3/6/19,5/8/19,WS34,,,
F0376,A,1.55,3.5305,4.2347,3.6183,3/6/19,5/8/19,WS34,,,
F0001,R,1.55,3.5719,4.7701,3.6524,4/3/19,6/5/19,WS17,,,
F0002,R,1.42,3.552,4.4959,3.6215,4/3/19,6/5/19,WS17,,,
F0003,R,1.55,3.5573,4.6323,3.6256,4/3/19,6/5/19,WS17,,,
F0004,R,1.52,3.6503,4.8119,3.715,4/3/19,6/5/19,WS17,,,
F0005,R,1.43,3.6635,4.4787,3.719,4/3/19,6/5/19,USHF,,,
F0006,R,1.56,3.5222,4.474,3.5823,4/3/19,6/5/19,USHF,,,
F0007,R,1.44,3.5285,4.3315,3.5806,4/3/19,6/5/19,USHF,,,
F0008,R,1.41,NA,NA,NA,4/3/19,6/5/19,USHF,,,
F0009,R,1.51,3.6052,4.7696,3.6779,4/3/19,6/5/19,WS37,,,
F0010,R,1.57,3.5431,4.6679,3.6211,4/3/19,6/5/19,WS37,,,
F0011,R,1.42,3.5441,4.5047,3.6153,4/3/19,6/5/19,WS37,,,
F0012,R,1.48,3.6026,4.5544,3.6665,4/3/19,6/5/19,WS37,,,
F0013,R,1.42,3.6021,4.4317,3.6518,4/3/19,6/5/19,WS34,,,
F0014,R,1.49,3.5386,4.4879,3.6155,4/3/19,6/5/19,WS34,,,
F0015,R,1.47,3.529,4.495,3.5918,4/3/19,6/5/19,WS34,,,
F0016,R,1.54,3.5045,4.7225,3.5719,4/3/19,6/5/19,WS34,,,
F0017,R,1.46,3.545,4.7397,3.6122,4/3/19,6/5/19,LCCR,,,
F0018,R,1.41,3.6432,4.5676,3.71,4/3/19,6/5/19,LCCR,,,
F0019,R,1.53,3.6132,4.6915,3.68,4/3/19,6/5/19,LCCR,,,
F0020,R,1.41,3.5551,4.602,3.6135,4/3/19,6/5/19,LCCR,,,
F0021,R,1.45,3.6125,4.4608,3.6806,4/3/19,6/5/19,HNCR,,,
F0022,R,1.4,3.616,4.6469,3.6996,4/3/19,6/5/19,HNCR,,,
F0023,R,1.43,3.6235,4.4987,3.6847,4/3/19,6/5/19,HNCR,,,
F0024,R,1.47,3.519,NA,NA,4/3/19,6/5/19,HNCR,,,
F0025,R,1.53,NA,NA,NA,4/3/19,6/5/19,CWCR,,,
F0026,R,1.52,NA,NA,NA,4/3/19,6/5/19,CWCR,,,
F0027,R,1.55,3.543,4.4037,3.5935,4/3/19,6/5/19,CWCR,,,
F0028,R,1.44,3.6258,4.6002,3.6885,4/3/19,6/5/19,CWCR,,,
F0029,R,1.44,3.6718,4.9108,3.7397,4/3/19,6/5/19,WS55,,,
F0030,R,1.45,3.547,4.6131,3.6089,4/3/19,6/5/19,WS55,,,
F0031,R,1.52,3.5568,4.7321,3.6275,4/3/19,6/5/19,WS55,,,
F0032,R,1.45,3.6546,4.7427,3.7172,4/3/19,6/5/19,WS55,,,
F0033,R,1.47,3.6562,4.5422,3.7172,4/3/19,6/5/19,WS09,,,
F0034,R,1.54,3.6145,4.7887,3.7194,4/3/19,6/5/19,WS09,,,
F0035,R,1.5,3.6516,4.5985,3.7198,4/3/19,6/5/19,WS09,,,
F0036,R,1.53,3.6306,4.6039,3.6848,4/3/19,6/5/19,WS09,,,
F0037,R,1.58,3.5978,4.6729,NA,4/3/19,6/5/19,WS05,,,
F0038,R,1.53,3.6629,4.8058,3.743,4/3/19,6/5/19,WS05,,,
F0039,R,1.5,3.642,4.7664,3.7066,4/3/19,6/5/19,WS05,,,
F0040,R,1.44,3.5475,4.755,3.6191,4/3/19,6/5/19,WS05,,,
F0049,A,1.47,3.6091,4.3148,3.6926,4/3/19,6/5/19,WS55,,,
F0050,A,1.44,3.6971,4.4614,3.8146,4/3/19,6/5/19,WS55,,,
F0051,A,1.49,3.6352,4.2921,3.7281,4/3/19,6/5/19,WS55,,,
F0052,A,1.58,3.545,4.2811,3.6839,4/3/19,6/5/19,WS55,,,
F0053,A,1.53,3.5485,4.0281,3.641,4/3/19,6/5/19,WS09,,,
F0054,A,1.49,NA,NA,NA,4/3/19,6/5/19,WS09,,,
F0055,A,1.51,3.6719,4.16,3.7527,4/3/19,6/5/19,WS09,,,
F0056,A,1.4,3.5666,4.1447,3.6884,4/3/19,6/5/19,WS09,,,
F0057,A,1.54,3.525,4.3046,NA,4/3/19,6/5/19,WS05,,,
F0058,A,1.48,3.5426,4.2326,3.6644,4/3/19,6/5/19,WS05,,,
F0059,A,1.44,3.5555,4.3556,3.6867,4/3/19,6/5/19,WS05,,,
F0060,A,1.42,3.5619,4.3981,3.788,4/3/19,6/5/19,WS05,,,
F0061,A,1.57,NA,NA,NA,4/3/19,6/5/19,CWCR,,,
F0062,A,1.53,NA,NA,NA,4/3/19,6/5/19,CWCR,,,
F0063,A,1.54,NA,NA,NA,4/3/19,6/5/19,CWCR,,,
F0064,A,1.41,NA,NA,NA,4/3/19,6/5/19,CWCR,,,
F0065,A,1.45,NA,NA,NA,4/3/19,6/5/19,USHF,,,
F0066,A,1.41,NA,NA,NA,4/3/19,6/5/19,USHF,,,
F0067,A,1.5,NA,NA,NA,4/3/19,6/5/19,USHF,,,
F0068,A,1.53,NA,NA,NA,4/3/19,6/5/19,USHF,,,
F0069,A,1.53,3.6104,4.3753,3.7745,4/3/19,6/5/19,WS17,,,
F0070,A,1.48,3.5378,4.1388,3.6387,4/3/19,6/5/19,WS17,,,
F0071,A,1.59,3.5402,4.3243,3.6462,4/3/19,6/5/19,WS17,,,
F0072,A,1.52,3.6468,4.3576,3.7604,4/3/19,6/5/19,WS17,,,
F0073,A,1.43,3.6591,4.3426,3.742,4/3/19,6/5/19,LCCR,,,
F0074,A,1.55,3.5351,4.365,3.6353,4/3/19,6/5/19,LCCR,,,
F0075,A,1.47,3.6685,4.4485,3.7904,4/3/19,6/5/19,LCCR,,,
F0076,A,1.44,3.5318,4.1623,3.6449,4/3/19,6/5/19,LCCR,,,
F0077,A,1.44,3.5514,4.5389,3.8953,4/3/19,6/5/19,WS34,,,
F0078,A,1.56,3.0391,4.1223,3.7397,4/3/19,6/5/19,WS34,,,
F0079,A,1.5,3.6049,4.2114,3.6852,4/3/19,6/5/19,WS34,,,
F0080,A,1.49,3.6364,4.1465,3.6913,4/3/19,6/5/19,WS34,,,
F0081,A,1.55,3.6503,4.3564,3.7351,4/3/19,6/5/19,WS37,,,
F0082,A,1.44,3.6492,4.3372,3.7285,4/3/19,6/5/19,WS37,,,
F0083,A,1.53,3.6533,4.3019,3.7524,4/3/19,6/5/19,WS37,,,
F0084,A,1.48,3.6402,4.3185,3.774,4/3/19,6/5/19,WS37,,,
F0085,A,1.45,3.6535,4.3213,3.7975,4/3/19,6/5/19,HNCR,,,
F0086,A,1.59,3.6842,4.6935,3.9073,4/3/19,6/5/19,HNCR,,,
F0087,A,1.58,3.5368,4.2449,3.6331,4/3/19,6/5/19,HNCR,,,
F0088,A,1.46,3.6645,4.4824,3.8083,4/3/19,6/5/19,HNCR,,,
F0097,R,1.57,3.6297,4.5749,3.6917,5/8/19,7/10/19,WS17,,,
F0098,R,1.57,3.6183,4.6254,3.7299,5/8/19,7/10/19,WS17,,,
F0099,R,1.49,3.5298,4.5694,3.6138,5/8/19,7/10/19,WS17,,,
F0100,R,1.47,3.5255,4.5435,3.5892,5/8/19,7/10/19,WS17,,,
F0101,R,1.57,3.6645,4.908,3.7418,5/8/19,7/10/19,TOWR,,,
F0102,R,1.51,3.6436,4.6753,3.7041,5/8/19,7/10/19,TOWR,,,
F0103,R,1.41,3.5359,4.4382,3.5856,5/8/19,7/10/19,TOWR,,,
F0104,R,1.52,3.5594,4.6901,3.6452,5/8/19,7/10/19,TOWR,,,
F0105,R,1.45,3.6307,4.4833,3.6878,5/8/19,7/10/19,WS09,,,
F0106,R,1.59,3.5561,4.6455,3.6143,5/8/19,7/10/19,WS09,,,
F0107,R,1.58,3.5258,4.3596,3.5823,5/8/19,7/10/19,WS09,,,
F0108,R,1.53,NA,NA,NA,5/8/19,7/10/19,WS09,,,
F0109,R,1.41,3.5401,4.5597,3.6008,5/8/19,7/10/19,CWCR,,,
F0110,R,1.45,3.5016,4.3328,3.547,5/8/19,7/10/19,CWCR,,,
F0111,R,1.56,3.6604,4.6127,3.7294,5/8/19,7/10/19,CWCR,,,
F0112,R,1.47,3.541,4.6048,3.6104,5/8/19,7/10/19,CWCR,,,
F0113,R,1.58,3.5412,4.6275,3.6081,5/8/19,7/10/19,HNCR,,,
F0114,R,1.48,3.5178,4.6652,3.6032,5/8/19,7/10/19,HNCR,,,
F0115,R,1.59,3.6358,4.6282,3.7114,5/8/19,7/10/19,HNCR,,,
F0116,R,1.46,3.5359,4.445,3.5882,5/8/19,7/10/19,HNCR,,,
F0117,R,1.45,3.5389,4.5202,3.6012,5/8/19,7/10/19,WS55,,,
F0118,R,1.49,3.6473,4.6471,3.7219,5/8/19,7/10/19,WS55,,,
F0119,R,1.55,3.6318,4.7255,3.6878,5/8/19,7/10/19,WS55,,,
F0120,R,1.57,3.5168,4.8688,3.5995,5/8/19,7/10/19,WS55,,,
F0121,R,1.48,3.5508,4.448,3.6322,5/8/19,7/10/19,USHF,,,
F0122,R,1.47,3.5338,4.4383,3.5884,5/8/19,7/10/19,USHF,,,
F0123,R,1.57,3.5468,4.5064,3.6144,5/8/19,7/10/19,USHF,,,
F0124,R,1.47,NA,NA,NA,5/8/19,7/10/19,USHF,,,
F0125,R,1.41,3.6543,4.5404,3.7118,5/8/19,7/10/19,LCCR,,,
F0126,R,1.44,3.6247,4.8217,3.7013,5/8/19,7/10/19,LCCR,,,
F0127,R,1.43,3.6466,4.6933,3.7036,5/8/19,7/10/19,LCCR,,,
F0128,R,1.5,3.6634,4.7266,3.7195,5/8/19,7/10/19,LCCR,,,
F0129,R,1.45,3.6503,4.8397,3.7282,5/8/19,7/10/19,WS34,,,
F0130,R,1.41,3.6343,4.6333,3.711,5/8/19,7/10/19,WS34,,,
F0131,R,1.59,3.5257,4.5753,3.5867,5/8/19,7/10/19,WS34,,,
F0132,R,1.47,3.5246,4.4701,3.5773,5/8/19,7/10/19,WS34,,,
F0133,R,1.42,3.534,4.349,3.5919,5/8/19,7/10/19,WS37,,,
F0134,R,1.54,3.6451,4.5917,3.7038,5/8/19,7/10/19,WS37,,,
F0135,R,1.51,3.6287,4.7011,3.7015,5/8/19,7/10/19,WS37,,,
F0136,R,1.44,3.5454,4.6883,3.6264,5/8/19,7/10/19,WS37,,,
F0145,A,1.51,3.5187,4.0948,3.5754,5/8/19,7/10/19,WS09,,,
F0146,A,1.43,3.6598,4.0747,3.7178,5/8/19,7/10/19,WS09,,,
F0147,A,1.57,3.5179,4.1362,3.6217,5/8/19,7/10/19,WS09,,,
F0148,A,1.53,3.5462,4.0332,3.6209,5/8/19,7/10/19,WS09,,,
F0149,A,1.52,3.6481,4.1001,3.7299,5/8/19,7/10/19,CWCR,,,
F0150,A,1.49,3.5224,3.971,3.6062,5/8/19,7/10/19,CWCR,,,
F0151,A,1.46,3.5112,3.8847,3.5716,5/8/19,7/10/19,CWCR,,,
F0152,A,1.53,3.5375,4.1487,3.6838,5/8/19,7/10/19,CWCR,,,
F0153,A,1.46,3.6337,4.2675,3.7178,5/8/19,7/10/19,TOWR,,,
F0154,A,1.48,3.6757,4.3454,3.7551,5/8/19,7/10/19,TOWR,,,
F0155,A,1.45,3.63,4.251,3.7079,5/8/19,7/10/19,TOWR,,,
F0156,A,1.57,3.6315,4.4323,3.7304,5/8/19,7/10/19,TOWR,,,
F0157,A,1.41,3.6043,4.213,3.7179,5/8/19,7/10/19,WS17,,,
F0158,A,1.47,3.5377,4.1235,3.6676,5/8/19,7/10/19,WS17,,,
F0159,A,1.56,3.6392,4.2513,3.7398,5/8/19,7/10/19,WS17,,,
F0160,A,1.41,3.5396,4.0629,3.6202,5/8/19,7/10/19,WS17,,,
F0161,A,1.41,3.6586,4.3265,3.7322,5/8/19,7/10/19,WS34,,,
F0162,A,1.47,3.5275,3.9413,3.5941,5/8/19,7/10/19,WS34,,,
F0163,A,1.54,3.6268,4.0331,3.7096,5/8/19,7/10/19,WS34,,,
F0164,A,1.45,3.6744,4.1159,3.752,5/8/19,7/10/19,WS34,,,
F0165,A,1.44,3.6548,4.3025,3.7227,5/8/19,7/10/19,WS55,,,
F0166,A,1.48,3.6429,4.3153,3.7032,5/8/19,7/10/19,WS55,,,
F0167,A,1.45,3.5332,4.238,3.6092,5/8/19,7/10/19,WS55,,,
F0168,A,1.53,3.5325,4.193,3.5879,5/8/19,7/10/19,WS55,,,
F0169,A,1.5,3.543,4.0454,3.5896,5/8/19,7/10/19,HNCR,,,
F0170,A,1.54,3.504,4.2067,NA,5/8/19,7/10/19,HNCR,,,
F0171,A,1.59,3.5457,4.2556,3.6466,5/8/19,7/10/19,HNCR,,,
F0172,A,1.58,3.6446,4.4682,3.779,5/8/19,7/10/19,HNCR,,,
F0173,A,1.45,3.5719,4.059,3.6678,5/8/19,7/10/19,USHF,,,
F0174,A,1.45,3.5528,4.1127,3.6548,5/8/19,7/10/19,USHF,,,
F0175,A,1.59,3.539,4.2035,3.6261,5/8/19,7/10/19,USHF,,,
F0176,A,1.5,3.604,4.2153,3.7079,5/8/19,7/10/19,USHF,,,
F0177,A,1.47,3.603,4.394,3.6899,5/8/19,7/10/19,LCCR,,,
F0178,A,1.53,3.6648,4.38,3.7635,5/8/19,7/10/19,LCCR,,,
F0179,A,1.47,3.5286,4.2545,3.6171,5/8/19,7/10/19,LCCR,,,
F0180,A,1.58,3.5564,4.34,3.6486,5/8/19,7/10/19,LCCR,,,
F0181,A,1.44,3.5547,4.178,3.6466,5/8/19,7/10/19,WS37,,,
F0182,A,1.56,3.6311,4.3167,3.7374,5/8/19,7/10/19,WS37,,,
F0183,A,1.55,3.6633,4.3535,3.7602,5/8/19,7/10/19,WS37,,,
F0184,A,1.57,3.5253,4.1265,3.5913,5/8/19,7/10/19,WS37,,,
F0193,R,1.46,3.5277,4.4267,3.6098,6/5/19,8/7/19,WS17,,,
F0194,R,1.55,3.6134,4.6215,3.6846,6/5/19,8/7/19,WS17,,,
F0195,R,1.57,3.5197,4.8663,3.7639,6/5/19,8/7/19,WS17,,,
F0196,R,1.59,3.5319,5.2165,4.0173,6/5/19,8/7/19,WS17,,,
F0197,R,1.54,3.5301,4.5495,3.5894,6/5/19,8/7/19,TOWR,,,
F0198,R,1.44,3.5647,4.6012,3.6323,6/5/19,8/7/19,TOWR,,,
F0199,R,1.49,3.6511,4.6457,3.7283,6/5/19,8/7/19,TOWR,,,
F0200,R,1.49,3.6518,4.8335,3.7297,6/5/19,8/7/19,TOWR,,,
F0201,R,1.58,3.5488,4.6009,3.6201,6/5/19,8/7/19,WS55,,,
F0202,R,1.47,3.6522,4.8239,3.7174,6/5/19,8/7/19,WS55,,,
F0203,R,1.43,3.5508,4.5526,3.6164,6/5/19,8/7/19,WS55,,,
F0204,R,1.4,3.5469,4.5166,3.6069,6/5/19,8/7/19,WS55,,,
F0205,R,1.45,3.5512,4.4052,3.6079,6/5/19,8/7/19,HNCR,,,
F0206,R,1.58,3.6424,4.5652,3.7052,6/5/19,8/7/19,HNCR,,,
F0207,R,1.47,3.5393,4.4418,3.6179,6/5/19,8/7/19,HNCR,,,
F0208,R,1.59,3.5515,4.3088,3.5964,6/5/19,8/7/19,HNCR,,,
F0209,R,1.51,3.5254,4.4087,3.5939,6/5/19,8/7/19,WS09,,,
F0210,R,1.45,3.5225,4.4279,3.586,6/5/19,8/7/19,WS09,,,
F0211,R,1.58,3.5321,4.5332,3.5964,6/5/19,8/7/19,WS09,,,
F0212,R,1.55,3.534,4.6478,3.5943,6/5/19,8/7/19,WS09,,,
F0213,R,1.47,3.5183,4.5947,3.5901,6/5/19,8/7/19,CWCR,,,
F0214,R,1.42,3.6617,4.5507,3.7211,6/5/19,8/7/19,CWCR,,,
F0215,R,1.56,3.5278,4.6076,3.6146,6/5/19,8/7/19,CWCR,,,
F0216,R,1.59,3.632,4.7287,3.6941,6/5/19,8/7/19,CWCR,,,
F0217,R,1.6,3.6304,4.7501,3.7041,6/5/19,8/7/19,WS34,,,
F0218,R,1.43,3.5565,4.5914,3.6624,6/5/19,8/7/19,WS34,,,
F0219,R,1.56,3.6199,4.6824,3.7006,6/5/19,8/7/19,WS34,,,
F0220,R,1.53,3.5366,4.5718,3.6131,6/5/19,8/7/19,WS34,,,
F0221,R,1.48,3.5606,4.5305,3.634,6/5/19,8/7/19,USHF,,,
F0222,R,1.52,3.5274,4.6577,3.5914,6/5/19,8/7/19,USHF,,,
F0223,R,1.6,3.6462,4.8511,3.7394,6/5/19,8/7/19,USHF,,,
F0224,R,1.42,3.5343,4.4624,3.6012,6/5/19,8/7/19,USHF,,,
F0225,R,1.41,3.5292,4.5203,3.5905,6/5/19,8/7/19,LCCR,,,
F0226,R,1.43,3.6593,4.7414,3.7371,6/5/19,8/7/19,LCCR,,,
F0227,R,1.43,3.5352,4.6656,3.6284,6/5/19,8/7/19,LCCR,,,
F0228,R,1.47,3.6479,4.7835,3.7799,6/5/19,8/7/19,LCCR,,,
F0229,R,1.45,3.5181,4.6221,3.6103,6/5/19,8/7/19,WS37,,,
F0230,R,1.55,3.5408,4.5979,3.6036,6/5/19,8/7/19,WS37,,,
F0231,R,1.41,3.6334,4.5121,3.6868,6/5/19,8/7/19,WS37,,,
F0232,R,1.51,3.5404,4.5066,3.6002,6/5/19,8/7/19,WS37,,,
F0241,A,1.43,3.5017,3.8553,3.5656,6/5/19,8/7/19,WS09,,,
F0242,A,1.56,3.5412,3.9779,3.6171,6/5/19,8/7/19,WS09,,,
F0243,A,1.55,3.6647,4.1912,3.7661,6/5/19,8/7/19,WS09,,,
F0244,A,1.51,3.5523,4.0421,3.7101,6/5/19,8/7/19,WS09,,,
F0245,A,1.45,3.6316,4.2179,3.7393,6/5/19,8/7/19,USHF,,,
F0246,A,1.4,3.6359,4.1735,3.7044,6/5/19,8/7/19,USHF,,,
F0247,A,1.5,3.606,4.2836,3.7035,6/5/19,8/7/19,USHF,,,
F0248,A,1.5,3.5407,4.2618,3.6849,6/5/19,8/7/19,USHF,,,
F0249,A,1.4,3.5406,4.04,3.6053,6/5/19,8/7/19,LCCR,,,
F0250,A,1.57,3.6424,4.3808,3.7762,6/5/19,8/7/19,LCCR,,,
F0251,A,1.48,3.5399,4.3618,3.7398,6/5/19,8/7/19,LCCR,,,
F0252,A,1.42,3.675,4.3828,3.7965,6/5/19,8/7/19,LCCR,,,
F0253,A,1.49,3.6398,4.2194,3.7263,6/5/19,8/7/19,WS37,,,
F0254,A,1.56,3.5357,4.3957,3.7665,6/5/19,8/7/19,WS37,,,
F0255,A,1.55,3.6649,4.4388,3.9043,6/5/19,8/7/19,WS37,,,
F0256,A,1.52,3.6508,4.2076,3.7465,6/5/19,8/7/19,WS37,,,
F0257,A,1.55,3.6575,4.3757,3.8138,6/5/19,8/7/19,WS55,,,
F0258,A,1.46,3.6887,4.2899,3.78,6/5/19,8/7/19,WS55,,,
F0259,A,1.58,3.6519,4.5563,3.9469,6/5/19,8/7/19,WS55,,,
F0260,A,1.52,3.6051,4.2868,3.7169,6/5/19,8/7/19,WS55,,,
F0261,A,1.54,3.6498,4.3745,3.9376,6/5/19,8/7/19,CWCR,,,
F0262,A,1.41,3.617,4.0747,3.7412,6/5/19,8/7/19,CWCR,,,
F0263,A,1.58,3.6241,4.2336,3.7485,6/5/19,8/7/19,CWCR,,,
F0264,A,1.46,3.6712,4.5121,3.93,6/5/19,8/7/19,CWCR,,,
F0265,A,1.48,3.6541,4.273,3.7485,6/5/19,8/7/19,WS17,,,
F0266,A,1.49,3.52,4.1165,3.6072,6/5/19,8/7/19,WS17,,,
F0267,A,1.41,3.5473,4.0888,3.6436,6/5/19,8/7/19,WS17,,,
F0268,A,1.47,3.5242,4.1662,3.6569,6/5/19,8/7/19,WS17,,,
F0269,A,1.53,3.5452,4.1898,3.7099,6/5/19,8/7/19,TOWR,,,
F0270,A,1.45,3.6595,4.4547,3.8341,6/5/19,8/7/19,TOWR,,,
F0271,A,1.52,3.6296,4.5161,3.8565,6/5/19,8/7/19,TOWR,,,
F0272,A,1.49,3.5199,4.2956,3.6841,6/5/19,8/7/19,TOWR,,,
F0273,A,1.54,3.6267,4.2872,3.7675,6/5/19,8/7/19,HNCR,,,
F0274,A,1.42,3.63,4.313,3.7614,6/5/19,8/7/19,HNCR,,,
F0275,A,1.43,3.5397,4.3632,3.7368,6/5/19,8/7/19,HNCR,,,
F0276,A,1.44,3.6339,4.1805,3.725,6/5/19,8/7/19,HNCR,,,
F0277,A,1.51,3.5123,4.1845,3.6969,6/5/19,8/7/19,WS34,,,
F0278,A,1.5,3.6489,4.2687,3.772,6/5/19,8/7/19,WS34,,,
F0279,A,1.48,3.6761,4.3355,3.7755,6/5/19,8/7/19,WS34,,,
F0280,A,1.54,3.6548,4.1337,3.7141,6/5/19,8/7/19,WS34,,,
F0289,R,1.54,3.5399,4.6222,3.603,7/10/19,8/30/19,CWCR,,,
F0290,R,1.44,3.5402,4.5677,3.5978,7/10/19,8/30/19,CWCR,,,
F0291,R,1.54,3.5179,4.8034,3.6255,7/10/19,8/30/19,CWCR,,,
F0292,R,1.55,3.5177,4.6883,3.6174,7/10/19,8/30/19,CWCR,,,
F0293,R,1.43,3.5554,4.7647,3.6849,7/10/19,8/30/19,WS55,,,
F0294,R,1.47,3.6307,4.6563,3.6951,7/10/19,8/30/19,WS55,,,
F0295,R,1.4,3.5589,4.5764,3.617,7/10/19,8/30/19,WS55,,,
F0296,R,1.49,3.5485,4.6447,3.6134,7/10/19,8/30/19,WS55,,,
F0297,R,1.59,3.5615,4.7661,3.6477,7/10/19,8/30/19,TOWR,,,
F0298,R,1.53,3.6657,4.9425,3.7601,7/10/19,8/30/19,TOWR,,,
F0299,R,1.53,3.6174,4.6397,3.6829,7/10/19,8/30/19,TOWR,,,
F0300,R,1.55,3.6599,4.8534,3.7704,7/10/19,8/30/19,TOWR,,,
F0301,R,1.4,3.5392,4.4771,3.6053,7/10/19,8/30/19,WS09,,,
F0302,R,1.43,3.5407,4.4586,3.5951,7/10/19,8/30/19,WS09,,,
F0303,R,1.47,3.5186,4.4986,3.5885,7/10/19,8/30/19,WS09,,,
F0304,R,1.46,3.6298,4.6917,3.7006,7/10/19,8/30/19,WS09,,,
F0305,R,1.43,3.6247,4.8259,3.6881,7/10/19,8/30/19,HNCR,,,
F0306,R,1.42,3.5234,4.4889,3.5789,7/10/19,8/30/19,HNCR,,,
F0307,R,1.49,3.6754,4.7613,3.7702,7/10/19,8/30/19,HNCR,,,
F0308,R,1.45,3.676,4.6365,3.7582,7/10/19,8/30/19,HNCR,,,
F0309,R,1.51,3.6548,4.7274,3.7647,7/10/19,8/30/19,WS17,,,
F0310,R,1.59,3.542,4.6629,3.6595,7/10/19,8/30/19,WS17,,,
F0311,R,1.59,3.6324,4.8603,3.6963,7/10/19,8/30/19,WS17,,,
F0312,R,1.6,3.5553,4.5949,3.625,7/10/19,8/30/19,WS17,,,
F0313,R,1.55,3.6574,4.8594,3.7817,7/10/19,8/30/19,USHF,,,
F0314,R,1.45,3.5752,4.5538,3.6463,7/10/19,8/30/19,USHF,,,
F0315,R,1.54,3.6475,4.6828,3.7209,7/10/19,8/30/19,USHF,,,
F0316,R,1.45,3.6042,4.7138,3.7089,7/10/19,8/30/19,USHF,,,
F0317,R,1.44,3.5418,4.6807,3.6191,7/10/19,8/30/19,WS37,,,
F0318,R,1.53,3.6672,4.7189,3.7309,7/10/19,8/30/19,WS37,,,
F0319,R,1.4,3.5315,4.5303,3.589,7/10/19,8/30/19,WS37,,,
F0320,R,1.43,3.5585,4.5591,3.6144,7/10/19,8/30/19,WS37,,,
F0321,R,1.59,3.6072,4.7546,3.6727,7/10/19,8/30/19,WS34,,,
F0322,R,1.56,3.6658,4.9236,3.7588,7/10/19,8/30/19,WS34,,,
F0323,R,1.47,3.5271,4.5877,3.5927,7/10/19,8/30/19,WS34,,,
F0324,R,1.43,3.5568,4.5657,3.6157,7/10/19,8/30/19,WS34,,,
F0325,R,1.59,3.6329,4.9049,3.7328,7/10/19,8/30/19,LCCR,,,
F0326,R,1.43,3.5439,4.6256,NA,7/10/19,8/30/19,LCCR,,,
F0327,R,1.48,3.5495,4.617,3.6121,7/10/19,8/30/19,LCCR,,,
F0328,R,1.54,3.5164,4.664,3.5965,7/10/19,8/30/19,LCCR,,,
F0337,A,1.41,3.6158,4.3279,3.7301,7/10/19,8/30/19,WS55,,,
F0338,A,1.43,3.5289,4.2639,3.614,7/10/19,8/30/19,WS55,,,
F0339,A,1.46,3.5456,4.2587,3.6304,7/10/19,8/30/19,WS55,,,
F0340,A,1.48,3.6508,4.4028,3.7288,7/10/19,8/30/19,WS55,,,
F0341,A,1.55,3.6521,4.3351,NA,7/10/19,8/30/19,WS09,,,
F0342,A,1.48,3.5661,4.2438,3.6444,7/10/19,8/30/19,WS09,,,
F0343,A,1.47,3.6491,4.2448,3.7284,7/10/19,8/30/19,WS09,,,
F0344,A,1.57,3.6723,4.3621,NA,7/10/19,8/30/19,WS09,,,
F0345,A,1.43,3.6858,4.4309,3.794,7/10/19,8/30/19,TOWR,,,
F0346,A,1.6,3.6544,4.4045,3.7566,7/10/19,8/30/19,TOWR,,,
F0347,A,1.41,3.6642,4.3242,3.7961,7/10/19,8/30/19,TOWR,,,
F0348,A,1.47,3.649,4.3887,3.746,7/10/19,8/30/19,TOWR,,,
F0349,A,1.52,3.5377,4.2256,3.614,7/10/19,8/30/19,HNCR,,,
F0350,A,1.58,3.6389,3.3708,3.7311,7/10/19,8/30/19,HNCR,,,
F0351,A,1.42,3.5402,4.1796,3.6306,7/10/19,8/30/19,HNCR,,,
F0352,A,1.54,3.5343,4.401,3.6324,7/10/19,8/30/19,HNCR,,,
F0353,A,1.53,3.6427,4.4055,3.8131,7/10/19,8/30/19,WS17,,,
F0354,A,1.57,3.5285,4.1168,3.6156,7/10/19,8/30/19,WS17,,,
F0355,A,1.41,3.5512,4.2552,3.6731,7/10/19,8/30/19,WS17,,,
F0356,A,1.6,3.5329,4.2721,3.6375,7/10/19,8/30/19,WS17,,,
F0357,A,1.54,3.5259,4.265,3.6173,7/10/19,8/30/19,CWCR,,,
F0358,A,1.54,3.551,4.206,3.6407,7/10/19,8/30/19,CWCR,,,
F0359,A,1.5,3.5509,4.3062,3.6506,7/10/19,8/30/19,CWCR,,,
F0360,A,1.49,3.5494,4.2632,3.655,7/10/19,8/30/19,CWCR,,,
F0361,A,1.54,3.6052,4.5657,3.8182,7/10/19,8/30/19,WS34,,,
F0362,A,1.49,3.528,4.2486,3.6889,7/10/19,8/30/19,WS34,,,
F0363,A,1.54,3.5553,4.246,3.6794,7/10/19,8/30/19,WS34,,,
F0364,A,1.5,3.6256,4.3712,3.7637,7/10/19,8/30/19,WS34,,,
F0365,A,1.48,3.6356,4.5087,3.7971,7/10/19,8/30/19,LCCR,,,
F0366,A,1.43,3.5436,4.512,3.6825,7/10/19,8/30/19,LCCR,,,
F0367,A,1.44,3.6319,4.4721,3.7574,7/10/19,8/30/19,LCCR,,,
F0368,A,1.46,3.6457,4.5027,3.7702,7/10/19,8/30/19,LCCR,,,
F0369,A,1.57,3.6337,4.3644,3.769,7/10/19,8/30/19,USHF,,,
F0370,A,1.48,3.5404,4.3662,3.6376,7/10/19,8/30/19,USHF,,,
F0371,A,1.44,3.5201,4.4088,3.6481,7/10/19,8/30/19,USHF,,,
F0372,A,1.58,3.6309,4.4095,3.734,7/10/19,8/30/19,USHF,,,
F0373,A,1.47,3.6067,4.3035,3.68,7/10/19,8/30/19,WS37,,,
F0374,A,1.6,3.6512,4.2157,3.7217,7/10/19,8/30/19,WS37,,,
F0375,A,1.58,3.6282,4.3657,3.7507,7/10/19,8/30/19,WS37,,,
F0376,A,1.53,3.5133,4.0788,3.5675,7/10/19,8/30/19,WS37,,,