bag_ID,rhodo_acer,DM_start_g,DM_end_g,tin_g,tin_DM_g,tin_ash_g,date_dep,date_coll,stream,QC,hole,notes
C0001,R,5.07,3.83,1.7586,5.5656,NA,9/21/17,11/15/17,WS36,,,
C0002,R,4.92,3.83,1.7732,5.6023,2.0003,9/21/17,11/15/17,WS36,,,
C0003,R,4.98,4.05,2.1279,5.131,2.3084,9/21/17,11/15/17,WS36,,,
C0004,R,4.91,3.86,2.0755,5.8691,2.3249,9/21/17,11/15/17,WS36,,,
C0005,R,5.04,4.31,1.9789,6.2422,2.2108,9/21/17,11/15/17,WS31,,,
C0006,R,4.92,4.21,1.7749,5.7927,1.9843,9/21/17,11/15/17,WS31,,,
C0007,R,4.99,4.38,3.6298,7.331,3.8484,9/21/17,11/15/17,WS31,,,
C0008,R,4.95,4.35,2.1033,6.3184,2.333,9/21/17,11/15/17,WS31,,,
C0009,R,5.05,4.23,1.758,5.951,1.986,9/21/17,11/15/17,WS32,,,
C0010,R,5.05,4.4,2.0006,6.1629,2.2046,9/21/17,11/15/17,WS32,,,
C0011,R,5.08,3.82,1.7688,5.9809,1.9997,9/21/17,11/15/17,WS32,,,
C0012,R,5.01,4.55,3.6627,8.2119,3.9059,9/21/17,11/15/17,WS32,,,
C0013,R,4.93,4,1.7871,5.4018,2.0141,9/21/17,11/15/17,WS07,,,
C0014,R,5,2.99,1.7816,5.4058,2.0265,9/21/17,11/15/17,WS07,,,
C0015,R,4.98,3.78,2.0981,NA,NA,9/21/17,11/15/17,WS07,,,
C0016,R,5.02,4.02,1.9582,5.9087,2.2299,9/21/17,11/15/17,WS07,,,
C0017,R,4.96,3.24,1.9964,4.8077,2.155,9/21/17,11/15/17,WS02,,,
C0018,R,5,3.63,2.0595,5.4082,NA,9/21/17,11/15/17,WS02,,,
C0019,R,5,4.39,1.7338,5.6945,1.9557,9/21/17,11/15/17,WS02,,,
C0020,R,4.95,4.15,2.0283,6.0881,2.2515,9/21/17,11/15/17,WS02,,,
C0021,R,5.02,3.95,3.6082,7.5758,3.8841,9/21/17,11/15/17,WS01,,,
C0022,R,4.99,3.7,2.0873,5.5929,2.3559,9/21/17,11/15/17,WS01,,,
C0023,R,4.94,3.68,2.0964,5.5986,2.3519,9/21/17,11/15/17,WS01,,,
C0024,R,5.02,3.65,2.1301,5.2704,2.3254,9/21/17,11/15/17,WS01,,,
C0025,R,5.03,3.74,2.0306,5.6695,2.217,9/21/17,11/15/17,WS08,,,
C0026,R,5.09,4.22,3.6494,7.6694,3.8968,9/21/17,11/15/17,WS08,,,
C0027,R,5.03,3.9,1.7497,5.6433,1.9932,9/21/17,11/15/17,WS08,,,
C0028,R,5.02,4.1,2.0921,5.078,2.2487,9/21/17,11/15/17,WS08,,,
C0029,R,4.92,3.59,1.7542,5.3353,1.9513,9/21/17,11/15/17,WS13,,,
C0030,R,4.99,4.36,3.6715,7.8716,4.0601,9/21/17,11/15/17,WS13,,,
C0031,R,4.99,4.54,3.6419,8.2275,3.8852,9/21/17,11/15/17,WS13,,,
C0032,R,4.95,4.69,1.7372,6.2158,2.0873,9/21/17,11/15/17,WS13,,,
C0033,R,5.03,3.98,1.9985,5.7852,2.2101,9/21/17,11/15/17,WS27,,,
C0034,R,5,3.78,3.6114,7.1189,3.7858,9/21/17,11/15/17,WS27,,,
C0035,R,5.07,4.24,1.7693,5.8624,2.0056,9/21/17,11/15/17,WS27,,,
C0036,R,5,4.04,1.7496,5.6778,1.9781,9/21/17,11/15/17,WS27,,,
C0037,R,5.01,3.89,1.7589,5.5505,1.9994,9/21/17,11/15/17,WS18,,,
C0038,R,5.1,3.93,3.6544,7.5147,3.8998,9/21/17,11/15/17,WS18,,,
C0039,R,5.03,3.49,2.0971,5.4741,2.352,9/21/17,11/15/17,WS18,,,
C0040,R,5.01,3.72,2.048,5.6231,2.2619,9/21/17,11/15/17,WS18,,,
C0041,A,5.05,2.22,1.7389,3.5481,2.016,9/21/17,11/15/17,WS06,,,
C0042,A,4.94,2.64,2.0932,4.3609,2.3625,9/21/17,11/15/17,WS13,,,
C0043,A,4.92,2.51,3.5986,4.9289,3.7329,9/21/17,11/15/17,WS13,,,
C0044,A,5.02,3.91,3.6218,5.1555,3.8142,9/21/17,11/15/17,WS13,,,
C0045,A,5.07,2.98,3.6086,5.5941,3.9355,9/21/17,11/15/17,WS13,,,
C0046,A,4.92,2.35,3.661,5.0939,3.8945,9/21/17,11/15/17,WS08,,,
C0047,A,5.02,2.74,3.6059,4.8619,3.7502,9/21/17,11/15/17,WS08,,,
C0048,A,5,1.68,3.6108,4.7533,3.756,9/21/17,11/15/17,WS08,,,
C0049,A,4.97,0.05,1.7381,1.8039,1.7482,9/21/17,11/15/17,WS08,,hole,hole in bag
C0050,A,5.01,0.17,3.65,3.7882,3.6733,9/21/17,11/15/17,WS01,,,
C0051,A,4.94,1.47,3.6222,4.847,4.0507,9/21/17,11/15/17,WS01,,,
C0052,A,5.08,0.39,2.0763,2.4273,2.131,9/21/17,11/15/17,WS01,,,
C0053,A,5.1,0.87,2.0166,2.692,2.1244,9/21/17,11/15/17,WS01,,,
C0054,A,4.94,2.71,1.76,3.5188,2.1064,9/21/17,11/15/17,WS02,,,
C0055,A,5.07,2.41,2.0232,3.7169,2.4002,9/21/17,11/15/17,WS02,,,
C0056,A,5.09,1.42,1.7484,2.9209,1.903,9/21/17,11/15/17,WS02,,,
C0057,A,5.06,1.92,1.753,3.3205,1.9871,9/21/17,11/15/17,WS02,,,
C0058,A,5.04,1.87,1.9395,3.3751,2.1755,9/21/17,11/15/17,WS18,,,
C0059,A,5.05,1.89,2.0599,3.4516,2.2575,9/21/17,11/15/17,WS18,,,
C0060,A,4.99,1.93,3.6393,4.9725,3.775,9/21/17,11/15/17,WS18,,,
C0061,A,4.9,2.11,2.0132,3.7846,2.2664,9/21/17,11/15/17,WS18,,,
C0062,A,4.94,2.5,2.1305,4.0198,2.3736,9/21/17,11/15/17,WS07,,,
C0063,A,5.09,2.36,1.7491,3.0903,2.0105,9/21/17,11/15/17,WS07,,,
C0064,A,5.07,2.42,2.1082,3.7891,2.3461,9/21/17,11/15/17,WS07,,,
C0065,A,5.07,2.39,1.773,3.0769,2.0484,9/21/17,11/15/17,WS07,,,
C0066,A,5.05,2.9,2.0272,4.0036,2.2105,9/21/17,11/15/17,WS32,,,
C0067,A,4.95,2.89,2.019,3.6305,2.1778,9/21/17,11/15/17,WS32,,,
C0068,A,4.93,3.26,3.6555,5.2183,3.8178,9/21/17,11/15/17,WS32,,,
C0069,A,4.92,2.51,2.065,3.0565,2.1955,9/21/17,11/15/17,WS32,,,
C0070,A,4.93,2.11,3.6289,4.9895,3.8865,9/21/17,11/15/17,WS36,,,
C0071,A,4.99,2.27,1.7373,3.0655,1.9168,9/21/17,11/15/17,WS36,,,
C0072,A,4.96,2,2.0256,3.6568,2.1687,9/21/17,11/15/17,WS36,,,
C0073,A,5.08,2.47,3.6255,5.0729,3.7923,9/21/17,11/15/17,WS36,,,
C0074,A,5.08,1.89,2.0524,3.5651,2.2633,9/21/17,11/15/17,WS06,,,
C0075,A,5.1,2.53,2.0572,3.6134,2.3414,9/21/17,11/15/17,WS06,,,
C0076,A,4.93,2.53,2.0219,3.7248,2.2295,9/21/17,11/15/17,WS06,,,
C0077,A,5.01,2.16,1.7616,3.0415,1.9123,9/21/17,11/15/17,WS27,,,
C0078,A,4.93,2.35,1.7553,2.9494,1.8657,9/21/17,11/15/17,WS27,,,
C0079,A,4.97,2.23,3.6279,5.156,3.7774,9/21/17,11/15/17,WS27,,,
C0080,A,5.06,2.24,2.0842,3.4863,2.2801,9/21/17,11/15/17,WS27,,,
C0081,R,5.08,4.05,2.0687,5.7912,2.261,9/21/17,11/15/17,WS14,,,
C0082,R,5.07,3.85,1.7529,4.4285,1.9576,9/21/17,11/15/17,WS14,,,
C0083,R,5.03,4.06,2.0751,5.8969,2.2918,9/21/17,11/15/17,WS14,,,
C0084,R,5.09,4.2,3.6396,7.587,3.8544,9/21/17,11/15/17,WS14,,,
C0085,R,5.1,3.9,3.6188,7.3843,3.8093,9/21/17,11/15/17,WS06,,,
C0086,R,5.07,4.26,3.6405,7.4843,3.8649,9/21/17,11/15/17,WS06,,,
C0087,R,4.97,3.73,2.161,5.7971,NA,9/21/17,11/15/17,WS06,,,
C0088,R,4.95,3.65,2.0815,5.6449,2.2752,9/21/17,11/15/17,WS06,,,
C0089,A,4.96,2.17,3.6154,5.3367,3.8188,9/21/17,11/15/17,WS14,,,
C0090,A,4.97,2.68,2.129,3.6248,2.2816,9/21/17,11/15/17,WS31,,,
C0091,A,4.97,3.03,1.7897,2.8734,1.9006,9/21/17,11/15/17,WS31,,,
C0092,A,5.09,2.69,1.7289,2.9217,1.8791,9/21/17,11/15/17,WS31,,,
C0093,A,4.99,2.35,2.0849,3.7175,NA,9/21/17,11/15/17,WS31,,,
C0094,A,4.95,2.56,3.6047,5.3591,3.8905,9/21/17,11/15/17,WS14,,,
C0095,A,5.03,2.48,3.6258,5.2442,3.8182,9/21/17,11/15/17,WS14,,,
C0096,A,5.08,2.8,2.0482,3.3007,2.2474,9/21/17,11/15/17,WS14,,,
C0097,R,5.22,4.11,1.7539,5.6079,1.9145,10/19/17,12/18/17,WS27,,,
C0098,R,5.3,4.36,3.6336,7.9307,3.8857,10/19/17,12/18/17,WS27,,,
C0099,R,5.08,4.35,3.6327,6.5146,3.761,10/19/17,12/18/17,WS27,,,
C0100,R,5,4.22,3.5087,7.6137,3.7383,10/19/17,12/18/17,WS27,,,
C0101,R,5.15,4.62,3.6621,8.0836,3.9044,10/19/17,12/18/17,WS31,,,
C0102,R,5.15,4.36,3.6026,6.2854,3.7439,10/19/17,12/18/17,WS31,,,
C0103,R,4.97,4.38,3.6463,6.7373,3.8126,10/19/17,12/18/17,WS31,,,
C0104,R,5.06,4.18,7.7371,5.5974,1.9062,10/19/17,12/18/17,WS31,,,
C0105,R,4.91,3.95,1.76,5.4347,1.9193,10/19/17,12/18/17,WS36,,,
C0106,R,5.09,4.09,2.0341,5.9135,2.212,10/19/17,12/18/17,WS36,,,
C0107,R,4.94,4.33,1.7604,5.4385,1.9492,10/19/17,12/18/17,WS36,,,
C0108,R,4.98,4.02,3.5925,6.32,3.7491,10/19/17,12/18/17,WS36,,,
C0109,R,5,4.51,3.6451,7.2805,3.832,10/19/17,12/18/17,WS32,,,
C0110,R,4.96,4.17,3.6751,6.2195,3.7926,10/19/17,12/18/17,WS32,,,
C0111,R,5.05,4.22,3.5526,7.8544,3.7673,10/19/17,12/18/17,WS32,,,
C0112,R,4.95,4.31,3.648,6.8256,3.813,10/19/17,12/18/17,WS32,,,
C0113,R,4.96,4.14,3.5213,7.3055,3.7475,10/19/17,12/11/17,WS18,,,
C0114,R,4.92,4.08,1.7553,5.8873,1.9864,10/19/17,12/11/17,WS18,,,
C0115,R,4.92,4.24,1.7555,5.8395,1.9615,10/19/17,12/11/17,WS18,,,
C0116,R,5.13,4.47,1.787,5.8976,1.9819,10/19/17,12/11/17,WS18,,,
C0117,R,5.07,3.86,3.5304,7.3855,3.7191,10/19/17,12/11/17,WS01,,,
C0118,R,4.98,3.86,3.511,6.947,3.6961,10/19/17,12/11/17,WS01,,,
C0119,R,5.12,3.56,3.5204,7.088,3.6922,10/19/17,12/11/17,WS01,,,
C0120,R,4.98,3.34,3.512,6.9045,3.7242,10/19/17,12/11/17,WS01,,,
C0121,R,5.03,4.39,3.6628,7.9434,3.8937,10/19/17,12/11/17,WS02,,,
C0122,R,5.02,4.74,3.632,6.5602,3.7787,10/19/17,12/11/17,WS02,,,
C0123,R,5.01,4.54,1.7685,6.1776,2.0844,10/19/17,12/11/17,WS02,,,
C0124,R,4.92,3.75,2.1365,5.5684,2.3149,10/19/17,12/11/17,WS02,,,
C0125,R,4.98,4.08,3.6516,7.7004,3.8754,10/19/17,12/11/17,WS07,,,
C0126,R,4.97,4.16,3.5339,7.536,3.7441,10/19/17,12/11/17,WS07,,,
C0127,R,5.04,4.32,2.0318,6.1673,2.2508,10/19/17,12/11/17,WS07,,,
C0128,R,4.96,3.71,3.6348,7.4085,3.8614,10/19/17,12/11/17,WS07,,,
C0129,R,5.06,4.28,1.7594,5.5086,1.9338,10/19/17,12/11/17,WS14,,,
C0130,R,5.05,4.44,3.6794,6.5438,3.832,10/19/17,12/11/17,WS14,,,
C0131,R,5.03,NA,NA,NA,NA,10/19/17,12/11/17,WS14,,,
C0132,R,4.95,4.07,3.5176,7.7416,3.7159,10/19/17,12/11/17,WS14,,,
C0133,R,5.12,3.57,3.6351,6.4852,3.7731,10/19/17,12/11/17,WS08,,,
C0134,R,5.02,4.25,1.7504,4.6554,1.9018,10/19/17,12/11/17,WS08,,,
C0135,R,5.1,4.28,2.0023,5.8523,2.1728,10/19/17,12/11/17,WS08,,,
C0136,R,5.12,4.23,3.6319,7.8816,3.8196,10/19/17,12/11/17,WS08,,,
C0137,R,5.02,4.27,3.5013,7.5021,3.6913,10/19/17,12/11/17,WS13,,,
C0138,R,4.89,3.99,2.0293,5.8694,2.2252,10/19/17,12/11/17,WS13,,,
C0139,R,4.99,4.28,3.5256,7.6234,3.744,10/19/17,12/11/17,WS13,,,
C0140,R,4.91,3.86,3.54,7.3816,3.7417,10/19/17,12/11/17,WS13,,,
C0141,R,5.08,4.14,3.5165,7.1734,3.7431,10/19/17,12/11/17,WS06,,,
C0142,R,4.97,4.13,3.5108,7.1809,3.6914,10/19/17,12/11/17,WS06,,,
C0143,R,5.03,4.22,3.5356,7.4126,3.7486,10/19/17,12/11/17,WS06,,,
C0144,R,5.05,3.95,2.1012,5.855,2.2863,10/19/17,12/11/17,WS06,,,
C0145,A,4.99,3.38,3.5238,5.8304,3.8144,10/19/17,12/11/17,WS02,,,
C0146,A,5.04,2.42,3.5233,5.5338,3.8902,10/19/17,12/11/17,WS02,,,
C0147,A,4.94,2.18,1.7442,2.9864,1.8685,10/19/17,12/11/17,WS02,,,
C0148,A,5.08,3.67,3.5412,5.7151,3.9721,10/19/17,12/11/17,WS02,,,
C0149,A,4.99,1.83,3.6546,5.0791,3.886,10/19/17,12/11/17,WS01,,,
C0150,A,4.92,2,3.517,5.3163,3.6982,10/19/17,12/11/17,WS01,,,
C0151,A,5,2.35,3.6023,5.1303,3.7954,10/19/17,12/11/17,WS01,,,
C0152,A,4.93,1.52,3.6312,4.8361,3.8593,10/19/17,12/11/17,WS01,,,
C0153,A,5.04,2.4,3.5223,5.4129,3.7173,10/19/17,12/11/17,WS14,,,
C0154,A,5.07,2.94,3.6464,6.6083,3.969,10/19/17,12/11/17,WS14,,,
C0155,A,5.09,2.54,3.6464,5.5076,3.8564,10/19/17,12/11/17,WS14,,,
C0156,A,5.01,2.79,3.5208,5.1297,3.7089,10/19/17,12/11/17,WS14,,,
C0157,A,5.03,2.54,3.5349,5.4747,3.6942,10/19/17,12/11/17,WS18,,,
C0158,A,5.08,2.34,3.5194,5.5491,3.695,10/19/17,12/11/17,WS18,,,
C0159,A,4.99,2.48,2.0257,3.1226,2.1308,10/19/17,12/11/17,WS18,,,
C0160,A,4.97,2.73,3.5404,5.6957,3.7716,10/19/17,12/11/17,WS18,,,
C0161,A,4.97,3.17,3.6405,5.6633,3.8249,10/19/17,12/11/17,WS06,,,
C0162,A,5,2.74,3.5152,5.891,3.774,10/19/17,12/11/17,WS06,,,
C0163,A,5.06,2.86,2.0368,3.3441,2.2138,10/19/17,12/11/17,WS06,,,
C0164,A,5.08,2.45,1.7618,3.033,1.91,10/19/17,12/11/17,WS06,,,
C0165,A,5.01,2.54,1.7914,3.297,1.935,10/19/17,12/11/17,WS13,,,
C0166,A,5.09,2.73,2.1152,3.4259,2.232,10/19/17,12/11/17,WS13,,,
C0167,A,5.06,2.8,2.1667,3.1403,2.2758,10/19/17,12/11/17,WS13,,,
C0168,A,5.05,2.88,3.5043,5.7268,3.7251,10/19/17,12/11/17,WS13,,,
C0169,A,4.98,3.4,3.6546,6.6027,3.9008,10/19/17,12/11/17,WS08,,,
C0170,A,5,1.98,3.6217,5.1131,3.753,10/19/17,12/11/17,WS08,,,
C0171,A,5.03,2.51,3.5571,5.4774,3.7322,10/19/17,12/11/17,WS08,,,
C0172,A,4.97,1.76,3.5027,4.9872,3.6641,10/19/17,12/11/17,WS08,,,
C0173,A,5.01,2.89,3.5234,5.2971,3.6836,10/19/17,12/18/17,WS31,,,
C0174,A,5.11,3.01,3.5635,5.6084,3.7515,10/19/17,12/18/17,WS31,,,
C0175,A,5.03,2.95,2.1364,3.1719,2.2339,10/19/17,12/18/17,WS31,,,
C0176,A,4.9,2.71,3.6564,5.2034,3.8004,10/19/17,12/18/17,WS31,,,
C0177,A,5.02,1.56,3.5552,4.6759,3.7341,10/19/17,12/11/17,WS07,,,
C0178,A,4.96,2.15,1.9642,3.1096,2.0906,10/19/17,12/11/17,WS07,,,
C0179,A,4.93,2.76,3.6469,5.7117,3.8688,10/19/17,12/11/17,WS07,,,
C0180,A,5.08,2.6,3.511,5.0323,3.6527,10/19/17,12/11/17,WS07,,,
C0181,A,5.05,3.12,1.7727,2.7187,1.8548,10/19/17,12/18/17,WS32,,,
C0182,A,5.03,3.12,2.137,3.5889,2.2548,10/19/17,12/18/17,WS32,,,
C0183,A,4.95,2.95,3.6415,5.6387,3.8425,10/19/17,12/18/17,WS32,,,
C0184,A,5.02,2.93,3.6352,5.5043,3.7983,10/19/17,12/18/17,WS32,,,
C0185,A,5.07,2.44,3.6602,5.155,3.8153,10/19/17,12/18/17,WS36,,,
C0186,A,5.02,2.67,2.1127,3.2653,2.2214,10/19/17,12/18/17,WS36,,,
C0187,A,5,2.54,1.7386,3.0848,1.8579,10/19/17,12/18/17,WS36,,,
C0188,A,5.03,2.42,3.6226,4.8232,3.7262,10/19/17,12/18/17,WS36,,,
C0189,A,5.06,2.88,3.6374,5.169,3.7627,10/19/17,12/18/17,WS27,,,
C0190,A,4.95,2.61,2.1148,3.1634,2.1999,10/19/17,12/18/17,WS27,,,
C0191,A,4.96,2.67,1.7647,2.9552,1.8795,10/19/17,12/18/17,WS27,,,
C0192,A,4.97,2.9,1.7432,3.5005,1.8802,10/19/17,12/18/17,WS27,,,
C0193,R,5.02,3.87,2.1436,5.9934,2.3288,11/15/17,1/5/18,WS01,,,
C0194,R,4.96,4.04,1.7934,5.6018,1.9771,11/15/17,1/5/18,WS01,,,
C0195,R,5.02,3.77,1.7601,4.6094,1.9105,11/15/17,1/5/18,WS01,,,
C0196,R,5.09,4.13,2.055,5.2044,2.2103,11/15/17,1/5/18,WS01,,,
C0197,R,5.09,4.36,1.7741,5.0089,1.9257,11/15/17,1/5/18,WS27,,,
C0198,R,5.01,4.38,2.0913,5.5563,2.2471,11/15/17,1/5/18,WS27,,,
C0199,R,4.9,4.21,2.0322,5.8582,2.1975,11/15/17,1/5/18,WS27,,,
C0200,R,4.96,4.21,1.741,4.7404,1.8792,11/15/17,1/5/18,WS27,,,
C0201,R,5.09,4.4,2.0496,5.7203,2.2357,11/15/17,1/5/18,WS02,,,
C0202,R,4.92,4.17,1.7339,4.971,1.8874,11/15/17,1/5/18,WS02,,,
C0203,R,4.93,4.02,2.0606,5.8515,2.2254,11/15/17,1/5/18,WS02,,,
C0204,R,4.99,4.1,2.0247,4.4995,2.1414,11/15/17,1/5/18,WS02,,,
C0205,R,4.97,3.93,2.0012,5.7533,2.1706,11/15/17,1/5/18,WS07,,,
C0206,R,4.97,4.16,2.0837,5.9742,2.2642,11/15/17,1/5/18,WS07,,,
C0207,R,4.97,4.22,1.7415,5.5272,1.9127,11/15/17,1/5/18,WS07,,,
C0208,R,4.99,4.08,1.7466,5.0376,1.8945,11/15/17,1/5/18,WS07,,,
C0209,R,5.04,4.41,2.1625,4.7516,2.2915,11/15/17,1/5/18,WS32,,,
C0210,R,5,4.42,2.0942,5.3531,2.2197,11/15/17,1/5/18,WS32,,,
C0211,R,4.98,4.4,2.0368,6.0667,2.2211,11/15/17,1/5/18,WS32,,,
C0212,R,5,4.47,1.7397,5.942,2.1315,11/15/17,1/5/18,WS32,,,
C0213,R,5.1,4.42,1.7621,5.1304,1.9107,11/15/17,1/5/18,WS31,,,
C0214,R,4.95,4.28,2.0818,5.6198,2.2713,11/15/17,1/5/18,WS31,,,
C0215,R,5.09,4.33,2.0374,5.8115,2.2175,11/15/17,1/5/18,WS31,,,
C0216,R,4.98,4.42,1.761,4.0686,1.8556,11/15/17,1/5/18,WS31,,,
C0217,R,5.04,4.25,2.0265,5.2267,2.1821,11/15/17,1/5/18,WS36,,,
C0218,R,5.05,4.26,1.7495,5.6521,1.924,11/15/17,1/5/18,WS36,,,
C0219,R,5.01,4.25,2.0758,5.3295,2.2184,11/15/17,1/5/18,WS36,,,
C0220,R,5.06,4.27,1.7361,5.7123,1.9273,11/15/17,1/5/18,WS36,,,
C0221,R,4.94,4.18,1.7604,4.4318,1.8603,11/15/17,1/5/18,WS08,,,
C0222,R,5.02,4.26,2.0034,5.6861,2.1827,11/15/17,1/5/18,WS08,,,
C0223,R,5.03,4.27,2.0104,5.8681,2.1869,11/15/17,1/5/18,WS08,,,
C0224,R,5.08,4.35,2.0865,6.3462,2.2641,11/15/17,1/5/18,WS08,,,
C0225,R,4.94,3.9,1.7399,5.1342,1.8996,11/15/17,1/5/18,WS18,,,
C0226,R,5.08,4.21,2.0485,5.2765,2.2036,11/15/17,1/5/18,WS18,,,
C0227,R,5.02,4.23,2.0687,5.1883,2.2296,11/15/17,1/5/18,WS18,,,
C0228,R,5.05,4.27,3.5242,7.627,3.7124,11/15/17,1/5/18,WS18,,,
C0229,R,5.08,4.35,1.7469,5.543,1.9174,11/15/17,1/5/18,WS13,,,
C0230,R,4.91,4.08,1.7804,5.7902,1.9681,11/15/17,1/5/18,WS13,,,
C0231,R,5.05,4.17,1.7676,5.2162,1.9415,11/15/17,1/5/18,WS13,,,
C0232,R,5.01,4.31,2.0274,5.3613,2.2056,11/15/17,1/5/18,WS13,,,
C0233,R,5.02,4.27,2.1336,5.3,2.2984,11/15/17,1/5/18,WS06,,,
C0234,R,5.04,4.38,1.776,5.9264,1.9685,11/15/17,1/5/18,WS06,,,
C0235,R,4.96,4.06,1.7477,5.0212,1.9123,11/15/17,1/5/18,WS06,,,
C0236,R,4.92,4.22,1.9604,4.7222,2.1055,11/15/17,1/5/18,WS06,,,
C0237,R,4.99,4.25,1.7338,5.1694,1.8855,11/15/17,1/5/18,WS14,,,"Rhodo bags from month 2 had washed up on a rock, moved these bags upstream of the month 1 bags"
C0238,R,4.94,4.17,1.7411,5.0641,1.9021,11/15/17,1/5/18,WS14,,,
C0239,R,5.08,4.27,2.0613,4.6365,2.1789,11/15/17,1/5/18,WS14,,,
C0240,R,5.05,4.34,1.7506,5.2048,1.909,11/15/17,1/5/18,WS14,,,
C0241,A,5,3.01,2.1281,3.5081,2.2696,11/15/17,1/5/18,WS13,,,
C0242,A,4.96,2.82,2.0663,3.6671,2.2991,11/15/17,1/5/18,WS13,,,
C0243,A,5.05,3.42,1.7806,3.0034,1.8852,11/15/17,1/5/18,WS13,,,
C0244,A,4.95,3.29,1.8759,3.0443,1.9979,11/15/17,1/5/18,WS13,,,
C0245,A,5.1,3.45,1.7602,2.7853,1.8361,11/15/17,1/5/18,WS14,,,
C0246,A,5.04,3.23,2.0704,2.9985,2.1483,11/15/17,1/5/18,WS14,,,
C0247,A,4.92,2.65,2.0053,3.2226,2.1045,11/15/17,1/5/18,WS14,,,
C0248,A,5.03,3.08,2.0578,3.5521,2.1959,11/15/17,1/5/18,WS14,,,
C0249,A,4.95,3.14,1.7616,2.9484,1.8601,11/15/17,1/5/18,WS18,,,
C0250,A,5,2.88,2.0976,3.4204,2.2173,11/15/17,1/5/18,WS18,,,
C0251,A,5.06,3.2,2.0498,2.8446,2.1159,11/15/17,1/5/18,WS18,,,
C0252,A,4.99,2.76,2.0374,2.9927,2.1197,11/15/17,1/5/18,WS18,,,
C0253,A,4.95,0.4,1.7479,1.856,1.7646,11/15/17,1/5/18,WS01,,,
C0254,A,5.06,0.37,2.0209,2.1633,2.0288,11/15/17,1/5/18,WS01,,,
C0255,A,5.04,0.2,1.773,1.9485,1.7861,11/15/17,1/5/18,WS01,,,
C0256,A,4.93,1.25,3.542,4.5607,3.7057,11/15/17,1/5/18,WS01,,,
C0257,A,4.92,2.73,2.0209,2.8874,2.1013,11/15/17,1/5/18,WS02,,,
C0258,A,4.95,2.16,1.7945,2.4921,1.8778,11/15/17,1/5/18,WS02,,,
C0259,A,5.04,2.43,2.0124,3.2176,2.153,11/15/17,1/5/18,WS02,,,
C0260,A,4.94,2.65,1.7455,2.9664,1.8564,11/15/17,1/5/18,WS02,,,
C0261,A,4.96,2.56,1.734,2.3274,1.792,11/15/17,1/5/18,WS07,,,
C0262,A,4.97,2.69,1.7614,3.0946,1.886,11/15/17,1/5/18,WS07,,,
C0263,A,4.93,2.99,2.0127,3.2312,2.1248,11/15/17,1/5/18,WS07,,,
C0264,A,5,2.59,2.1231,3.342,2.2635,11/15/17,1/5/18,WS07,,,
C0265,A,5.1,3.25,2.0693,3.2096,2.1595,11/15/17,1/5/18,WS32,,,
C0266,A,4.93,3.26,1.7548,2.9091,1.847,11/15/17,1/5/18,WS32,,,
C0267,A,5.04,3.1,2.1246,3.2687,2.2176,11/15/17,1/5/18,WS32,,,
C0268,A,4.97,3.34,2.0538,3.5412,2.1836,11/15/17,1/5/18,WS32,,,
C0269,A,4.95,2.81,1.7558,3.019,1.875,11/15/17,1/5/18,WS08,,,
C0270,A,4.9,2.49,2.0878,3.1253,2.1712,11/15/17,1/5/18,WS08,,,
C0271,A,4.91,1.68,1.7513,2.5025,1.8104,11/15/17,1/5/18,WS08,,,
C0272,A,4.93,2.59,1.7757,2.9254,1.8661,11/15/17,1/5/18,WS08,,,
C0273,A,5.1,2.91,2.0703,4.0061,2.2501,11/15/17,1/5/18,WS06,,,
C0274,A,5,3.2,1.7501,3.0075,1.8875,11/15/17,1/5/18,WS06,,,
C0275,A,4.98,2.92,1.795,3.1759,1.9111,11/15/17,1/5/18,WS06,,,
C0276,A,5.08,3.27,2.1265,3.2243,2.2549,11/15/17,1/5/18,WS06,,,
C0277,A,4.93,3.2,2.0747,3.5475,2.194,11/15/17,1/5/18,WS31,,,
C0278,A,5.04,3.01,1.7361,2.5567,1.8048,11/15/17,1/5/18,WS31,,,
C0279,A,5.01,2.97,2.0186,2.9244,2.0894,11/15/17,1/5/18,WS31,,,
C0280,A,5.09,3.2,2.0012,3.5372,2.1104,11/15/17,1/5/18,WS31,,,
C0281,A,5.01,2.53,2.1423,3.2365,2.2255,11/15/17,1/5/18,WS36,,,
C0282,A,5.03,2.89,1.7604,2.8293,1.8447,11/15/17,1/5/18,WS36,,,
C0283,A,5.08,3.02,1.7584,3.1051,1.8659,11/15/17,1/5/18,WS36,,,
C0284,A,5.1,2.49,1.7755,2.7408,1.8699,11/15/17,1/5/18,WS36,,,
C0285,A,4.94,2.33,2.0889,2.7411,2.1439,11/15/17,1/5/18,WS27,,,
C0286,A,5.04,2.53,2.0852,3.077,2.1619,11/15/17,1/5/18,WS27,,,
C0287,A,4.95,2.9,2.0777,3.1678,2.1634,11/15/17,1/5/18,WS27,,,
C0288,A,5.07,2.83,2.055,4.19,2.333,11/15/17,1/5/18,WS27,,,
C0001,R,4.94,4.52,1.7364,5.2328,1.9142,12/11/17,2/8/18,WS13,,,
C0002,R,5.08,4.84,1.7564,5.4606,1.9741,12/11/17,2/8/18,WS13,,,
C0003,R,5.06,4.69,2.0885,5.0054,2.2443,12/11/17,2/8/18,WS13,,,
C0004,R,5.04,4.92,2.0953,5.2091,2.2637,12/11/17,2/8/18,WS13,,,
C0005,R,4.96,4.68,3.5099,6.9966,3.6667,12/11/17,2/8/18,WS06,,,
C0006,R,4.93,4.52,1.7355,4.4397,1.8692,12/11/17,2/8/18,WS06,,,
C0007,R,4.95,4.77,3.5312,6.9943,3.7449,12/11/17,2/8/18,WS06,,,
C0008,R,5,4.53,3.5261,6.7759,3.678,12/11/17,2/8/18,WS06,,,
C0009,R,4.92,4.56,3.5312,7.592,3.691,12/11/17,2/8/18,WS18,,,
C0010,R,5.03,4.76,3.6109,7.3137,3.7904,12/11/17,2/8/18,WS18,,,
C0011,R,4.99,4.74,2.0581,4.8644,2.1935,12/11/17,2/8/18,WS18,,,
C0012,R,4.98,4.72,2.0392,4.8398,2.162,12/11/17,2/8/18,WS18,,,
C0013,R,4.98,4.18,3.519,7.0384,3.6878,12/11/17,2/8/18,WS07,,,
C0014,R,4.98,4.14,3.6183,6.5732,3.7406,12/11/17,2/8/18,WS07,,,
C0015,R,4.93,3.9,1.7504,4.788,1.878,12/11/17,2/8/18,WS07,,,
C0016,R,4.98,3.97,2.0208,4.7144,2.1424,12/11/17,2/8/18,WS07,,,
C0017,R,5.06,4.49,1.7489,4.3445,1.8864,12/11/17,2/8/18,WS02,,,
C0018,R,4.94,4.26,3.6447,6.8689,3.7959,12/11/17,2/8/18,WS02,,,
C0019,R,5.06,4.64,2.1591,5.126,2.3017,12/11/17,2/8/18,WS02,,,
C0020,R,4.95,4.33,3.5187,6.6664,3.669,12/11/17,2/8/18,WS02,,,
C0021,R,4.94,4.42,1.7519,4.3737,1.886,12/11/17,2/8/18,WS01,,,
C0022,R,5.08,4.28,2.0832,5.0013,2.2266,12/11/17,2/8/18,WS01,,,
C0023,R,4.99,4.03,1.9601,4.3478,2.0847,12/11/17,2/8/18,WS01,,,
C0024,R,5.01,3.66,3.5254,6.5433,3.6781,12/11/17,2/8/18,WS01,,,
C0025,R,4.97,4.69,1.7418,5.1611,1.904,12/11/17,2/8/18,WS14,,,
C0026,R,4.92,4.64,1.7546,4.4883,1.871,12/11/17,2/8/18,WS14,,,
C0027,R,5.08,4.02,1.7678,4.256,1.9015,12/11/17,2/8/18,WS14,,,
C0028,R,5.02,4.55,3.5322,6.5011,3.6656,12/11/17,2/8/18,WS14,,,
C0029,R,5.07,4.3,1.7299,4.645,NA,12/11/17,2/8/18,WS08,,,
C0030,R,5.04,4.46,2.0393,4.6116,2.1794,12/11/17,2/8/18,WS08,,,
C0031,R,5.04,4.75,2.0572,4.9191,2.2076,12/11/17,2/8/18,WS08,,,
C0032,R,5.02,4.35,2.0183,5.082,2.1585,12/11/17,2/8/18,WS08,,,
C0033,R,5.08,4.72,3.5528,7.1612,3.7058,12/18/17,2/8/18,WS27,,,
C0034,R,4.95,4.41,1.7785,4.7669,1.8961,12/18/17,2/8/18,WS27,,,
C0035,R,4.96,4.47,3.5516,6.25,3.6822,12/18/17,2/8/18,WS27,,,
C0036,R,5.01,4.41,1.7797,4.4682,1.9137,12/18/17,2/8/18,WS27,,,
C0037,R,4.98,4.64,2.1433,4.3786,2.2459,12/18/17,2/8/18,WS36,,,
C0038,R,4.99,4.66,1.7458,4.4747,1.8765,12/18/17,2/8/18,WS36,,,
C0039,R,4.91,4.59,1.7747,4.6315,1.8954,12/18/17,2/8/18,WS36,,,
C0040,R,4.92,4.13,2.1234,5.4373,2.2695,12/18/17,2/8/18,WS36,,,
C0041,R,4.92,4.77,2.0982,4.8673,2.2338,12/18/17,2/8/18,WS31,,,
C0042,R,5.02,4.74,2.0599,4.6121,2.1821,12/18/17,2/8/18,WS31,,,
C0043,R,4.95,4.66,2.0606,4.315,2.1744,12/18/17,2/8/18,WS31,,,
C0044,R,5.05,4.56,1.7631,4.9343,1.9261,12/18/17,2/8/18,WS31,,,
C0045,R,5.08,4.87,3.5271,5.6539,3.6368,12/18/17,2/8/18,WS32,,,
C0046,R,5.07,4.84,3.6599,6.606,3.7909,12/18/17,2/8/18,WS32,,,
C0047,R,5.08,4.86,2.1758,5.0687,2.3178,12/18/17,2/8/18,WS32,,,
C0048,R,5.05,4.84,3.674,7.1579,3.8289,12/18/17,2/8/18,WS32,,,
C0049,A,5.02,3.43,1.7412,2.579,1.816,12/18/17,2/8/18,WS31,,,
C0050,A,5.03,3.34,3.6277,4.972,3.7455,12/18/17,2/8/18,WS31,,,
C0051,A,4.99,3.66,1.7945,3.063,1.9366,12/18/17,2/8/18,WS31,,,
C0052,A,4.99,2.77,2.0475,3.0898,2.143,12/18/17,2/8/18,WS31,,,
C0053,A,4.92,2.27,1.796,3.7295,1.8722,12/18/17,2/8/18,WS36,,,
C0054,A,4.9,2.45,3.5162,5.3678,3.6665,12/18/17,2/8/18,WS36,,,
C0055,A,5.04,2.64,2.099,3.1052,2.1881,12/18/17,2/8/18,WS36,,,
C0056,A,4.93,1.98,3.6235,5.3044,3.8032,12/18/17,2/8/18,WS36,,,
C0057,A,5.06,2.67,2.124,3.3834,2.221,12/18/17,2/8/18,WS27,,,
C0058,A,5.03,3.16,1.9409,2.8179,2.0019,12/18/17,2/8/18,WS27,,,
C0059,A,5,2.84,1.7734,2.8978,1.8606,12/18/17,2/8/18,WS27,,,
C0060,A,5.01,2.71,3.5288,4.9232,3.687,12/18/17,2/8/18,WS27,,,
C0061,A,5.02,2.85,1.7544,2.7218,1.8294,12/18/17,2/8/18,WS32,,,
C0062,A,4.95,2.77,2.0605,3.0428,2.1482,12/18/17,2/8/18,WS32,,,
C0063,A,4.91,2.96,3.5477,5.1952,3.6886,12/18/17,2/8/18,WS32,,,
C0064,A,5.05,3.06,2.0098,3.3483,2.1598,12/18/17,2/8/18,WS32,,,
C0065,A,4.99,2.37,2.1324,3.2035,2.2168,12/11/17,2/8/18,WS08,,,
C0066,A,4.93,1.98,2.0052,2.7713,2.07,12/11/17,2/8/18,WS08,,,
C0067,A,4.97,1.96,2.1617,3.0393,2.2346,12/11/17,2/8/18,WS08,,,
C0068,A,4.97,0.77,1.7345,2.2861,1.7715,12/11/17,2/8/18,WS08,,,
C0069,A,5.03,2.48,3.505,5.2376,3.6835,12/11/17,2/8/18,WS02,,,
C0070,A,5.07,2.1,2.0121,3.2276,2.1585,12/11/17,2/8/18,WS02,,,
C0071,A,4.93,2.25,3.5531,5.1811,3.726,12/11/17,2/8/18,WS02,,,
C0072,A,4.97,2.14,1.749,2.8203,1.8578,12/11/17,2/8/18,WS02,,,
C0073,A,5.06,0.61,1.9736,2.4574,2.0211,12/11/17,2/8/18,WS01,,,
C0074,A,4.99,0.45,3.5372,3.871,3.5646,12/11/17,2/8/18,WS01,,,
C0075,A,5.03,0.88,2.031,2.5947,2.1941,12/11/17,2/8/18,WS01,,,
C0076,A,4.94,0.47,3.6703,4.0459,3.7062,12/11/17,2/8/18,WS01,,,
C0077,A,4.95,2.61,3.4989,5.3516,3.7654,12/11/17,2/8/18,WS13,,,
C0078,A,5.06,2.94,1.7697,3.0157,1.875,12/11/17,2/8/18,WS13,,,
C0079,A,4.93,2.72,3.5144,5.3544,3.6853,12/11/17,2/8/18,WS13,,,
C0080,A,5.02,3.01,2.0769,3.1726,2.1744,12/11/17,2/8/18,WS13,,,
C0081,A,4.92,2.73,3.5256,4.9474,3.6938,12/11/17,2/8/18,WS06,,,
C0082,A,4.98,3.07,1.7536,2.9987,1.8909,12/11/17,2/8/18,WS06,,,
C0083,A,5.04,3,3.5261,4.7462,3.6735,12/11/17,2/8/18,WS06,,,
C0084,A,5,3.24,2.1281,3.2129,2.2577,12/11/17,2/8/18,WS06,,,
C0085,A,5.07,2.48,2.1506,3.0291,2.2676,12/11/17,2/8/18,WS14,,,
C0086,A,4.98,2.54,1.7393,2.9966,1.8868,12/11/17,2/8/18,WS14,,,
C0087,A,4.91,2.3,3.5312,5.1337,3.6682,12/11/17,2/8/18,WS14,,,
C0088,A,4.96,2.63,3.5368,5.1539,3.6824,12/11/17,2/8/18,WS14,,,
C0089,A,4.98,3.05,2.1443,3.2274,2.2279,12/11/17,2/8/18,WS18,,,
C0090,A,4.94,2.39,3.5373,5.3423,3.6833,12/11/17,2/8/18,WS18,,,
C0091,A,5.08,3.33,3.6578,5.2969,3.7839,12/11/17,2/8/18,WS18,,,
C0092,A,4.97,2.74,3.662,5.2292,3.8114,12/11/17,2/8/18,WS18,,,
C0093,A,5.05,2.39,3.5142,4.7206,3.6241,12/11/17,2/8/18,WS07,,,
C0094,A,5.05,2.43,2.0074,3.2026,2.1262,12/11/17,2/8/18,WS07,,,
C0095,A,5.1,2.45,2.1244,3.1994,2.2744,12/11/17,2/8/18,WS07,,,
C0096,A,4.95,1.1,3.5348,4.4902,3.8008,12/11/17,2/8/18,WS07,,,
C0097,R,4.99,2.94,3.6233,6.5554,3.8209,1/11/18,3/8/18,WS01,,,
C0098,R,4.94,3.66,3.611,7.242,3.8467,1/11/18,3/8/18,WS01,,,
C0099,R,5.01,3.56,3.5452,7.1098,3.8151,1/11/18,3/8/18,WS01,,,
C0100,R,5.08,3.9,3.5155,7.4185,3.8145,1/11/18,3/8/18,WS01,,,
C0101,R,5.07,4.35,3.6616,7.9825,3.9176,1/11/18,3/8/18,WS13,,,
C0102,R,4.93,3.71,3.563,7.283,3.8069,1/11/18,3/8/18,WS13,,,
C0103,R,4.98,4.22,3.6719,7.9123,3.9377,1/11/18,3/8/18,WS13,,,
C0104,R,4.96,3.84,3.6357,7.4508,3.936,1/11/18,3/8/18,WS13,,,
C0105,R,5.04,2.22,3.6168,5.8378,3.728,1/11/18,3/8/18,WS08,,,
C0106,R,5.1,0.27,3.5261,3.8028,3.5437,1/11/18,3/8/18,WS08,,hole,hole in bag
C0107,R,5.01,3.86,3.52,7.3638,3.7453,1/11/18,3/8/18,WS08,,,
C0108,R,5.01,1.17,3.5189,4.6935,3.5929,1/11/18,3/8/18,WS08,,,
C0109,R,5,4.19,3.6556,7.8094,3.8961,1/11/18,3/8/18,WS02,,,
C0110,R,4.97,4.25,3.5492,7.804,3.77,1/11/18,3/8/18,WS02,,,
C0111,R,4.95,4.14,3.5172,7.6335,3.7575,1/11/18,3/8/18,WS02,,,
C0112,R,5.02,3.76,3.6342,7.9968,3.8964,1/11/18,3/8/18,WS02,,,
C0113,R,4.94,3.45,3.5296,7.0969,3.9499,1/11/18,3/8/18,WS07,,,
C0114,R,4.92,3.76,3.5113,7.2824,3.7494,1/11/18,3/8/18,WS07,,,
C0115,R,5.05,3.18,3.5265,6.6916,3.7275,1/11/18,3/8/18,WS07,,,
C0116,R,5.04,3.32,3.5388,6.8394,3.8133,1/11/18,3/8/18,WS07,,,
C0117,R,4.99,4.53,3.6278,8.1226,3.8566,1/11/18,3/8/18,WS32,,,
C0118,R,5.07,4.25,3.6682,7.9029,3.9444,1/11/18,3/8/18,WS32,,,
C0119,R,4.93,4.35,3.5323,7.8696,3.8056,1/11/18,3/8/18,WS32,,,
C0120,R,5.05,4.5,3.5378,8.0261,3.8376,1/11/18,3/8/18,WS32,,,
C0121,R,4.94,4.14,3.6288,7.7605,3.8377,1/11/18,3/8/18,WS31,,,
C0122,R,5.05,4.36,3.6064,7.9441,3.8282,1/11/18,3/8/18,WS31,,,
C0123,R,5.02,4.25,3.6271,7.8649,3.8454,1/11/18,3/8/18,WS31,,,
C0124,R,5.01,4.12,3.6702,7.7831,3.9007,1/11/18,3/8/18,WS31,,,
C0125,R,5.04,4.27,3.6584,7.9377,3.8967,1/11/18,3/8/18,WS06,,,
C0126,R,5.07,4.27,3.527,7.7678,3.8236,1/11/18,3/8/18,WS06,,,
C0127,R,4.92,3.96,3.6791,7.6052,3.8907,1/11/18,3/8/18,WS06,,,
C0128,R,4.98,4.03,3.6377,7.5474,NA,1/11/18,3/8/18,WS06,,,
C0129,R,5.09,3.51,3.6708,7.1737,3.8394,1/11/18,3/8/18,WS36,,,
C0130,R,5,3.99,3.5551,7.5323,3.7755,1/11/18,3/8/18,WS36,,,
C0131,R,4.93,3.51,3.519,7.0115,3.742,1/11/18,3/8/18,WS36,,,
C0132,R,5.02,4.06,3.6444,7.6955,3.8554,1/11/18,3/8/18,WS36,,,
C0133,R,5.05,4.39,3.652,8.0368,3.8604,1/11/18,3/8/18,WS14,,,
C0134,R,5.05,4.41,3.6597,8.0487,3.9509,1/11/18,3/8/18,WS14,,,
C0135,R,4.94,4.05,3.6173,7.6617,3.8412,1/11/18,3/8/18,WS14,,,
C0136,R,5.09,4.17,3.6566,7.7673,3.9082,1/11/18,3/8/18,WS14,,,
C0137,R,4.94,4.25,3.6211,7.7775,3.8629,1/11/18,3/8/18,WS18,,,
C0138,R,5.05,4.19,3.6642,7.8393,3.9271,1/11/18,3/8/18,WS18,,,
C0139,R,5.05,4.18,3.5298,7.6701,3.7654,1/11/18,3/8/18,WS18,,,
C0140,R,5.1,4.04,3.573,7.6071,3.8406,1/11/18,3/8/18,WS18,,,
C0141,R,4.96,4.26,3.6527,7.8939,3.8542,1/11/18,3/8/18,WS27,,,
C0142,R,4.91,4.06,3.6615,7.7132,3.8787,1/11/18,3/8/18,WS27,,,"tin mass? Note on datasheet: ""orig had A. leaves in it, reweighed w/R (3.6615)"
C0143,R,4.97,4.19,3.6278,7.8121,3.8878,1/11/18,3/8/18,WS27,,,
C0144,R,4.97,4.21,3.6837,7.8186,3.9212,1/11/18,3/8/18,WS27,,,
C0145,A,5.08,2.89,3.535,6.4047,3.8968,1/11/18,3/8/18,WS31,,,
C0146,A,5.01,2.4,3.6306,5.9998,3.8402,1/11/18,3/8/18,WS31,,,
C0147,A,4.94,2.84,3.6474,6.4577,4.0258,1/11/18,3/8/18,WS31,,,
C0148,A,4.93,2.98,3.5301,6.4836,4.0527,1/11/18,3/8/18,WS31,,,
C0149,A,4.96,1.73,3.55,5.2512,3.7067,1/11/18,3/8/18,WS36,,,
C0150,A,5.02,1.99,3.5326,5.4826,3.6741,1/11/18,3/8/18,WS36,,,
C0151,A,4.98,1.98,3.6573,5.5923,3.9293,1/11/18,3/8/18,WS36,,,
C0152,A,5.1,2.29,3.5165,5.757,3.883,1/11/18,3/8/18,WS36,,,
C0153,A,4.92,1.77,3.5127,5.2443,3.8668,1/11/18,3/8/18,WS06,,,
C0154,A,5.03,2.1,3.5294,5.5838,3.9965,1/11/18,3/8/18,WS06,,,
C0155,A,5,2.67,3.6242,6.2613,4.1569,1/11/18,3/8/18,WS06,,,
C0156,A,5.05,2.42,3.6303,5.9737,3.9972,1/11/18,3/8/18,WS06,,,
C0157,A,4.94,2.22,3.5384,5.6956,4.2136,1/11/18,3/8/18,WS14,,,
C0158,A,5.02,1.95,3.6163,5.5127,3.9484,1/11/18,3/8/18,WS14,,,
C0159,A,4.91,1.94,3.6383,5.5479,4.1266,1/11/18,3/8/18,WS14,,,
C0160,A,4.99,1.14,3.6191,4.7281,3.7798,1/11/18,3/8/18,WS14,,,
C0161,A,4.96,1.67,3.5557,5.1307,3.8391,1/11/18,3/8/18,WS18,,,
C0162,A,5.06,2.14,3.663,5.7911,4.0519,1/11/18,3/8/18,WS18,,,
C0163,A,5.01,2.52,3.5233,6.0025,4.0326,1/11/18,3/8/18,WS18,,,
C0164,A,4.92,2.49,3.5505,5.9764,3.9883,1/11/18,3/8/18,WS18,,,
C0165,A,4.98,2.37,3.6133,5.9465,4.0976,1/11/18,3/8/18,WS27,,,
C0166,A,5.01,2.29,3.6452,5.9265,3.9492,1/11/18,3/8/18,WS27,,,
C0167,A,4.98,2.27,3.5725,5.7859,3.8731,1/11/18,3/8/18,WS27,,,
C0168,A,5.07,2.81,3.5442,6.3225,4.1749,1/11/18,3/8/18,WS27,,,
C0169,A,5.06,2.25,3.662,5.8592,3.9528,1/11/18,3/8/18,WS13,,,
C0170,A,5.02,2.63,3.6451,6.2554,4.0145,1/11/18,3/8/18,WS13,,,
C0171,A,5,2.69,3.5419,6.1578,3.9863,1/11/18,3/8/18,WS13,,,
C0172,A,4.91,3.19,3.6706,6.7383,4.2007,1/11/18,3/8/18,WS13,,,
C0173,A,4.95,2.03,3.5159,5.5096,NA,1/11/18,3/8/18,WS08,,,
C0174,A,4.94,1.87,3.5016,5.3347,3.8371,1/11/18,3/8/18,WS08,,,
C0175,A,5.03,0.05,3.6628,3.7173,3.6676,1/11/18,3/8/18,WS08,,hole,hole in bag
C0176,A,4.98,0.2,3.6148,3.8146,3.6335,1/11/18,3/8/18,WS08,,hole,huge hole in bag
C0177,A,5,1.75,3.6003,5.3316,4.0288,1/11/18,3/8/18,WS01,,,
C0178,A,5.02,1.16,3.6272,4.776,3.8622,1/11/18,3/8/18,WS01,,,
C0179,A,5.05,1.57,3.6359,5.1858,3.8405,1/11/18,3/8/18,WS01,,,
C0180,A,5.03,0.77,3.5149,4.2464,3.6733,1/11/18,3/8/18,WS01,,,
C0181,A,4.9,2.05,3.5314,5.5381,3.8607,1/11/18,3/8/18,WS02,,,
C0182,A,4.93,2.75,3.6414,6.3605,4.0226,1/11/18,3/8/18,WS02,,,
C0183,A,5.05,1.67,3.5075,5.1243,3.7036,1/11/18,3/8/18,WS02,,,
C0184,A,4.99,2.68,3.645,6.2979,4.0627,1/11/18,3/8/18,WS02,,,
C0185,A,5.1,0.46,3.5458,3.8704,3.5956,1/11/18,3/8/18,WS07,,,
C0186,A,5,0.53,3.6788,4.2046,3.7793,1/11/18,3/8/18,WS07,,,
C0187,A,5.01,0.6,3.6451,4.2366,3.7053,1/11/18,3/8/18,WS07,,,
C0188,A,5.03,1.64,3.65,5.2395,4.0723,1/11/18,3/8/18,WS07,,,
C0189,A,4.96,2.85,3.642,6.4787,3.8878,1/11/18,3/8/18,WS32,,,
C0190,A,4.94,2.96,3.5303,6.4605,3.9121,1/11/18,3/8/18,WS32,,,
C0191,A,5.05,2.58,3.6086,6.1506,3.8996,1/11/18,3/8/18,WS32,,,
C0192,A,5.04,2.26,3.5026,5.6881,3.8745,1/11/18,3/8/18,WS32,,,
C0193,R,5.1,4.23,3.5305,7.7381,3.7869,2/8/18,4/6/18,WS06,,,
C0194,R,4.91,4.1,3.6232,7.7222,3.8661,2/8/18,4/6/18,WS06,,,
C0195,R,4.96,4.12,3.634,7.7781,3.8982,2/8/18,4/6/18,WS06,,,
C0196,R,5.06,4.83,3.662,8.4867,3.9608,2/8/18,4/6/18,WS06,,,
C0197,R,5.01,4.25,3.6569,7.8766,3.9206,2/8/18,4/6/18,WS14,,,
C0198,R,5.01,3.92,3.5475,7.43,3.7789,2/8/18,4/6/18,WS14,,,
C0199,R,5.08,3.85,3.6253,7.4516,3.9451,2/8/18,4/6/18,WS14,,,
C0200,R,5.01,3.61,3.6615,7.2591,3.8936,2/8/18,4/6/18,WS14,,,
C0201,R,5.06,3.9,3.5333,7.4349,3.8226,2/8/18,4/6/18,WS01,,,
C0202,R,5.07,2.48,3.6568,6.1559,3.9005,2/8/18,4/6/18,WS01,,,
C0203,R,5,2.55,3.5493,6.1128,3.815,2/8/18,4/6/18,WS01,,,
C0204,R,5.1,1.17,3.6005,4.7495,3.7846,2/8/18,4/6/18,WS01,,,
C0205,R,5.01,4.22,3.6162,7.8688,3.916,2/8/18,4/6/18,WS18,,,
C0206,R,5.03,4.14,3.5157,7.6582,3.7895,2/8/18,4/6/18,WS18,,,
C0207,R,5.02,4.43,3.6175,8.0185,3.8671,2/8/18,4/6/18,WS18,,,
C0208,R,5.03,3.84,3.5269,7.3537,3.8184,2/8/18,4/6/18,WS18,,,
C0209,R,5.04,3.74,3.6317,7.3536,3.848,2/8/18,4/6/18,WS36,,,
C0210,R,4.93,3.88,3.6337,7.504,3.8734,2/8/18,4/6/18,WS36,,,
C0211,R,4.99,4.01,3.6461,7.6328,3.8826,2/8/18,4/6/18,WS36,,,
C0212,R,5,4.07,3.6006,7.5885,3.8466,2/8/18,4/6/18,WS36,,,
C0213,R,4.99,4,3.5415,7.5493,3.7629,2/8/18,4/6/18,WS27,,,
C0214,R,4.95,4.11,3.5238,7.5913,3.8267,2/8/18,4/6/18,WS27,,,
C0215,R,4.95,3.5,3.5555,7.0548,3.7682,2/8/18,4/6/18,WS27,,,
C0216,R,5.03,4.45,3.6811,8.1029,3.8911,2/8/18,4/6/18,WS27,,,
C0217,R,4.94,1.91,3.6704,5.5968,3.7823,2/8/18,4/6/18,WS07,,,
C0218,R,5.06,3.44,3.6632,7.1015,3.9126,2/8/18,4/6/18,WS07,,,
C0219,R,5.1,NA,NA,NA,NA,2/8/18,4/6/18,WS07,,,
C0220,R,5.02,0.78,3.5435,4.3537,3.5979,2/8/18,4/6/18,WS07,,,
C0221,R,4.98,3.78,3.5316,7.3176,3.9885,2/8/18,4/6/18,WS02,,,
C0222,R,4.97,3.18,3.6212,6.782,3.8798,2/8/18,4/6/18,WS02,,,
C0223,R,5.06,0.83,3.6439,4.4608,3.6987,2/8/18,4/6/18,WS02,,,
C0224,R,4.97,3.28,3.6342,6.9004,3.8166,2/8/18,4/6/18,WS02,,,
C0225,R,5.1,3.07,3.6152,6.6858,3.8003,2/8/18,4/6/18,WS08,,,
C0226,R,4.91,3.35,3.6469,6.943,3.8611,2/8/18,4/6/18,WS08,,,
C0227,R,4.97,2.95,3.6616,6.6068,3.854,2/8/18,4/6/18,WS08,,,
C0228,R,5.06,2.91,3.6706,6.5675,3.8307,2/8/18,4/6/18,WS08,,hole,bag torn
C0229,R,5,4.52,3.5149,8.012,3.7717,2/8/18,4/6/18,WS32,,,
C0230,R,5.1,4.55,3.6275,8.1656,3.8984,2/8/18,4/6/18,WS32,,,
C0231,R,4.97,4.29,3.6566,7.9448,3.8883,2/8/18,4/6/18,WS32,,,
C0232,R,5.1,4.58,3.6513,8.2214,3.9057,2/8/18,4/6/18,WS32,,,
C0233,R,5.05,4.49,3.6141,8.0915,3.8448,2/8/18,4/6/18,WS13,,,
C0234,R,4.97,4.35,3.6293,7.9746,3.8971,2/8/18,4/6/18,WS13,,,
C0235,R,4.93,4.39,3.5692,7.9645,3.8084,2/8/18,4/6/18,WS13,,,
C0236,R,5.03,3.99,3.6063,7.6113,3.8064,2/8/18,4/6/18,WS13,,,
C0237,R,5.09,4.62,3.5527,8.0915,3.7851,2/8/18,4/6/18,WS31,,,
C0238,R,4.93,4.49,3.5344,8.0101,3.7599,2/8/18,4/6/18,WS31,,,
C0239,R,5.05,4.5,3.542,8.0249,3.8199,2/8/18,4/6/18,WS31,,,
C0240,R,5.02,4.33,3.6526,7.9749,3.8925,2/8/18,4/6/18,WS31,,,
C0241,A,4.99,2.9,3.6259,6.5408,4.1802,2/8/18,4/6/18,WS31,,,
C0242,A,5.04,2.89,3.5383,6.3806,4.0745,2/8/18,4/6/18,WS31,,,
C0243,A,4.99,2.37,3.5542,5.8607,4.005,2/8/18,4/6/18,WS31,,,
C0244,A,4.97,2.65,3.6575,6.2872,3.9474,2/8/18,4/6/18,WS31,,,
C0245,A,5.01,NA,NA,NA,NA,2/8/18,4/6/18,WS01,,,
C0246,A,4.95,1.05,3.5492,4.5871,3.7656,2/8/18,4/6/18,WS01,,,
C0247,A,5.06,NA,NA,NA,NA,2/8/18,4/6/18,WS01,,,
C0248,A,4.9,0.11,3.6588,3.766,3.6784,2/8/18,4/6/18,WS01,,,
C0249,A,5.02,2.07,3.5366,5.6037,3.7896,2/8/18,4/6/18,WS32,,,
C0250,A,4.94,1.07,3.6691,4.7301,3.7691,2/8/18,4/6/18,WS32,,,
C0251,A,5.05,2.23,3.6414,5.8494,3.9898,2/8/18,4/6/18,WS32,,,
C0252,A,5.07,2.39,3.6846,6.0557,4.1782,2/8/18,4/6/18,WS32,,,
C0253,A,4.9,2.17,3.6177,5.7617,4.1472,2/8/18,4/6/18,WS02,,,
C0254,A,5.03,2.21,3.6404,5.7939,4.1067,2/8/18,4/6/18,WS02,,,
C0255,A,5.01,2.02,3.6434,5.564,3.8987,2/8/18,4/6/18,WS02,,,
C0256,A,5.06,1.22,3.527,4.7381,3.7971,2/8/18,4/6/18,WS02,,,
C0257,A,5,0.02,3.5264,3.5599,3.5299,2/8/18,4/6/18,WS07,,,
C0258,A,4.93,1.12,3.5249,4.62,3.6989,2/8/18,4/6/18,WS07,,,
C0259,A,5,0.19,3.5251,3.7078,3.5465,2/8/18,4/6/18,WS07,,,
C0260,A,5.05,0,3.5457,3.5528,3.5481,2/8/18,4/6/18,WS07,,,
C0261,A,5.04,2.67,3.6474,6.3052,4.1848,2/8/18,4/6/18,WS13,,,
C0262,A,4.91,2.77,3.6733,6.4164,4.361,2/8/18,4/6/18,WS13,,,
C0263,A,4.99,1.78,3.6495,5.4209,4.0934,2/8/18,4/6/18,WS13,,,
C0264,A,4.99,2.4,3.6214,5.9718,4.0653,2/8/18,4/6/18,WS13,,,
C0265,A,5.04,1.82,3.5441,5.2672,3.8819,2/8/18,4/6/18,WS36,,,
C0266,A,5.04,1.4,3.663,5.0973,3.9184,2/8/18,4/6/18,WS36,,,
C0267,A,5.01,1.82,3.6424,5.44,3.9063,2/8/18,4/6/18,WS36,,,
C0268,A,5.09,1.25,3.5277,4.7758,3.6792,2/8/18,4/6/18,WS36,,,
C0269,A,4.97,2.5,3.5548,6.0278,3.8531,2/8/18,4/6/18,WS27,,,
C0270,A,5.03,2.6,3.6172,6.1883,3.9352,2/8/18,4/6/18,WS27,,,
C0271,A,5.08,2.54,3.6805,6.1852,4.0247,2/8/18,4/6/18,WS27,,,
C0272,A,5.08,2.04,3.6112,5.6084,3.937,2/8/18,4/6/18,WS27,,,
C0273,A,5.07,2.63,3.5318,6.1357,4.1903,2/8/18,4/6/18,WS18,,,
C0274,A,5.03,1.67,3.5089,5.1524,3.9232,2/8/18,4/6/18,WS18,,,
C0275,A,4.94,3.29,3.6522,6.9084,4.5977,2/8/18,4/6/18,WS18,,,
C0276,A,4.94,1.92,3.6438,5.5523,4.0445,2/8/18,4/6/18,WS18,,,
C0277,A,4.93,2.45,3.5264,5.949,4.0549,2/8/18,4/6/18,WS14,,,
C0278,A,5.02,1.26,3.6042,4.8537,3.8044,2/8/18,4/6/18,WS14,,,
C0279,A,5.08,1.76,3.623,5.4695,4.4506,2/8/18,4/6/18,WS14,,,
C0280,A,4.97,1.55,3.638,5.1889,4.1705,2/8/18,4/6/18,WS14,,,
C0281,A,4.95,0.81,3.5405,4.3507,3.7279,2/8/18,4/6/18,WS06,,,
C0282,A,5.02,1.71,3.5288,5.1922,3.887,2/8/18,4/6/18,WS06,,,
C0283,A,4.93,2.76,3.6135,6.3362,4.378,2/8/18,4/6/18,WS06,,,
C0284,A,4.99,2.61,3.6239,6.2015,4.2686,2/8/18,4/6/18,WS06,,,
C0285,A,5.08,1.74,3.6627,5.3597,4.0133,2/8/18,4/6/18,WS08,,,
C0286,A,5.01,0.85,3.517,4.3687,3.7603,2/8/18,4/6/18,WS08,,,
C0287,A,5.04,1.09,3.5339,4.6077,3.6588,2/8/18,4/6/18,WS08,,,
C0288,A,4.96,NA,NA,NA,NA,2/8/18,4/6/18,WS08,,,
C0289,R,4.95,2.23,3.636,5.865,3.8386,3/8/18,5/9/18,WS07,,,
C0290,R,4.93,2.76,3.5356,6.3235,3.7685,3/8/18,5/9/18,WS07,,,
C0291,R,5.01,3.07,3.5534,6.6201,3.7608,3/8/18,5/9/18,WS07,,,
C0292,R,5.05,3.32,3.5423,6.8224,3.9196,3/8/18,5/9/18,WS07,,,
C0293,R,5,4.08,3.6467,7.7259,3.8922,3/8/18,5/9/18,WS32,,,
C0294,R,4.94,4.02,3.5435,7.5764,3.7702,3/8/18,5/9/18,WS32,,,
C0295,R,5,4.23,3.5137,7.7412,3.773,3/8/18,5/9/18,WS32,,,
C0296,R,4.99,4.06,3.5316,7.5947,3.7633,3/8/18,5/9/18,WS32,,,
C0297,R,4.98,3.98,3.6468,7.6148,3.8921,3/8/18,5/9/18,WS02,,,
C0298,R,4.97,4.11,3.6216,7.8425,3.9181,3/8/18,5/9/18,WS02,,,
C0299,R,5,2.91,3.563,6.4687,3.8074,3/8/18,5/9/18,WS02,,,
C0300,R,4.98,3.23,3.6417,6.8483,3.8316,3/8/18,5/9/18,WS02,,,
C0301,R,4.94,2.14,3.5431,5.6768,3.6551,3/8/18,5/9/18,WS08,,,
C0302,R,4.91,3.19,3.6183,6.8054,3.804,3/8/18,5/9/18,WS08,,,
C0303,R,5.01,3.37,3.5223,6.8582,3.7038,3/8/18,5/9/18,WS08,,,
C0304,R,4.93,3.19,3.5347,6.7082,3.7372,3/8/18,5/9/18,WS08,,,
C0305,R,4.95,1.79,3.5547,5.326,3.7292,3/8/18,5/9/18,WS01,,,
C0306,R,4.92,2.7,3.6285,6.2885,3.7988,3/8/18,5/9/18,WS01,,,
C0307,R,4.95,3.62,3.618,7.2338,3.9818,3/8/18,5/9/18,WS01,,,
C0308,R,5,2.95,3.5016,6.516,3.7308,3/8/18,5/9/18,WS01,,,
C0309,R,5.05,3.71,3.6292,7.3129,3.8246,3/8/18,5/9/18,WS27,,,
C0310,R,4.93,3.8,3.6615,7.425,3.8618,3/8/18,5/9/18,WS27,,,
C0311,R,5.01,4.09,3.6525,7.6955,3.8679,3/8/18,5/9/18,WS27,,,
C0312,R,5.01,3.89,3.5253,7.3824,3.7384,3/8/18,5/9/18,WS27,,,
C0313,R,4.95,3.12,3.5276,6.6254,3.7532,3/8/18,5/9/18,WS18,,,
C0314,R,4.92,3.49,3.5455,7.0313,3.7917,3/8/18,5/9/18,WS18,,,
C0315,R,4.98,3.91,3.5238,7.3814,3.7394,3/8/18,5/9/18,WS18,,,
C0316,R,5.05,3.73,3.6043,7.3334,3.9568,3/8/18,5/9/18,WS18,,,
C0317,R,5.1,3.76,3.6652,7.4318,3.9571,3/8/18,5/9/18,WS14,,,
C0318,R,4.95,4.06,3.6236,7.6784,3.8499,3/8/18,5/9/18,WS14,,,
C0319,R,5.06,4.14,3.6276,7.7516,3.9463,3/8/18,5/9/18,WS14,,,
C0320,R,4.95,4.18,3.6099,7.7713,3.8433,3/8/18,5/9/18,WS14,,,
C0321,R,4.98,4.19,3.5271,7.7047,3.7437,3/8/18,5/9/18,WS06,,,
C0322,R,4.92,3.9,3.6663,7.5605,3.9359,3/8/18,5/9/18,WS06,,,
C0323,R,5.05,3.64,3.5336,7.2529,3.8029,3/8/18,5/9/18,WS06,,,
C0324,R,5.01,3.44,3.5113,6.9517,3.7848,3/8/18,5/9/18,WS06,,,
C0325,R,5.02,3.86,3.5528,7.4222,3.8018,3/8/18,5/9/18,WS13,,,
C0326,R,5.08,3.64,3.5747,7.1843,3.8158,3/8/18,5/9/18,WS13,,,
C0327,R,4.98,3.23,3.6696,6.895,3.9194,3/8/18,5/9/18,WS13,,,
C0328,R,5.06,3.89,3.5535,7.4321,3.8108,3/8/18,5/9/18,WS13,,,
C0329,R,4.95,4.15,3.6588,7.778,3.8627,3/8/18,5/9/18,WS31,,,
C0330,R,5.01,4.11,3.6407,7.7435,3.8724,3/8/18,5/9/18,WS31,,,
C0331,R,5,4.07,3.5532,7.6447,NA,3/8/18,5/9/18,WS31,,,
C0332,R,4.94,4.05,3.5437,7.5939,3.7718,3/8/18,5/9/18,WS31,,,
C0333,R,5.06,2.88,3.5272,6.4111,3.7115,3/8/18,5/9/18,WS36,,,
C0334,R,5.02,3.56,3.5486,7.1611,3.8322,3/8/18,5/9/18,WS36,,,
C0335,R,4.96,3.55,3.6566,7.1818,3.9125,3/8/18,5/9/18,WS36,,,
C0336,R,4.95,3.43,3.6126,7.0216,3.8315,3/8/18,5/9/18,WS36,,,
C0337,A,4.96,1.69,3.6544,5.3316,3.8732,3/8/18,5/9/18,WS18,,,
C0338,A,4.94,0.44,3.6814,4.1224,3.7416,3/8/18,5/9/18,WS18,,,
C0339,A,4.95,1.26,3.615,4.8465,3.792,3/8/18,5/9/18,WS18,,,
C0340,A,4.98,1.63,3.5251,5.1669,3.7861,3/8/18,5/9/18,WS18,,,
C0341,A,5.01,1.3,3.6537,4.9362,3.7747,3/8/18,5/9/18,WS27,,,
C0342,A,4.97,2.07,3.6155,5.6472,3.8692,3/8/18,5/9/18,WS27,,,
C0343,A,4.93,1.29,3.6325,4.8849,3.8064,3/8/18,5/9/18,WS27,,,
C0344,A,5.03,1.59,3.6625,5.2432,3.8483,3/8/18,5/9/18,WS27,,,
C0345,A,5.05,1.36,3.6327,4.9818,3.8637,3/8/18,5/9/18,WS08,,,
C0346,A,4.99,0.82,3.5366,4.3418,3.6462,3/8/18,5/9/18,WS08,,,
C0347,A,5,0.28,3.6142,3.927,3.645,3/8/18,5/9/18,WS08,,hole,holes in bag…
C0348,A,4.91,0.7,3.5703,4.2998,3.6551,3/8/18,5/9/18,WS08,,,
C0349,A,5.02,0.5,3.519,4.0187,3.5927,3/8/18,5/9/18,WS02,,,
C0350,A,5.05,1.81,3.6235,5.414,3.9071,3/8/18,5/9/18,WS02,,,
C0351,A,5.05,1.76,3.5211,5.2726,3.828,3/8/18,5/9/18,WS02,,,
C0352,A,5.05,0.81,3.5381,4.3408,3.7048,3/8/18,5/9/18,WS02,,,
C0353,A,4.97,0.24,3.5405,3.7708,3.5648,3/8/18,5/9/18,WS01,,,
C0354,A,5.03,0.02,3.5157,3.5449,3.523,3/8/18,5/9/18,WS01,,,
C0355,A,5.03,0.8,3.5496,4.3407,3.73,3/8/18,5/9/18,WS01,,,
C0356,A,5.01,0.7,3.6397,4.3266,3.8768,3/8/18,5/9/18,WS01,,,
C0357,A,5.08,1.11,3.6187,4.7522,3.7243,3/8/18,5/9/18,WS36,,,
C0358,A,4.95,1.19,3.6065,4.8003,3.7315,3/8/18,5/9/18,WS36,,,
C0359,A,5.09,1.16,3.6582,4.8089,3.8512,3/8/18,5/9/18,WS36,,,
C0360,A,4.94,0.75,3.6276,4.3631,3.7211,3/8/18,5/9/18,WS36,,,
C0361,A,5.01,2.36,3.6348,5.9732,3.8859,3/8/18,5/9/18,WS13,,,
C0362,A,5,1.96,3.685,5.6182,3.9268,3/8/18,5/9/18,WS13,,,
C0363,A,5.09,1.97,3.6455,5.5854,3.8891,3/8/18,5/9/18,WS13,,,
C0364,A,4.92,1.42,3.5332,4.9362,3.8075,3/8/18,5/9/18,WS13,,,
C0365,A,4.92,1.35,3.6379,4.962,3.9242,3/8/18,5/9/18,WS06,,,
C0366,A,4.94,2.18,3.6538,5.8076,3.9174,3/8/18,5/9/18,WS06,,,
C0367,A,4.93,0.95,3.6444,4.5834,3.7901,3/8/18,5/9/18,WS06,,,
C0368,A,5.06,1.11,3.6345,4.7348,3.9162,3/8/18,5/9/18,WS06,,,
C0369,A,5.03,0.77,3.5491,4.3033,3.6593,3/8/18,5/9/18,WS14,,,
C0370,A,4.98,0.18,3.5157,3.6933,3.5402,3/8/18,5/9/18,WS14,,,
C0371,A,5.03,1.42,3.6656,5.0822,3.9433,3/8/18,5/9/18,WS14,,,
C0372,A,5,0.75,3.5419,4.2855,3.6544,3/8/18,5/9/18,WS14,,,
C0373,A,4.93,0.78,3.6518,4.4341,3.7924,3/8/18,5/9/18,WS07,,,
C0374,A,4.94,0.35,3.6251,3.975,3.6996,3/8/18,5/9/18,WS07,,,
C0375,A,4.92,0.09,3.5535,3.6618,3.5758,3/8/18,5/9/18,WS07,,,
C0376,A,4.99,0.15,3.5304,3.6911,3.5744,3/8/18,5/9/18,WS07,,,
C0377,A,4.98,NA,NA,NA,NA,3/8/18,5/9/18,WS31,,,
C0378,A,4.97,2.25,3.5178,5.7313,4.0077,3/8/18,5/9/18,WS31,,,
C0379,A,4.99,2.14,3.6074,5.7339,3.9033,3/8/18,5/9/18,WS31,,,
C0380,A,5.04,2.58,3.6555,6.1738,3.9142,3/8/18,5/9/18,WS31,,,
C0381,A,5,2.07,3.6547,5.711,3.8994,3/8/18,5/9/18,WS32,,,
C0382,A,5.04,2.77,3.5289,6.2716,3.8476,3/8/18,5/9/18,WS32,,,
C0383,A,5.05,2.6,3.6364,6.2232,3.9205,3/8/18,5/9/18,WS32,,,
C0384,A,4.99,2.4,3.6086,6.0118,3.8938,3/8/18,5/9/18,WS32,,,
C0001,R,4.95,3.68,3.534,7.2077,3.8061,4/6/18,6/6/18,WS13,,,
C0002,R,4.95,3.17,3.5593,6.7128,3.8054,4/6/18,6/6/18,WS13,,,
C0003,R,5.07,2.87,3.6625,6.523,3.972,4/6/18,6/6/18,WS13,,,
C0004,R,4.94,3,3.6445,6.6507,3.8266,4/6/18,6/6/18,WS13,,,
C0005,R,5.07,4.05,3.5247,7.6547,4.0535,4/6/18,6/6/18,WS14,,,
C0006,R,4.91,3.88,3.6142,6.1884,3.7537,4/6/18,6/6/18,WS14,,,
C0007,R,5.02,3.98,3.5105,7.4702,4.0653,4/6/18,6/6/18,WS14,,,
C0008,R,5.1,3.98,3.6165,7.6068,4.503,4/6/18,6/6/18,WS14,,,
C0009,R,5.04,3.5,3.5221,6.9889,3.7543,4/6/18,6/6/18,WS27,,,
C0010,R,4.99,3.3,3.5418,6.8433,3.727,4/6/18,6/6/18,WS27,,,
C0011,R,5.03,3.36,3.6578,7.0169,3.8436,4/6/18,6/6/18,WS27,,,
C0012,R,4.94,3.22,3.5357,6.7228,3.7387,4/6/18,6/6/18,WS27,,,
C0013,R,5.05,1.15,3.5221,4.6606,3.6134,4/6/18,7/5/18,WS07,QC,,COLL IN JULY
C0014,R,5.06,0.89,3.6151,4.521,3.7328,4/6/18,7/5/18,WS07,QC,,COLL IN JULY
C0015,R,5.1,0.86,3.5288,4.4074,3.6032,4/6/18,7/5/18,WS07,QC,,COLL IN JULY
C0016,R,5.09,0.3,3.5206,3.8277,3.5461,4/6/18,7/5/18,WS07,QC,,COLL IN JULY
C0017,R,5.06,3.72,3.5253,6.236,3.6963,4/6/18,6/6/18,WS02,,,
C0018,R,4.98,3.44,3.6148,7.0664,3.9397,4/6/18,6/6/18,WS02,,,
C0019,R,5.05,2.69,3.5468,6.2414,3.7613,4/6/18,6/6/18,WS02,,,
C0020,R,4.93,2.63,3.6187,5.535,3.7536,4/6/18,6/6/18,WS02,,,
C0021,R,4.92,3.68,3.5716,7.2544,4.7507,4/6/18,6/6/18,WS01,,,
C0022,R,5.03,1.21,3.5282,4.75,3.6279,4/6/18,6/6/18,WS01,,,
C0023,R,5.02,2.97,3.6429,6.6072,3.936,4/6/18,6/6/18,WS01,,,
C0024,R,4.94,2.53,3.6614,6.1795,3.885,4/6/18,6/6/18,WS01,,,
C0025,R,4.93,4.45,3.5375,7.9632,3.8948,4/6/18,6/6/18,WS31,,,
C0026,R,5,3.92,3.6363,7.5459,3.9431,4/6/18,6/6/18,WS31,,,
C0027,R,5.1,4.4,3.6495,7.9839,3.9677,4/6/18,6/6/18,WS31,,,
C0028,R,5.09,4.39,3.5296,6.1063,3.6896,4/6/18,6/6/18,WS31,,,
C0029,R,5.01,NA,NA,NA,NA,4/6/18,6/6/18,WS36,,,No leaves in bag (but no rip either)
C0030,R,5.01,2.17,3.6703,5.8481,3.8014,4/6/18,6/6/18,WS36,,,
C0031,R,5.02,3.3,3.5116,6.796,3.7207,4/6/18,6/6/18,WS36,,,
C0032,R,4.92,3.18,3.5169,6.6939,3.7321,4/6/18,6/6/18,WS36,,,
C0033,R,5.02,3.54,3.6671,7.2102,3.9131,4/6/18,6/6/18,WS18,,,
C0034,R,5.04,3.12,3.634,6.7557,3.8561,4/6/18,6/6/18,WS18,,,
C0035,R,4.91,2.45,3.6309,6.0749,3.7972,4/6/18,6/6/18,WS18,,,
C0036,R,5.1,3.83,3.5368,7.3568,3.8159,4/6/18,6/6/18,WS18,,,
C0037,R,4.92,4.09,3.5344,7.6074,4.0324,4/6/18,6/6/18,WS06,,,
C0038,R,5.1,3.36,3.6074,6.0402,3.7694,4/6/18,6/6/18,WS06,,,
C0039,R,5.02,3.75,3.6522,6.0466,3.797,4/6/18,6/6/18,WS06,,,
C0040,R,4.99,2.96,3.5472,6.5202,3.7228,4/6/18,6/6/18,WS06,,,
C0041,R,5,NA,NA,NA,NA,4/6/18,6/6/18,WS08,,,LOST
C0042,R,5.04,NA,NA,NA,NA,4/6/18,6/6/18,WS08,,,LOST
C0043,R,4.97,NA,NA,NA,NA,4/6/18,6/6/18,WS08,,,LOST
C0044,R,5.1,NA,NA,NA,NA,4/6/18,6/6/18,WS08,,,LOST
C0045,R,5.05,4.22,3.6663,7.8778,3.9314,4/6/18,6/6/18,WS32,,,
C0046,R,4.97,4.17,3.519,7.7105,3.9538,4/6/18,6/6/18,WS32,,,
C0047,R,4.96,4.04,3.5435,7.5719,3.7957,4/6/18,6/6/18,WS32,,,
C0048,R,4.93,4.2,3.5291,7.7126,3.7558,4/6/18,6/6/18,WS32,,,
C0049,A,5.01,NA,3.5396,3.6028,3.5493,4/6/18,6/6/18,WS08,,,
C0050,A,4.95,NA,3.6304,3.7134,3.6361,4/6/18,6/6/18,WS08,,,
C0051,A,4.96,NA,NA,NA,NA,4/6/18,6/6/18,WS08,,,nothing left but no hole in bag
C0052,A,5.02,NA,3.653,3.6958,3.6634,4/6/18,6/6/18,WS08,,hole,"""totally destroyed"""
C0053,A,5.03,1.69,3.6359,5.3132,3.9057,4/6/18,6/6/18,WS13,,,
C0054,A,5,1.44,3.5448,4.9722,3.7606,4/6/18,6/6/18,WS13,,,
C0055,A,5,1.22,3.5502,4.7544,3.7049,4/6/18,6/6/18,WS13,,,
C0056,A,4.95,1.84,3.5493,5.3837,3.7935,4/6/18,6/6/18,WS13,,,
C0057,A,5.07,2.21,3.6587,5.864,3.9106,4/6/18,6/6/18,WS06,,,
C0058,A,5.05,1.8,3.6743,5.4383,4.3954,4/6/18,6/6/18,WS06,,,
C0059,A,4.97,0.32,3.5558,3.8797,3.605,4/6/18,6/6/18,WS06,,,
C0060,A,4.95,0.95,3.6313,4.563,3.7226,4/6/18,6/6/18,WS06,,,
C0061,A,4.94,0.35,3.656,4.0094,3.7094,4/6/18,6/6/18,WS14,,,
C0062,A,5.07,0.6,3.5222,4.1086,3.5727,4/6/18,6/6/18,WS14,,,
C0063,A,4.97,1.83,3.5562,5.4014,3.8284,4/6/18,6/6/18,WS14,,,
C0064,A,4.91,1.18,3.5606,4.7286,3.6602,4/6/18,6/6/18,WS14,,,
C0065,A,4.94,0.53,3.5407,3.8701,3.5785,4/6/18,6/6/18,WS18,,,
C0066,A,4.95,0.42,3.6675,4.0866,3.7125,4/6/18,6/6/18,WS18,,,
C0067,A,5.05,0.87,3.5358,4.3699,3.6621,4/6/18,6/6/18,WS18,,,
C0068,A,4.91,1.15,3.5317,4.6429,3.8086,4/6/18,6/6/18,WS18,,,
C0069,A,5.03,0.69,3.5506,4.2406,3.623,4/6/18,6/6/18,WS27,,,
C0070,A,5.02,1.44,3.556,4.9886,3.6793,4/6/18,6/6/18,WS27,,,
C0071,A,5.08,1.54,3.6407,5.1603,3.7805,4/6/18,6/6/18,WS27,,,
C0072,A,5.06,0.94,3.6468,4.5811,3.7469,4/6/18,6/6/18,WS27,,,
C0073,A,5.03,1.26,3.6635,4.8819,3.9064,4/6/18,6/6/18,WS02,,,
C0074,A,5.01,1.4,3.6577,5.0488,3.8601,4/6/18,6/6/18,WS02,,,
C0075,A,4.94,1.16,3.5302,4.65,3.758,4/6/18,6/6/18,WS02,,,
C0076,A,4.94,1.26,3.6477,4.8806,3.8006,4/6/18,6/6/18,WS02,,,
C0077,A,5.07,0.23,3.6006,3.8465,3.6259,4/6/18,6/6/18,WS07,,,
C0078,A,5.01,0.28,3.5539,3.8344,3.5924,4/6/18,6/6/18,WS07,,,
C0079,A,5.03,0.25,3.5272,3.7827,3.5838,4/6/18,6/6/18,WS07,,,
C0080,A,5.04,0.26,3.5341,3.7976,3.5761,4/6/18,6/6/18,WS07,,,
C0081,A,5.07,1.98,3.5173,5.4762,3.7049,4/6/18,6/6/18,WS31,,,
C0082,A,5.01,3.29,3.6243,6.9041,4.5754,4/6/18,6/6/18,WS31,,,
C0083,A,5.01,2.46,3.5436,4.8172,3.6529,4/6/18,6/6/18,WS31,,,
C0084,A,4.95,2.28,3.5451,5.7924,3.7802,4/6/18,6/6/18,WS31,,,
C0085,A,4.96,0.73,3.5461,4.2537,3.6116,4/6/18,6/6/18,WS36,,,
C0086,A,5.03,0.73,3.6495,4.3731,3.7271,4/6/18,6/6/18,WS36,,,
C0087,A,4.94,0.71,3.5332,4.2384,3.6332,4/6/18,6/6/18,WS36,,,
C0088,A,5.06,0.5,3.5421,4.0362,3.6102,4/6/18,6/6/18,WS36,,,
C0089,A,5,NA,3.5358,3.6069,3.5462,4/6/18,6/6/18,WS01,,,not enough to weigh on big balance
C0090,A,4.96,NA,3.5345,3.5704,3.5409,4/6/18,6/6/18,WS01,,,not enough to weigh on big balance
C0091,A,4.91,0.02,3.6527,3.7201,3.6622,4/6/18,6/6/18,WS01,,,
C0092,A,5.01,NA,3.5345,3.6123,3.5497,4/6/18,6/6/18,WS01,,,not enough to weigh on big balance
C0093,A,5.02,2.12,3.5493,5.6577,3.8548,4/6/18,6/6/18,WS32,,,
C0094,A,5.09,2.7,3.6378,6.2797,4.3266,4/6/18,6/6/18,WS32,,,
C0095,A,4.92,1.96,3.546,5.4768,3.7215,4/6/18,6/6/18,WS32,,,
C0096,A,4.95,2.11,3.5207,5.6067,3.745,4/6/18,6/6/18,WS32,,,
C0097,R,5.02,3.89,3.5563,7.4635,3.8721,5/9/18,7/5/18,WS31,,,
C0098,R,5.02,4.11,3.5293,7.6422,3.805,5/9/18,7/5/18,WS31,,,
C0099,R,5.05,3.84,3.5179,7.3566,3.7719,5/9/18,7/5/18,WS31,,,
C0100,R,4.97,3.61,3.6556,7.266,3.8853,5/9/18,7/5/18,WS31,,,
C0101,R,5,3.43,3.5631,6.9787,3.803,5/9/18,7/5/18,WS06,,,
C0102,R,4.93,4.12,3.5026,7.5923,3.8764,5/9/18,7/5/18,WS06,,,
C0103,R,5,3.91,3.6411,7.545,3.9218,5/9/18,7/5/18,WS06,,,
C0104,R,4.94,3.29,3.5722,6.8468,3.8154,5/9/18,7/5/18,WS06,,,
C0105,R,5.1,3.34,3.5415,6.8832,3.7561,5/9/18,7/5/18,WS13,,,
C0106,R,5.06,3.36,3.6127,6.9834,3.8609,5/9/18,7/5/18,WS13,,,
C0107,R,5.05,3,3.5439,6.492,3.7532,5/9/18,7/5/18,WS13,,,
C0108,R,5.01,3.21,3.6671,6.86,3.9244,5/9/18,7/5/18,WS13,,,
C0109,R,4.96,3.41,3.5406,6.9502,3.8169,5/9/18,7/5/18,WS01,,,
C0110,R,5.09,3.84,3.6081,7.4105,3.9046,5/9/18,7/5/18,WS01,,,
C0111,R,5.07,2.41,3.625,6.0681,3.9865,5/9/18,7/5/18,WS01,,,
C0112,R,4.99,2.85,3.6743,6.5135,3.9415,5/9/18,7/5/18,WS01,,,
C0113,R,5.04,3.3,3.6193,6.9112,3.8367,5/9/18,7/5/18,WS27,,,
C0114,R,5.01,3.4,3.6586,7.0662,3.8583,5/9/18,7/5/18,WS27,,,
C0115,R,4.98,3.21,3.5496,6.7733,3.7761,5/9/18,7/5/18,WS27,,,
C0116,R,5.02,3.47,3.5431,6.7081,3.7147,5/9/18,7/5/18,WS27,,,
C0117,R,4.98,2.21,3.546,5.7536,3.6925,5/9/18,7/5/18,WS18,,,
C0118,R,5.05,3.16,3.5345,6.6827,3.7229,5/9/18,7/5/18,WS18,,,
C0119,R,4.92,2.83,3.6477,6.4677,4.0436,5/9/18,7/5/18,WS18,,,
C0120,R,4.96,2.31,3.5118,5.8079,3.7107,5/9/18,7/5/18,WS18,,,
C0121,R,5.02,3.9,3.6282,7.5152,3.9515,5/9/18,6/6/18,WS07,QC,,COLL IN JUNE
C0122,R,4.93,4.66,3.6355,6.678,3.8199,5/9/18,6/6/18,WS07,QC,,COLL IN JUNE
C0123,R,5.05,4.24,3.6466,7.8494,4.3457,5/9/18,6/6/18,WS07,QC,,COLL IN JUNE
C0124,R,4.99,4.15,3.5157,5.7298,3.6962,5/9/18,6/6/18,WS07,QC,,COLL IN JUNE
C0125,R,5.03,3.23,3.6621,6.8432,3.9936,5/9/18,7/5/18,WS02,,,
C0126,R,4.92,3.03,3.5446,6.5492,3.8892,5/9/18,7/5/18,WS02,,,
C0127,R,5.03,3.66,3.6453,7.2614,3.9613,5/9/18,7/5/18,WS02,,,
C0128,R,4.96,3.39,3.5324,6.9575,3.8452,5/9/18,7/5/18,WS02,,,
C0129,R,5.02,2.12,3.5664,5.6558,3.7013,5/9/18,7/5/18,WS08,,,
C0130,R,4.97,1.37,3.5533,4.9119,3.6478,5/9/18,7/5/18,WS08,,,
C0131,R,5.07,0.98,3.6435,4.6244,3.7042,5/9/18,7/5/18,WS08,,,
C0132,R,5.06,1.13,3.6093,4.7551,3.6804,5/9/18,7/5/18,WS08,,hole,hole in bag
C0133,R,5.06,2.97,3.5199,7.5786,3.6808,5/9/18,7/5/18,WS36,,,
C0134,R,5.06,2.56,3.565,6.1198,3.7108,5/9/18,7/5/18,WS36,,,
C0135,R,4.99,2.98,3.519,6.464,3.6956,5/9/18,7/5/18,WS36,,,
C0136,R,5.07,2.67,3.5562,6.2213,3.7057,5/9/18,7/5/18,WS36,,,
C0137,R,5.09,3.94,3.6496,6.6171,4.1366,5/9/18,7/5/18,WS14,,,
C0138,R,4.95,2.43,3.6698,6.0823,3.9448,5/9/18,7/5/18,WS14,,,
C0139,R,4.94,3.55,3.5357,7.0899,3.9934,5/9/18,7/5/18,WS14,,,
C0140,R,4.99,3.2,3.5504,6.6218,3.7714,5/9/18,7/5/18,WS14,,,
C0141,R,4.93,3.84,3.5562,7.388,3.7545,5/9/18,7/5/18,WS32,,,
C0142,R,5,4.14,3.6189,7.7529,3.8371,5/9/18,7/5/18,WS32,,,
C0143,R,4.97,3.29,3.6371,6.8928,NA,5/9/18,7/5/18,WS32,,,TIN GOT DESTROYED
C0144,R,4.93,3.86,3.5157,7.3542,3.74,5/9/18,7/5/18,WS32,,,
C0145,A,4.91,0.86,3.5338,4.3923,3.6333,5/9/18,7/5/18,WS36,,,
C0146,A,5.07,0.51,3.6732,4.1811,3.744,5/9/18,7/5/18,WS36,,,
C0147,A,5,1.09,3.5497,4.6172,3.6885,5/9/18,7/5/18,WS36,,,
C0148,A,4.97,1.04,3.5525,4.5872,3.6535,5/9/18,7/5/18,WS36,,,
C0149,A,4.91,0.7,3.526,4.2232,3.6673,5/9/18,7/5/18,WS07,,,
C0150,A,4.93,0.9,3.5171,4.4224,3.6675,5/9/18,7/5/18,WS07,,,
C0151,A,5.04,1.1,3.5298,4.6396,3.6725,5/9/18,7/5/18,WS07,,,
C0152,A,5.01,0.36,3.6511,4.0133,3.7273,5/9/18,7/5/18,WS07,,,
C0153,A,5.01,1.59,3.5386,5.1077,3.7693,5/9/18,7/5/18,WS31,,,
C0154,A,5.03,1.26,3.5402,4.7932,3.764,5/9/18,7/5/18,WS31,,,
C0155,A,4.95,2.04,3.6141,5.6309,3.9064,5/9/18,7/5/18,WS31,,,
C0156,A,4.93,1.37,3.6962,5.0619,3.8614,5/9/18,7/5/18,WS31,,,
C0157,A,5.09,1.45,3.6171,5.0581,3.8082,5/9/18,7/5/18,WS32,,,
C0158,A,4.95,1.62,3.5045,5.1242,3.6899,5/9/18,7/5/18,WS32,,,
C0159,A,5.05,1.39,3.6177,4.9965,3.7638,5/9/18,7/5/18,WS32,,,
C0160,A,5.07,1.74,3.5227,5.2559,3.7335,5/9/18,7/5/18,WS32,,,
C0161,A,5.1,1.16,3.6427,4.7733,3.995,5/9/18,7/5/18,WS01,,,
C0162,A,5.08,0.6,3.662,4.2489,3.7332,5/9/18,7/5/18,WS01,,,
C0163,A,4.91,NA,3.6662,3.677,3.669,5/9/18,7/5/18,WS01,,,not enough to weigh on big balance
C0164,A,4.96,NA,3.653,3.6682,3.6545,5/9/18,7/5/18,WS01,,,not enough to weigh on big balance
C0165,A,4.97,0.25,3.6354,3.8845,3.6811,5/9/18,7/5/18,WS08,,,
C0166,A,4.97,0.5,3.6858,4.1741,3.7633,5/9/18,7/5/18,WS08,,,
C0167,A,4.95,NA,3.6228,3.6579,3.6256,5/9/18,7/5/18,WS08,,,not enough to weigh on big balance
C0168,A,4.91,NA,3.6393,3.7612,3.6492,5/9/18,7/5/18,WS08,,hole,hole in bag- not enough to weigh on big balance
C0169,A,4.95,1.15,3.5318,4.3403,3.6928,5/9/18,7/5/18,WS02,,,
C0170,A,4.98,1.66,3.6627,4.8474,3.9561,5/9/18,7/5/18,WS02,,,
C0171,A,4.9,1.57,3.5169,5.08,3.8365,5/9/18,7/5/18,WS02,,,
C0172,A,5.08,1.13,3.6162,4.7407,3.7634,5/9/18,7/5/18,WS02,,,
C0173,A,5.08,2.07,3.5516,5.6105,4.2281,5/9/18,7/5/18,WS13,,,
C0174,A,4.97,0.82,3.5453,4.3407,3.6803,5/9/18,7/5/18,WS13,,,
C0175,A,4.98,1.26,3.5084,4.7409,3.7081,5/9/18,7/5/18,WS13,,,
C0176,A,4.95,1.42,3.5554,4.9655,3.6084,5/9/18,7/5/18,WS13,,,
C0177,A,4.93,1.33,3.5475,4.8755,3.6521,5/9/18,7/5/18,WS27,,,
C0178,A,4.94,0.86,3.652,4.4364,3.7347,5/9/18,7/5/18,WS27,,,
C0179,A,4.95,2.09,3.609,5.6891,4.2378,5/9/18,7/5/18,WS27,,,
C0180,A,4.99,0.87,3.5345,4.3955,3.6319,5/9/18,7/5/18,WS27,,,
C0181,A,5.06,2.07,3.6485,5.701,3.9745,5/9/18,7/5/18,WS18,,,
C0182,A,5.02,0.42,3.6572,4.0713,3.7055,5/9/18,7/5/18,WS18,,,
C0183,A,4.98,0.49,3.5163,3.9715,3.5627,5/9/18,7/5/18,WS18,,,
C0184,A,4.99,1.12,3.6584,4.7618,4.2867,5/9/18,7/5/18,WS18,,,
C0185,A,4.93,0.59,3.5314,4.1196,3.608,5/9/18,7/5/18,WS14,,,
C0186,A,5.02,0.95,3.6351,4.5809,3.7747,5/9/18,7/5/18,WS14,,,
C0187,A,5.04,0.58,3.6278,4.1928,3.7009,5/9/18,7/5/18,WS14,,,
C0188,A,5,0.5,3.5344,4.0359,3.583,5/9/18,7/5/18,WS14,,,
C0189,A,5.03,0.38,3.5183,3.9035,3.5805,5/9/18,7/5/18,WS06,,,
C0190,A,5.07,0.32,3.5202,3.84,3.6071,5/9/18,7/5/18,WS06,,,
C0191,A,4.99,0.47,3.5353,4.0026,3.6615,5/9/18,7/5/18,WS06,,,
C0192,A,5.03,0.63,3.5536,4.1735,3.6554,5/9/18,7/5/18,WS06,,,
C0193,R,4.93,1.19,3.519,4.5886,3.5877,6/6/18,8/3/18,WS07,,,
C0194,R,4.95,2.72,3.6643,5.694,3.7895,6/6/18,8/3/18,WS07,,,
C0195,R,4.95,2.67,3.5256,5.8442,NA,6/6/18,8/3/18,WS07,,,
C0196,R,5,2.11,3.6421,5.4139,3.7516,6/6/18,8/3/18,WS07,,,
C0197,R,4.93,3.67,3.6016,6.6797,3.7545,6/6/18,8/3/18,WS31,,,
C0198,R,4.9,3.68,3.5526,6.5937,NA,6/6/18,8/3/18,WS31,,,
C0199,R,5.07,3.28,3.5465,5.6451,3.6526,6/6/18,8/3/18,WS31,,,
C0200,R,4.96,3.22,3.5548,4.4119,3.6028,6/6/18,8/3/18,WS31,,,
C0201,R,4.96,2.1,3.5106,5.2324,3.6009,6/6/18,8/3/18,WS36,,,
C0202,R,5.03,0.95,3.6187,4.5619,3.6775,6/6/18,8/3/18,WS36,,,
C0203,R,5.1,2.73,3.6472,5.6705,3.7527,6/6/18,8/3/18,WS36,,,
C0204,R,5.02,2.24,3.6661,5.908,3.7732,6/6/18,8/3/18,WS36,,,
C0205,R,4.91,3.42,3.6656,6.2668,3.8035,6/6/18,8/3/18,WS32,,,
C0206,R,5.06,2.93,3.6174,4.7404,3.6912,6/6/18,8/3/18,WS32,,,
C0207,R,4.96,2.88,3.5514,5.7884,NA,6/6/18,8/3/18,WS32,,,
C0208,R,5.09,3.16,3.5341,6.1358,3.6554,6/6/18,8/3/18,WS32,,,
C0209,R,5.06,1.38,3.5258,4.9065,3.6205,6/6/18,8/3/18,WS02,,,
C0210,R,4.95,2.49,3.5211,5.3333,3.6363,6/6/18,8/3/18,WS02,,,
C0211,R,4.92,2.98,3.6087,6.0397,3.7579,6/6/18,8/3/18,WS02,,,
C0212,R,4.99,1.92,3.6515,4.6539,3.7156,6/6/18,8/3/18,WS02,,,
C0213,R,4.95,1.88,3.604,5.3885,3.7124,6/6/18,8/3/18,WS01,,,
C0214,R,5.02,2.27,3.5527,4.7948,3.5851,6/6/18,8/3/18,WS01,,,
C0215,R,4.99,2.38,3.663,5.6256,3.7755,6/6/18,8/3/18,WS01,,,
C0216,R,5.06,1.68,3.6339,5.2198,NA,6/6/18,8/3/18,WS01,,,
C0217,R,5.03,0.01,3.5429,3.5694,3.5468,6/6/18,8/3/18,WS08,,hole,hole-shope!
C0218,R,4.92,0.13,3.5305,3.6665,3.5363,6/6/18,8/3/18,WS08,,hole,hole-shope!
C0219,R,4.93,0,3.5313,3.5663,3.534,6/6/18,8/3/18,WS08,,hole,hole-shope!
C0220,R,4.94,0.04,3.6233,3.6444,3.6274,6/6/18,8/3/18,WS08,,hole,hole-shope!
C0221,R,5.1,2.95,3.6586,5.5378,3.8031,6/6/18,8/3/18,WS13,,,
C0222,R,5.06,1.61,3.624,4.499,3.6784,6/6/18,8/3/18,WS13,,,
C0223,R,4.9,3.15,3.6591,6.4266,NA,6/6/18,8/3/18,WS13,,,
C0224,R,4.94,2.74,3.6639,5.3622,3.7669,6/6/18,8/3/18,WS13,,,
C0225,R,4.91,2.63,3.554,5.7912,3.6852,6/6/18,8/3/18,WS27,,,
C0226,R,5.01,2.87,3.5262,4.747,3.6194,6/6/18,8/3/18,WS27,,,
C0227,R,5.01,2.74,3.6183,5.2191,3.6946,6/6/18,8/3/18,WS27,,,
C0228,R,5.07,2.55,3.6285,5.6629,3.7365,6/6/18,8/3/18,WS27,,,
C0229,R,5.08,1.74,3.5276,4.5338,3.653,6/6/18,8/3/18,WS18,,,
C0230,R,4.96,2.1,3.612,5.3755,NA,6/6/18,8/3/18,WS18,,,
C0231,R,5.02,1.26,3.6576,4.7286,3.7252,6/6/18,8/3/18,WS18,,,
C0232,R,5.1,1.43,3.5304,4.6863,3.6089,6/6/18,8/3/18,WS18,,,
C0233,R,4.93,0.61,3.6824,4.3001,3.7315,6/6/18,8/3/18,WS14,,,
C0234,R,5.04,2.31,3.5359,4.7127,3.61,6/6/18,8/3/18,WS14,,,
C0235,R,4.93,2.38,3.538,4.6121,3.6075,6/6/18,8/3/18,WS14,,,
C0236,R,4.91,1.5,3.5536,4.808,3.6233,6/6/18,8/3/18,WS14,,,
C0237,R,5.07,2.91,3.5123,5.0022,3.6031,6/6/18,8/3/18,WS06,,,
C0238,R,4.97,2.68,3.6571,5.9881,3.8279,6/6/18,8/3/18,WS06,,,
C0239,R,5.07,3.15,3.5124,4.4449,3.5839,6/6/18,8/3/18,WS06,,,
C0240,R,4.91,3.15,3.6179,6.0473,NA,6/6/18,8/3/18,WS06,,,
C0241,A,5.04,0.76,3.6523,4.0993,3.7199,6/6/18,8/3/18,WS18,,,
C0242,A,4.92,0.73,3.6605,4.2974,3.8152,6/6/18,8/3/18,WS18,,,
C0243,A,4.98,0.92,3.6291,4.3396,3.7295,6/6/18,8/3/18,WS18,,,
C0244,A,5.04,1.41,3.528,4.5712,3.6662,6/6/18,8/3/18,WS18,,,
C0245,A,5.03,0.76,3.5169,4.0464,3.6054,6/6/18,8/3/18,WS14,,,
C0246,A,4.95,0.31,3.6121,3.9174,NA,6/6/18,8/3/18,WS14,,,
C0247,A,5.01,0.95,3.6483,4.1643,3.7211,6/6/18,8/3/18,WS14,,,
C0248,A,5.02,0.65,3.6768,4.0349,3.7335,6/6/18,8/3/18,WS14,,,
C0249,A,5.08,0.46,3.6349,3.9675,3.6553,6/6/18,8/3/18,WS27,,,
C0250,A,4.98,0.42,3.5337,3.8529,3.5634,6/6/18,8/3/18,WS27,,,
C0251,A,5.1,1.78,3.6216,4.903,3.7509,6/6/18,8/3/18,WS27,,,
C0252,A,4.95,0.2,3.5477,3.6613,3.5689,6/6/18,8/3/18,WS27,,,
C0253,A,4.99,1.03,3.5305,4.1772,3.681,6/6/18,8/3/18,WS06,,,
C0254,A,5.05,0.29,3.5499,3.8158,3.5829,6/6/18,8/3/18,WS06,,,
C0255,A,4.96,0.43,3.6511,3.8845,NA,6/6/18,8/3/18,WS06,,,
C0256,A,4.91,0.75,3.5401,3.9461,3.618,6/6/18,8/3/18,WS06,,,
C0257,A,4.99,0.83,3.6247,4.4064,3.814,6/6/18,8/3/18,WS13,,,
C0258,A,5.08,0.82,3.5227,4.0927,3.6117,6/6/18,8/3/18,WS13,,,
C0259,A,5.07,0.42,3.5341,3.7671,3.5664,6/6/18,8/3/18,WS13,,,
C0260,A,4.9,0.83,3.5402,4.2083,3.6315,6/6/18,8/3/18,WS13,,,
C0261,A,4.99,0,3.5515,3.5566,3.552,6/6/18,8/3/18,WS08,,,
C0262,A,5.1,0.07,3.5162,3.5968,3.5261,6/6/18,8/3/18,WS08,,,
C0263,A,5.02,0.02,3.6559,3.6795,3.6582,6/6/18,8/3/18,WS08,,,
C0264,A,4.9,0,3.6202,3.6231,3.6206,6/6/18,8/3/18,WS08,,,
C0265,A,4.96,0.13,3.6176,3.755,3.6453,6/6/18,8/3/18,WS01,,,
C0266,A,5.05,0.12,3.5476,3.6458,3.565,6/6/18,8/3/18,WS01,,,
C0267,A,5.04,0.12,3.6172,3.7346,3.6525,6/6/18,8/3/18,WS01,,,
C0268,A,4.91,0.1,3.6258,3.7267,3.6369,6/6/18,8/3/18,WS01,,,
C0269,A,4.97,0.37,3.5214,3.6826,3.5368,6/6/18,8/3/18,WS02,,,
C0270,A,5.04,0.34,3.5368,3.8766,3.6136,6/6/18,8/3/18,WS02,,,
C0271,A,4.98,1.19,3.6463,4.6637,4.0268,6/6/18,8/3/18,WS02,,,
C0272,A,4.91,0.57,3.5382,4.1109,3.7329,6/6/18,8/3/18,WS02,,,
C0273,A,5.05,0.64,3.5503,3.9344,NA,6/6/18,8/3/18,WS32,,,
C0274,A,5.02,0.74,3.6701,4.1888,3.798,6/6/18,8/3/18,WS32,,,
C0275,A,5.03,1.4,3.6369,4.3248,3.7475,6/6/18,8/3/18,WS32,,,
C0276,A,4.94,1.32,3.6723,4.9813,NA,6/6/18,8/3/18,WS32,,,
C0277,A,5.03,0.21,3.6307,3.8409,3.6798,6/6/18,8/3/18,WS07,,,
C0278,A,5.06,0.37,3.5252,3.8664,NA,6/6/18,8/3/18,WS07,,,
C0279,A,4.97,0.06,3.5205,3.5595,3.5271,6/6/18,8/3/18,WS07,,,
C0280,A,5.05,0.39,3.5473,3.7283,NA,6/6/18,8/3/18,WS07,,,
C0281,A,4.98,0.83,3.6451,4.1261,3.7141,6/6/18,8/3/18,WS31,,,
C0282,A,5.08,1.25,3.5284,4.1655,3.6172,6/6/18,8/3/18,WS31,,,
C0283,A,5,0.89,3.5316,4.0214,3.5903,6/6/18,8/3/18,WS31,,,
C0284,A,4.9,1.03,3.6119,4.5267,3.7151,6/6/18,8/3/18,WS31,,,
C0285,A,4.99,0.06,3.6398,3.7061,3.6476,6/6/18,8/3/18,WS36,,,
C0286,A,5.05,0.76,3.6117,4.3479,3.8514,6/6/18,8/3/18,WS36,,,
C0287,A,5.01,0,3.5196,3.5364,3.5203,6/6/18,8/3/18,WS36,,,
C0288,A,4.98,0.1,3.5437,3.6335,3.5535,6/6/18,8/3/18,WS36,,,
C0289,R,5.04,2.63,3.5447,5.6535,3.7051,7/5/18,8/31/18,WS13,,,
C0290,R,4.92,2.87,3.5147,5.9269,3.67,7/5/18,8/31/18,WS13,,,
C0291,R,5.01,2.48,3.5218,5.5596,3.7198,7/5/18,8/31/18,WS13,,,
C0292,R,4.93,1.37,3.5197,4.5661,3.6054,7/5/18,8/31/18,WS13,,,
C0293,R,5.1,0.13,3.525,3.6398,3.533,7/5/18,8/31/18,WS08,,,
C0294,R,5.08,0.2,3.6208,3.7708,3.6308,7/5/18,8/31/18,WS08,,,
C0295,R,4.99,0.52,3.5197,4.0438,3.5687,7/5/18,8/31/18,WS08,,,
C0296,R,5.07,1.07,3.5185,4.5863,3.5987,7/5/18,8/31/18,WS08,,,
C0297,R,5,0.92,3.5387,4.4532,3.6256,7/5/18,8/31/18,WS18,,,
C0298,R,4.94,1.95,3.5253,5.497,3.6391,7/5/18,8/31/18,WS18,,,
C0299,R,5.01,1.91,3.6211,5.5475,3.7625,7/5/18,8/31/18,WS18,,,
C0300,R,4.91,2.79,3.5433,6.319,3.7822,7/5/18,8/31/18,WS18,,,
C0301,R,5.09,3.2,3.6675,6.7681,3.9238,7/5/18,8/31/18,WS06,,,
C0302,R,4.95,2.5,3.538,3.5157,3.6779,7/5/18,8/31/18,WS06,,,
C0303,R,5.01,3.17,3.6086,6.6706,3.8338,7/5/18,8/31/18,WS06,,,
C0304,R,4.99,2.73,3.5329,6.1437,3.7086,7/5/18,8/31/18,WS06,,,
C0305,R,4.93,2.61,3.5232,6.128,3.6719,7/5/18,8/31/18,WS27,,,
C0306,R,5.04,3.02,3.6105,6.5831,3.754,7/5/18,8/31/18,WS27,,,
C0307,R,4.98,3.19,3.5381,6.1416,3.6601,7/5/18,8/31/18,WS27,,,
C0308,R,4.9,2.78,3.5217,5.7909,3.6314,7/5/18,8/31/18,WS27,,,
C0309,R,4.93,2.17,3.5365,5.1494,3.6461,7/5/18,8/31/18,WS01,,,
C0310,R,5.01,2.94,3.6463,6.1696,3.7896,7/5/18,8/31/18,WS01,,,
C0311,R,4.99,2.32,3.6558,5.2354,3.7578,7/5/18,8/31/18,WS01,,,
C0312,R,4.95,2,3.6379,5.3927,3.7668,7/5/18,8/31/18,WS01,,,
C0313,R,5.08,2.61,3.651,6.2392,3.8105,7/5/18,8/31/18,WS14,,,
C0314,R,5.01,0.72,3.5543,4.2676,3.6003,7/5/18,8/31/18,WS14,,,
C0315,R,5.01,1.91,3.634,5.5622,3.77,7/5/18,8/31/18,WS14,,,
C0316,R,5.07,3.21,3.5536,6.7314,3.7774,7/5/18,8/31/18,WS14,,,
C0317,R,5.04,3.13,3.5532,6.3257,3.695,7/5/18,8/31/18,WS02,,,
C0318,R,4.96,3.28,3.6433,6.0538,3.754,7/5/18,8/31/18,WS02,,,
C0319,R,4.97,2.63,3.5441,5.9435,3.6855,7/5/18,8/31/18,WS02,,,
C0320,R,5.1,1.77,3.5309,4.9355,3.6164,7/5/18,8/31/18,WS02,,,
C0321,R,5.1,2.99,3.5409,5.8668,3.6827,7/5/18,8/31/18,WS31,,,
C0322,R,5.08,3.27,3.6295,6.0382,3.7587,7/5/18,8/31/18,WS31,,,
C0323,R,4.93,2.33,3.5244,5.5198,3.6365,7/5/18,8/31/18,WS31,,,
C0324,R,5.08,2.54,3.527,5.7882,3.6535,7/5/18,8/31/18,WS31,,,
C0325,R,5,3.52,3.5351,6.1493,3.681,7/5/18,8/31/18,WS32,,,
C0326,R,4.93,2.86,3.5379,5.7648,3.6708,7/5/18,8/31/18,WS32,,,
C0327,R,4.96,2.89,3.6111,5.9643,3.7497,7/5/18,8/31/18,WS32,,,
C0328,R,4.93,3.31,3.6497,6.4847,3.8026,7/5/18,8/31/18,WS32,,,
C0329,R,5.04,2.13,NA,NA,NA,7/5/18,8/31/18,WS07,,,tin + ash lost
C0330,R,4.96,2.1,3.5114,4.9883,3.6483,7/5/18,8/31/18,WS07,,,
C0331,R,4.91,1.73,3.5468,5.1911,3.7187,7/5/18,8/31/18,WS07,,,
C0332,R,5.04,1.37,3.6305,4.8114,3.7164,7/5/18,8/31/18,WS07,,,
C0333,R,5.04,1.34,3.5338,4.5402,3.5843,7/5/18,8/31/18,WS36,,,
C0334,R,4.9,1.38,3.5287,4.8515,3.6092,7/5/18,8/31/18,WS36,,,
C0335,R,5.04,2.58,3.6592,5.7905,3.7855,7/5/18,8/31/18,WS36,,,
C0336,R,5.08,2.37,3.6289,5.2327,3.709,7/5/18,8/31/18,WS36,,,some ash fell out
C0337,A,4.91,0.63,3.6663,4.1456,3.7105,7/5/18,8/31/18,WS36,,,
C0338,A,5.05,0.53,3.5599,3.9907,3.6043,7/5/18,8/31/18,WS36,,,
C0339,A,4.99,0.85,3.5453,4.0664,3.5869,7/5/18,8/31/18,WS36,,,
C0340,A,5.08,0.21,3.6514,3.805,3.6611,7/5/18,8/31/18,WS36,,,
C0341,A,4.94,0.38,3.5525,3.9444,3.6164,7/5/18,8/31/18,WS01,,,
C0342,A,5.08,0.78,3.6609,4.1562,3.7259,7/5/18,8/31/18,WS01,,,
C0343,A,5.09,0.9,3.6634,4.2457,3.7607,7/5/18,8/31/18,WS01,,,
C0344,A,5.08,0.61,3.5325,3.833,3.5721,7/5/18,8/31/18,WS01,,,
C0345,A,5.03,0.24,3.5492,3.7584,3.6118,7/5/18,8/31/18,WS07,,,
C0346,A,4.98,0.31,3.5216,3.8129,3.621,7/5/18,8/31/18,WS07,,,
C0347,A,4.91,NA,NA,NA,NA,7/5/18,8/31/18,WS07,,,sample lost
C0348,A,5.02,1.29,3.5364,4.5141,3.6929,7/5/18,8/31/18,WS07,,,
C0349,A,4.97,0.93,3.5296,4.4507,3.6774,7/5/18,8/31/18,WS18,,,
C0350,A,5.09,0.7,3.5317,3.9435,3.5775,7/5/18,8/31/18,WS18,,,
C0351,A,5.09,0.59,3.5148,4.1347,3.644,7/5/18,8/31/18,WS18,,,
C0352,A,4.92,1.33,3.6086,4.7056,3.8059,7/5/18,8/31/18,WS18,,,
C0353,A,5.06,0.73,3.5537,3.9832,3.6035,7/5/18,8/31/18,WS14,,,
C0354,A,5.08,0.98,3.5338,4.516,3.796,7/5/18,8/31/18,WS14,,,
C0355,A,5.08,0.41,3.6499,3.9522,3.7504,7/5/18,8/31/18,WS14,,,
C0356,A,4.92,0.09,3.5467,3.6507,3.5671,7/5/18,8/31/18,WS14,,,
C0357,A,5.06,1.69,3.5397,5.083,3.7974,7/5/18,8/31/18,WS13,,,
C0358,A,4.91,0.79,3.5461,3.962,3.6455,7/5/18,8/31/18,WS13,,,
C0359,A,4.9,1.01,3.6003,4.5632,3.7989,7/5/18,8/31/18,WS13,,,
C0360,A,4.9,1.34,3.5295,4.5414,3.6692,7/5/18,8/31/18,WS13,,,
C0361,A,5,1.07,3.5374,4.2263,3.7363,7/5/18,8/31/18,WS02,,,
C0362,A,5.09,1.89,3.5466,4.8828,3.693,7/5/18,8/31/18,WS02,,,
C0363,A,4.95,1.38,3.6068,4.5794,3.7202,7/5/18,8/31/18,WS02,,,
C0364,A,4.99,0.37,3.6475,4.0345,3.7985,7/5/18,8/31/18,WS02,,,
C0365,A,5.01,0.95,3.5197,4.2833,3.5971,7/5/18,8/31/18,WS32,,,
C0366,A,5.03,1.52,3.5337,4.5615,3.641,7/5/18,8/31/18,WS32,,,
C0367,A,5,1.08,3.5467,4.4513,3.6848,7/5/18,8/31/18,WS32,,,
C0368,A,4.97,1.1,3.6341,4.2164,3.6898,7/5/18,8/31/18,WS32,,,
C0369,A,4.95,0.68,NA,NA,NA,7/5/18,8/31/18,WS27,,,tin + ash lost
C0370,A,4.95,0.91,3.6655,4.5236,3.78,7/5/18,8/31/18,WS27,,,
C0371,A,4.96,1.51,3.5046,4.4808,3.6004,7/5/18,8/31/18,WS27,,,
C0372,A,5,0.87,3.5527,4.1964,3.6357,7/5/18,8/31/18,WS27,,,
C0373,A,5.03,0.93,3.5424,4.3917,3.7853,7/5/18,8/31/18,WS06,,,
C0374,A,5.02,1.04,3.6077,4.2054,3.7394,7/5/18,8/31/18,WS06,,,
C0375,A,5.1,0.6,3.5188,3.9252,3.5758,7/5/18,8/31/18,WS06,,,
C0376,A,5.07,1.53,3.5529,5.0877,3.8657,7/5/18,8/31/18,WS06,,,
C0377,A,5.09,1.25,NA,NA,NA,7/5/18,8/31/18,WS31,,,tin + ash lost
C0378,A,4.92,0.76,3.653,4.231,3.7156,7/5/18,8/31/18,WS31,,,
C0379,A,5.08,1,3.5719,4.4168,3.6706,7/5/18,8/31/18,WS31,,,
C0380,A,5.08,0.98,3.5549,4.226,3.6581,7/5/18,8/31/18,WS31,,,
C0381,A,5,0.11,3.6804,3.7844,3.6898,7/5/18,8/31/18,WS08,,,
C0382,A,4.96,0.08,3.5466,3.6417,3.5631,7/5/18,8/31/18,WS08,,,
C0383,A,4.99,NA,NA,NA,NA,7/5/18,8/31/18,WS08,,,sample lost
C0384,A,4.95,0.41,3.521,3.9448,3.6114,7/5/18,8/31/18,WS08,,,
C0001,R,5.1,2.04,3.5761,5.3681,3.6978,8/3/18,9/28/18,WS36,,,
C0002,R,5.06,1.97,3.5129,5.5207,3.6427,8/3/18,9/28/18,WS36,,,
C0003,R,5.08,2.77,3.6088,5.882,3.748,8/3/18,9/28/18,WS36,,,
C0004,R,5.06,2.99,3.6629,5.993,3.8175,8/3/18,9/28/18,WS36,,,
C0005,R,4.91,2.2,3.5529,5.6657,3.6914,8/3/18,9/28/18,WS07,,,
C0006,R,5.09,2.28,3.6724,5.73,3.7955,8/3/18,9/28/18,WS07,,,
C0007,R,4.92,1.83,3.5335,5.3221,3.7106,8/3/18,9/28/18,WS07,,,
C0008,R,5.07,2.55,3.546,6.1567,3.7184,8/3/18,9/28/18,WS07,,,
C0009,R,5.1,2.42,3.6092,5.9752,3.7829,8/3/18,9/28/18,WS02,,,
C0010,R,5.06,1.8,3.5155,5.2269,3.6175,8/3/18,9/28/18,WS02,,,
C0011,R,4.99,0.82,3.5465,4.3554,3.6066,8/3/18,9/28/18,WS02,,,
C0012,R,4.99,1.05,3.552,4.5785,3.6439,8/3/18,9/28/18,WS02,,,
C0013,R,4.95,3.38,3.6777,6.8741,3.858,8/3/18,9/28/18,WS32,,,
C0014,R,4.95,2.87,3.5474,6.3521,3.6931,8/3/18,9/28/18,WS32,,,
C0015,R,5.01,3.51,3.6106,7.1056,3.8544,8/3/18,9/28/18,WS32,,,
C0016,R,5.07,3.6,3.5477,6.1447,3.7038,8/3/18,9/28/18,WS32,,,
C0017,R,4.97,2.88,3.5393,6.44,3.7412,8/3/18,9/28/18,WS31,,,
C0018,R,4.99,3.02,3.5439,5.8936,3.6814,8/3/18,9/28/18,WS31,,,
C0019,R,4.94,3.27,3.649,6.757,3.8081,8/3/18,9/28/18,WS31,,,
C0020,R,5.1,3.98,3.5419,7.0498,3.7272,8/3/18,9/28/18,WS31,,,
C0021,R,5.02,2.02,3.6195,5.5707,3.7771,8/3/18,9/28/18,WS01,,,
C0022,R,5.06,2.97,3.6314,6.3981,3.8274,8/3/18,9/28/18,WS01,,,
C0023,R,4.94,2.5,3.5467,6.0053,3.7065,8/3/18,9/28/18,WS01,,,
C0024,R,5.01,2.1,3.5616,5.6012,3.7341,8/3/18,9/28/18,WS01,,,
C0025,R,4.98,2.48,3.6628,6.086,3.7922,8/3/18,9/28/18,WS27,,,
C0026,R,5.02,3.69,3.6002,7.1232,3.8327,8/3/18,9/28/18,WS27,,,
C0027,R,4.98,3.26,3.6436,6.8745,3.8161,8/3/18,9/28/18,WS27,,,
C0028,R,5.06,3.84,3.6504,7.4669,3.9026,8/3/18,9/28/18,WS27,,,
C0029,R,4.95,1.62,3.6187,5.2375,3.7394,8/3/18,9/28/18,WS18,,,
C0030,R,4.97,2.42,3.5204,5.9217,3.7117,8/3/18,9/28/18,WS18,,,
C0031,R,5.05,2.95,3.6217,6.5353,3.8468,8/3/18,9/28/18,WS18,,,
C0032,R,4.94,2,3.512,5.423,3.6336,8/3/18,9/28/18,WS18,,,
C0033,R,5.1,2.21,3.6568,5.8341,3.8328,8/3/18,9/28/18,WS14,,,
C0034,R,5.05,2.38,3.526,5.9021,3.675,8/3/18,9/28/18,WS14,,,
C0035,R,5,3.01,3.6132,6.5726,3.8347,8/3/18,9/28/18,WS14,,,
C0036,R,5.1,1.56,3.5658,5.0971,3.7306,8/3/18,9/28/18,WS14,,,
C0037,R,5,2.93,3.5319,6.0986,3.7065,8/3/18,9/28/18,WS06,,,
C0038,R,5.03,3.09,3.5372,6.1466,3.6875,8/3/18,9/28/18,WS06,,,
C0039,R,4.91,2.21,3.6438,5.8879,3.8317,8/3/18,9/28/18,WS06,,,
C0040,R,4.95,3.6,3.5218,6.7453,3.6945,8/3/18,9/28/18,WS06,,,
C0041,R,5.05,3.26,3.5374,6.1214,3.6856,8/3/18,9/28/18,WS13,,,
C0042,R,5.05,3.02,3.5449,6.4976,3.7345,8/3/18,9/28/18,WS13,,hole,"hole in paper bag, leaves leaked out"
C0043,R,4.91,2.55,3.5996,5.4029,3.7075,8/3/18,9/28/18,WS13,,,
C0044,R,5.06,3.95,3.5465,6.6356,3.7153,8/3/18,9/28/18,WS13,,,
C0045,R,4.98,1.32,3.5607,4.8621,3.6398,8/3/18,9/28/18,WS08,,,
C0046,R,4.99,NA,NA,NA,NA,8/3/18,9/28/18,WS08,,,
C0047,R,5.04,1.7,3.5539,5.2391,3.6653,8/3/18,9/28/18,WS08,,,
C0048,R,4.9,1.28,3.5204,4.7737,3.6064,8/3/18,9/28/18,WS08,,,
C0049,A,4.93,1.18,3.5238,4.6896,3.6801,8/3/18,9/28/18,WS13,,,
C0050,A,5.09,0.79,3.5532,4.1569,3.6948,8/3/18,9/28/18,WS13,,,
C0051,A,5.09,1.46,3.5521,4.7639,3.7782,8/3/18,9/28/18,WS13,,,
C0052,A,5.02,1.06,3.6668,4.7184,3.9096,8/3/18,9/28/18,WS13,,,
C0053,A,4.94,0.77,3.6572,4.4054,3.7781,8/3/18,9/28/18,WS18,,,
C0054,A,4.9,0.87,3.533,4.3761,3.7285,8/3/18,9/28/18,WS18,,,
C0055,A,5.07,1.11,3.527,4.607,3.692,8/3/18,9/28/18,WS18,,,
C0056,A,4.96,1.59,3.5421,5.1271,3.7677,8/3/18,9/28/18,WS18,,,
C0057,A,4.99,1.05,3.5202,4.4172,3.6797,8/3/18,9/28/18,WS27,,,
C0058,A,5.09,1.03,3.6499,4.4702,3.7334,8/3/18,9/28/18,WS27,,,
C0059,A,4.9,0.88,3.5189,4.2389,3.6025,8/3/18,9/28/18,WS27,,,
C0060,A,4.94,1.4,3.6091,4.5261,3.6854,8/3/18,9/28/18,WS27,,,
C0061,A,4.99,NA,NA,NA,NA,8/3/18,9/28/18,WS36,,,
C0062,A,5.07,0.3,3.622,3.924,3.6605,8/3/18,9/28/18,WS36,,,
C0063,A,5.01,NA,NA,NA,NA,8/3/18,9/28/18,WS36,,,
C0064,A,4.91,0.16,3.6329,4.7992,3.6431,8/3/18,9/28/18,WS36,,,
C0065,A,4.96,1.42,3.6206,5.0003,3.7651,8/3/18,9/28/18,WS31,,,
C0066,A,4.97,1,3.6386,4.6433,3.7949,8/3/18,9/28/18,WS31,,,
C0067,A,4.95,1.22,3.512,4.7287,3.7552,8/3/18,9/28/18,WS31,,,
C0068,A,4.94,1.96,3.5223,4.9921,3.6494,8/3/18,9/28/18,WS31,,,
C0069,A,4.92,0.13,3.6664,3.8206,3.6856,8/3/18,9/28/18,WS07,,,
C0070,A,4.92,0.46,3.5239,3.9891,3.567,8/3/18,9/28/18,WS07,,,
C0071,A,5.03,0.64,3.5546,4.189,3.6391,8/3/18,9/28/18,WS07,,,
C0072,A,5,0.91,3.5446,4.4635,3.7019,8/3/18,9/28/18,WS07,,,
C0073,A,4.97,1.45,3.655,5.099,3.8053,8/3/18,9/28/18,WS32,,,
C0074,A,5,0.93,3.5435,4.4526,3.7004,8/3/18,9/28/18,WS32,,,
C0075,A,5.07,1.74,3.6351,5.3563,3.8401,8/3/18,9/28/18,WS32,,,
C0076,A,5.03,1.4,3.6077,5.0007,3.812,8/3/18,9/28/18,WS32,,,
C0077,A,4.92,0.19,3.6515,3.8389,3.6806,8/3/18,9/28/18,WS02,,,
C0078,A,4.96,0.62,3.6001,4.1954,3.741,8/3/18,9/28/18,WS02,,,
C0079,A,4.92,1.01,3.6637,4.6699,4.187,8/3/18,9/28/18,WS02,,,
C0080,A,5.08,0.57,3.5207,4.1062,NA,8/3/18,9/28/18,WS02,,,
C0081,A,5.09,0.13,3.527,3.6536,3.5556,8/3/18,9/28/18,WS08,,,
C0082,A,5.08,0.27,3.6715,3.931,3.7308,8/3/18,9/28/18,WS08,,,
C0083,A,4.96,NA,NA,NA,NA,8/3/18,9/28/18,WS08,,,
C0084,A,5.02,NA,NA,NA,NA,8/3/18,9/28/18,WS08,,,
C0085,A,5.09,1.3,3.5264,4.6215,3.6804,8/3/18,9/28/18,WS06,,,
C0086,A,5.01,1.08,3.6541,4.5453,3.8084,8/3/18,9/28/18,WS06,,,
C0087,A,5,0.36,3.5471,3.8788,3.6068,8/3/18,9/28/18,WS06,,,
C0088,A,5.07,0.49,3.5386,3.9837,3.6432,8/3/18,9/28/18,WS06,,,
C0089,A,4.93,0.53,3.6616,4.1864,3.7899,8/3/18,9/28/18,WS14,,,
C0090,A,5.05,0.3,3.5105,3.8118,3.5534,8/3/18,9/28/18,WS14,,,
C0091,A,4.93,0.55,3.6126,4.1564,3.7313,8/3/18,9/28/18,WS14,,,
C0092,A,5.04,0.86,3.648,4.1687,3.8534,8/3/18,9/28/18,WS14,,,
C0093,A,4.99,0.13,3.6341,3.7757,3.6622,8/3/18,9/28/18,WS01,,,
C0094,A,5.05,NA,NA,NA,NA,8/3/18,9/28/18,WS01,,,
C0095,A,5.1,0.43,3.6606,4.0704,3.7332,8/3/18,9/28/18,WS01,,,
C0096,A,4.9,NA,NA,NA,NA,8/3/18,9/28/18,WS01,,,