,sample.type,sample.day,sample.mo,sample.yr,sample.date,stream,core.number,om.category,total.wet.wt.g,sub.wet.wt.g,prop.sub,sub.sample.dry.weight.g.,total.dry.wt.g,tin.wt.g,sub.dry.tin.wt.g,sub.ash.tin.wt.g,month_year,sub.prop.total,sub.prop.afdm,total.afdm.g,cbom.afdm.g.m2
1,CBOM,25,1,2018,1/25/20,WS02,1,LEAF,NA,NA,NA,NA,29.8584,8.1737,38.0321,9.6943,2020-01,1,0.949072958,28.3378,745.4712308
2,CBOM,25,1,2018,1/25/20,WS02,1,MISC,NA,NA,NA,NA,0,0,0,0,2020-01,0,0,0,0
3,CBOM,25,1,2018,1/25/20,WS02,1,WOOD,NA,NA,NA,NA,4.6507,3.6274,8.2781,3.8665,2020-01,1,0.948588385,4.4116,116.0542061
4,CBOM,25,1,2018,1/25/20,WS02,2,LEAF,NA,NA,NA,NA,7.4642,8.2943,15.7585,9.2234,2020-01,1,0.875525843,6.5351,171.9162758
5,CBOM,25,1,2018,1/25/20,WS02,2,MISC,NA,NA,NA,NA,0.095,2.0805,2.1755,2.085,2020-01,1,0.952631579,0.0905,2.380747496
6,CBOM,25,1,2018,1/25/20,WS02,2,WOOD,NA,NA,NA,NA,1.0276,1.7396,2.7672,1.7789,2020-01,1,0.961755547,0.9883,25.99881492
7,CBOM,25,1,2018,1/25/20,WS02,3,LEAF,NA,NA,NA,NA,7.629,8.2213,15.8503,9.0555,2020-01,1,0.890654083,6.7948,178.7481004
8,CBOM,25,1,2018,1/25/20,WS02,3,MISC,NA,NA,NA,NA,0.3742,1.7529,2.1271,1.7733,2020-01,1,0.945483699,0.3538,9.307275846
9,CBOM,25,1,2018,1/25/20,WS02,3,WOOD,NA,NA,NA,NA,1.4263,3.6459,5.0722,3.6928,2020-01,1,0.967117717,1.3794,36.28732702
10,CBOM,25,1,2018,1/25/20,WS02,4,LEAF,NA,NA,NA,NA,14.4373,8.2531,22.6904,9.7118,2020-01,1,0.898963103,12.9786,341.4228668
11,CBOM,25,1,2018,1/25/20,WS02,4,MISC,NA,NA,NA,NA,2.1239,1.7628,3.8867,1.9497,2020-01,1,0.912001507,1.937,50.95588839
12,CBOM,25,1,2018,1/25/20,WS02,4,WOOD,NA,NA,NA,NA,4.366,3.6049,7.9709,3.7597,2020-01,1,0.964544205,4.2112,110.782363
13,CBOM,25,1,2018,1/25/20,WS07,1,LEAF,NA,NA,NA,NA,6.0224,8.2277,14.2501,8.6109,2020-01,1,0.936370882,5.6392,148.3481909
14,CBOM,25,1,2018,1/25/20,WS07,1,MISC,NA,NA,NA,NA,0.041,1.744,1.785,1.7413,2020-01,1,1.065853659,0.0437,1.149598515
15,CBOM,25,1,2018,1/25/20,WS07,1,WOOD,NA,NA,NA,NA,6.1233,3.6227,9.746,3.8756,2020-01,1,0.958698741,5.8704,154.4302773
16,CBOM,25,1,2018,1/25/20,WS07,2,LEAF,NA,NA,NA,NA,0.1961,3.6456,3.8417,3.6691,2020-01,1,0.880163182,0.1726,4.540519533
17,CBOM,25,1,2018,1/25/20,WS07,2,MISC,NA,NA,NA,NA,0.225,2.1495,2.3745,2.2204,2020-01,1,0.684888889,0.1541,4.053847393
18,CBOM,25,1,2018,1/25/20,WS07,2,WOOD,NA,NA,NA,NA,0.0753,3.6618,3.7371,3.6654,2020-01,1,0.952191235,0.0717,1.886183375
19,CBOM,25,1,2018,1/25/20,WS07,3,LEAF,NA,NA,NA,NA,8.2919,8.2918,16.5837,9.1028,2020-01,1,0.902193707,7.4809,196.7970601
20,CBOM,25,1,2018,1/25/20,WS07,3,MISC,NA,NA,NA,NA,0.4471,1.7293,2.1764,1.7738,2020-01,1,0.900469694,0.4026,10.59103803
21,CBOM,25,1,2018,1/25/20,WS07,3,WOOD,NA,NA,NA,NA,8.2489,3.6575,11.9064,5.1993,2020-01,1,0.81309023,6.7071,176.4410114
22,CBOM,25,1,2018,1/25/20,WS07,4,LEAF,NA,NA,NA,NA,0.1088,2.1232,2.232,2.1333,2020-01,1,0.907169118,0.0987,2.596461634
23,CBOM,25,1,2018,1/25/20,WS07,4,MISC,NA,NA,NA,NA,0,0,0,0,2020-01,0,0,0,0
24,CBOM,25,1,2018,1/25/20,WS07,4,WOOD,NA,NA,NA,NA,0.049,1.9737,2.0227,1.9762,2020-01,1,0.948979592,0.0465,1.223257001
25,CBOM,25,1,2018,1/25/20,WS08,1,LEAF,NA,NA,NA,NA,0.0484,2.1233,2.1717,2.1269,2020-01,1,0.925619835,0.0448,1.178535777
26,CBOM,25,1,2018,1/25/20,WS08,1,MISC,NA,NA,NA,NA,0,0,0,0,2020-01,0,0,0,0
27,CBOM,25,1,2018,1/25/20,WS08,1,WOOD,NA,NA,NA,NA,7.3747,3.6286,11.0033,3.7952,2020-01,1,0.977409251,7.2081,189.6206191
28,CBOM,25,1,2018,1/25/20,WS08,2,LEAF,NA,NA,NA,NA,2.4685,3.6543,6.1228,3.8552,2020-01,1,0.918614543,2.2676,59.65285107
29,CBOM,25,1,2018,1/25/20,WS08,2,MISC,NA,NA,NA,NA,0,0,0,0,2020-01,0,0,0,0
30,CBOM,25,1,2018,1/25/20,WS08,2,WOOD,NA,NA,NA,NA,0.2808,2.017,2.2978,2.0247,2020-01,1,0.972578348,0.2731,7.184333051
31,CBOM,25,1,2018,1/25/20,WS08,3,LEAF,NA,NA,NA,NA,0.0793,1.9966,2.0759,2.0053,2020-01,1,0.890290038,0.0706,1.857246113
32,CBOM,25,1,2018,1/25/20,WS08,3,MISC,NA,NA,NA,NA,0,0,0,0,2020-01,0,0,0,0
33,CBOM,25,1,2018,1/25/20,WS08,3,WOOD,NA,NA,NA,NA,0.0117,2.0979,2.1096,2.0989,2020-01,1,0.914529915,0.0107,0.281480643
34,CBOM,25,1,2018,1/25/20,WS08,4,LEAF,NA,NA,NA,NA,1.3984,3.6229,5.0213,3.7343,2020-01,1,0.920337529,1.287,33.85659699
35,CBOM,25,1,2018,1/25/20,WS08,4,MISC,NA,NA,NA,NA,0,0,0,0,2020-01,0,0,0,0
36,CBOM,25,1,2018,1/25/20,WS08,4,WOOD,NA,NA,NA,NA,0,0,0,0,2020-01,0,0,0,0
37,CBOM,25,1,2018,1/25/20,WS36,1,LEAF,NA,NA,NA,NA,0,0,0,0,2020-01,0,0,0,0
38,CBOM,25,1,2018,1/25/20,WS36,1,MISC,NA,NA,NA,NA,0,0,0,0,2020-01,0,0,0,0
39,CBOM,25,1,2018,1/25/20,WS36,1,WOOD,NA,NA,NA,NA,0.4346,2.0559,2.4905,2.0693,2020-01,1,0.96916705,0.4212,11.08034083
40,CBOM,25,1,2018,1/25/20,WS36,2,LEAF,NA,NA,NA,NA,0.0441,1.7414,1.7855,1.744,2020-01,1,0.941043084,0.0415,1.09172399
41,CBOM,25,1,2018,1/25/20,WS36,2,MISC,NA,NA,NA,NA,0.1152,2.0089,2.1241,2.0126,2020-01,1,0.967881944,0.1115,2.933186141
42,CBOM,25,1,2018,1/25/20,WS36,2,WOOD,NA,NA,NA,NA,0.1605,1.7821,1.9426,1.7887,2020-01,1,0.958878505,0.1539,4.048586073
43,CBOM,25,1,2018,1/25/20,WS36,3,LEAF,NA,NA,NA,NA,0.3681,2.1581,2.5262,2.1826,2020-01,1,0.933441999,0.3436,9.038948504
44,CBOM,25,1,2018,1/25/20,WS36,3,MISC,NA,NA,NA,NA,0,0,0,0,2020-01,0,0,0,0
45,CBOM,25,1,2018,1/25/20,WS36,3,WOOD,NA,NA,NA,NA,0,0,0,0,2020-01,0,0,0,0
46,CBOM,25,1,2018,1/25/20,WS36,4,LEAF,NA,NA,NA,NA,8.9779,8.2058,17.1837,8.752,2020-01,1,0.939161719,8.4317,221.8093775
47,CBOM,25,1,2018,1/25/20,WS36,4,MISC,NA,NA,NA,NA,1.2014,1.7698,2.9712,1.7979,2020-01,1,0.976610621,1.1733,30.86553632
48,CBOM,25,1,2018,1/25/20,WS36,4,WOOD,NA,NA,NA,NA,12.1327,8.2333,20.366,8.7789,2020-01,1,0.95503062,11.5871,304.8172299
49,CBOM,26,1,2018,1/26/20,WS06,1,LEAF,NA,NA,NA,NA,7.2429,8.1456,15.3885,8.7782,2020-01,1,0.912659294,6.6103,173.8945323
50,CBOM,26,1,2018,1/26/20,WS06,1,MISC,NA,NA,NA,NA,0.0948,3.6318,3.7266,3.6351,2020-01,1,0.965189873,0.0915,2.407054098
51,CBOM,26,1,2018,1/26/20,WS06,1,WOOD,NA,NA,NA,NA,6.2809,3.6144,9.8953,3.8765,2020-01,1,0.958270312,6.0188,158.3341771
52,CBOM,26,1,2018,1/26/20,WS06,2,LEAF,NA,NA,NA,NA,1.3671,3.6552,5.0223,3.7942,2020-01,1,0.898324921,1.2281,32.30713812
53,CBOM,26,1,2018,1/26/20,WS06,2,MISC,NA,NA,NA,NA,0,0,0,0,2020-01,0,0,0,0
54,CBOM,26,1,2018,1/26/20,WS06,2,WOOD,NA,NA,NA,NA,0,0,0,0,2020-01,0,0,0,0
55,CBOM,26,1,2018,1/26/20,WS06,3,LEAF,NA,NA,NA,NA,8.5415,8.2704,16.8119,9.3623,2020-01,1,0.872165311,7.4496,195.9736635
56,CBOM,26,1,2018,1/26/20,WS06,3,MISC,NA,NA,NA,NA,0.066,3.634,3.7,3.6386,2020-01,1,0.93030303,0.0614,1.615225373
57,CBOM,26,1,2018,1/26/20,WS06,3,WOOD,NA,NA,NA,NA,12.3313,3.6279,15.9592,3.9234,2020-01,1,0.97603659,12.0358,316.6210023
58,CBOM,26,1,2018,1/26/20,WS06,4,LEAF,NA,NA,NA,NA,0.1297,3.6091,3.7388,3.6142,2020-01,1,0.960678489,0.1246,3.27780263
59,CBOM,26,1,2018,1/26/20,WS06,4,MISC,NA,NA,NA,NA,0.6377,3.629,4.2667,3.6745,2020-01,1,0.928649835,0.5922,15.5787698
60,CBOM,26,1,2018,1/26/20,WS06,4,WOOD,NA,NA,NA,NA,7.8883,8.2259,16.1142,9.0065,2020-01,1,0.901043317,7.1077,186.9794362
61,CBOM,26,1,2018,1/26/20,WS13,1,LEAF,NA,NA,NA,NA,6.6286,8.1928,14.8214,8.838,2020-01,1,0.902664213,5.9834,157.4029234
62,CBOM,26,1,2018,1/26/20,WS13,1,MISC,NA,NA,NA,NA,0.0602,3.6613,3.7215,3.6638,2020-01,1,0.958471761,0.0577,1.517890945
63,CBOM,26,1,2018,1/26/20,WS13,1,WOOD,NA,NA,NA,NA,0.5629,3.6212,4.1841,3.6392,2020-01,1,0.968022739,0.5449,14.33446752
64,CBOM,26,1,2018,1/26/20,WS13,2,LEAF,NA,NA,NA,NA,0,0,0,0,2020-01,0,0,0,0
65,CBOM,26,1,2018,1/26/20,WS13,2,MISC,NA,NA,NA,NA,0,0,0,0,2020-01,0,0,0,0
66,CBOM,26,1,2018,1/26/20,WS13,2,WOOD,NA,NA,NA,NA,0,0,0,0,2020-01,0,0,0,0
67,CBOM,26,1,2018,1/26/20,WS13,3,LEAF,NA,NA,NA,NA,13.3995,8.169,21.5685,9.6578,2020-01,1,0.888891377,11.9107,313.3300464
68,CBOM,26,1,2018,1/26/20,WS13,3,MISC,NA,NA,NA,NA,0.6445,3.6209,4.2654,3.6685,2020-01,1,0.926144298,0.5969,15.70241083
69,CBOM,26,1,2018,1/26/20,WS13,3,WOOD,NA,NA,NA,NA,3.1496,3.6462,6.7958,3.7637,2020-01,1,0.962693675,3.0321,79.76424842
70,CBOM,26,1,2018,1/26/20,WS13,4,LEAF,NA,NA,NA,NA,8.8265,8.2112,17.0377,9.123,2020-01,1,0.896697445,7.9147,208.2088641
71,CBOM,26,1,2018,1/26/20,WS13,4,MISC,NA,NA,NA,NA,0.3098,3.6162,3.926,3.6419,2020-01,1,0.917043254,0.2841,7.473705675
72,CBOM,26,1,2018,1/26/20,WS13,4,WOOD,NA,NA,NA,NA,17.9188,3.6329,21.5517,5.5815,2020-01,1,0.891253879,15.9702,420.1216979
73,CBOM,26,1,2018,1/26/20,WS14,1,LEAF,NA,NA,NA,NA,0,0,0,0,2020-01,0,0,0,0
74,CBOM,26,1,2018,1/26/20,WS14,1,MISC,NA,NA,NA,NA,0,0,0,0,2020-01,0,0,0,0
75,CBOM,26,1,2018,1/26/20,WS14,1,WOOD,NA,NA,NA,NA,2.8394,3.676,6.5154,3.7366,2020-01,1,0.978657463,2.7788,73.10078609
76,CBOM,26,1,2018,1/26/20,WS14,2,LEAF,NA,NA,NA,NA,0.3059,3.659,3.9649,3.6784,2020-01,1,0.936580582,0.2865,7.53684152
77,CBOM,26,1,2018,1/26/20,WS14,2,MISC,NA,NA,NA,NA,0,0,0,0,2020-01,0,0,0,0
78,CBOM,26,1,2018,1/26/20,WS14,2,WOOD,NA,NA,NA,NA,0.452,3.6814,4.1334,3.6931,2020-01,1,0.974115044,0.4403,11.58279693
79,CBOM,26,1,2018,1/26/20,WS14,3,LEAF,NA,NA,NA,NA,24.81,3.6131,5.6354,3.8047,2020-01,0.081511487,0.905256391,22.45941107,590.8307918
80,CBOM,26,1,2018,1/26/20,WS14,3,MISC,NA,NA,NA,NA,0.4221,3.6626,4.0847,3.6881,2020-01,1,0.939587775,0.3966,10.43319842
81,CBOM,26,1,2018,1/26/20,WS14,3,WOOD,NA,NA,NA,NA,4.6759,3.6121,8.288,3.855,2020-01,1,0.948052781,4.433,116.6171674
82,CBOM,26,1,2018,1/26/20,WS14,4,LEAF,NA,NA,NA,NA,0.7501,3.6395,4.3896,3.7176,2020-01,1,0.895880549,0.672,17.67803665
83,CBOM,26,1,2018,1/26/20,WS14,4,MISC,NA,NA,NA,NA,0,0,0,0,2020-01,0,0,0,0
84,CBOM,26,1,2018,1/26/20,WS14,4,WOOD,NA,NA,NA,NA,0,0,0,0,2020-01,0,0,0,0
85,CBOM,26,1,2018,1/26/20,WS18,1,LEAF,NA,NA,NA,NA,5.3747,3.6668,9.0415,4.0703,2020-01,1,0.924926042,4.9712,130.7753807
86,CBOM,26,1,2018,1/26/20,WS18,1,MISC,NA,NA,NA,NA,0.548,3.6253,4.1733,3.6373,2020-01,1,0.97810219,0.536,14.10033876
87,CBOM,26,1,2018,1/26/20,WS18,1,WOOD,NA,NA,NA,NA,0.8625,3.633,4.4955,3.8342,2020-01,1,0.766724638,0.6613,17.39655601
88,CBOM,26,1,2018,1/26/20,WS18,2,LEAF,NA,NA,NA,NA,7.1322,8.1445,15.2767,8.6726,2020-01,1,0.925955526,6.6041,173.7314314
89,CBOM,26,1,2018,1/26/20,WS18,2,MISC,NA,NA,NA,NA,0.4321,1.7366,2.1687,1.7568,2020-01,1,0.953251562,0.4119,10.83568943
90,CBOM,26,1,2018,1/26/20,WS18,2,WOOD,NA,NA,NA,NA,1.4577,3.655,5.1127,3.7233,2020-01,1,0.953145366,1.3894,36.55039305
91,CBOM,26,1,2018,1/26/20,WS18,3,LEAF,NA,NA,NA,NA,11.52,3.6147,7.8906,4.1955,2020-01,0.371171875,0.864168947,9.955226268,261.8881769
92,CBOM,26,1,2018,1/26/20,WS18,3,MISC,NA,NA,NA,NA,0,0,0,0,2020-01,0,0,0,0
93,CBOM,26,1,2018,1/26/20,WS18,3,WOOD,NA,NA,NA,NA,2.693,3.6361,6.3291,3.7556,2020-01,1,0.955625696,2.5735,67.70004067
94,CBOM,26,1,2018,1/26/20,WS18,4,LEAF,NA,NA,NA,NA,11.5409,8.2151,19.756,9.8006,2020-01,1,0.862619033,9.9554,261.8927472
95,CBOM,26,1,2018,1/26/20,WS18,4,MISC,NA,NA,NA,NA,0.3338,3.6514,3.9852,3.6644,2020-01,1,0.961054524,0.3208,8.439157974
96,CBOM,26,1,2018,1/26/20,WS18,4,WOOD,NA,NA,NA,NA,23.728,8.2118,31.9398,9.2962,2020-01,1,0.954298719,22.6436,595.6761768
97,CBOM,26,1,2018,1/26/20,WS27,1,LEAF,NA,NA,NA,NA,0.8315,3.6254,4.4569,3.6855,2020-01,1,0.927720986,0.7714,20.29291291
98,CBOM,26,1,2018,1/26/20,WS27,1,MISC,NA,NA,NA,NA,0.0455,3.654,3.6995,3.655,2020-01,1,0.978021978,0.0445,1.170643796
99,CBOM,26,1,2018,1/26/20,WS27,1,WOOD,NA,NA,NA,NA,0.1371,3.6273,3.7644,3.633,2020-01,1,0.958424508,0.1314,3.456687524
100,CBOM,26,1,2018,1/26/20,WS27,2,LEAF,NA,NA,NA,NA,0,0,0,0,2020-01,0,0,0,0
101,CBOM,26,1,2018,1/26/20,WS27,2,MISC,NA,NA,NA,NA,0,0,0,0,2020-01,0,0,0,0
102,CBOM,26,1,2018,1/26/20,WS27,2,WOOD,NA,NA,NA,NA,0.0063,3.6307,3.637,3.6312,2020-01,1,0.920634921,0.0058,0.152578293
103,CBOM,26,1,2018,1/26/20,WS27,3,LEAF,NA,NA,NA,NA,2.1496,3.6595,5.8091,3.7878,2020-01,1,0.940314477,2.0213,53.17353495
104,CBOM,26,1,2018,1/26/20,WS27,3,MISC,NA,NA,NA,NA,0,0,0,0,2020-01,0,0,0,0
105,CBOM,26,1,2018,1/26/20,WS27,3,WOOD,NA,NA,NA,NA,5.4902,3.6187,9.1089,3.756,2020-01,1,0.974991804,5.3529,140.8166107
106,CBOM,26,1,2018,1/26/20,WS27,4,LEAF,NA,NA,NA,NA,0.3744,3.6457,4.0201,3.6719,2020-01,1,0.930021368,0.3482,9.159958873
107,CBOM,26,1,2018,1/26/20,WS27,4,MISC,NA,NA,NA,NA,0,0,0,0,2020-01,0,0,0,0
108,CBOM,26,1,2018,1/26/20,WS27,4,WOOD,NA,NA,NA,NA,1.3887,3.6121,5.0008,3.7783,2020-01,1,0.880319723,1.2225,32.15982115
109,CBOM,26,1,2018,1/26/20,WS32,1,LEAF,NA,NA,NA,NA,0.2806,3.642,3.9226,3.6612,2020-01,1,0.931575196,0.2614,6.876545806
110,CBOM,26,1,2018,1/26/20,WS32,1,MISC,NA,NA,NA,NA,0,0,0,0,2020-01,0,0,0,0
111,CBOM,26,1,2018,1/26/20,WS32,1,WOOD,NA,NA,NA,NA,0,0,0,0,2020-01,0,0,0,0
112,CBOM,26,1,2018,1/26/20,WS32,2,LEAF,NA,NA,NA,NA,0.2147,3.6659,3.8806,3.698,2020-01,1,0.850489054,0.1826,4.803585555
113,CBOM,26,1,2018,1/26/20,WS32,2,MISC,NA,NA,NA,NA,0,0,0,0,2020-01,0,0,0,0
114,CBOM,26,1,2018,1/26/20,WS32,2,WOOD,NA,NA,NA,NA,0.2081,3.6418,3.8499,3.6474,2020-01,1,0.973089861,0.2025,5.327086938
115,CBOM,26,1,2018,1/26/20,WS32,3,LEAF,NA,NA,NA,NA,10.8533,8.2042,19.0575,8.7351,2020-01,1,0.951084002,10.3224,271.5472702
116,CBOM,26,1,2018,1/26/20,WS32,3,MISC,NA,NA,NA,NA,0.0604,2.0389,2.0993,2.0397,2020-01,1,0.986754967,0.0596,1.567873489
117,CBOM,26,1,2018,1/26/20,WS32,3,WOOD,NA,NA,NA,NA,2.5682,3.6052,6.1734,3.6286,2020-01,1,0.99088856,2.5448,66.94504119
118,CBOM,26,1,2018,1/26/20,WS32,4,LEAF,NA,NA,NA,NA,11.8417,8.2347,20.0764,9.1933,2020-01,1,0.919048785,10.8831,286.297382
119,CBOM,26,1,2018,1/26/20,WS32,4,MISC,NA,NA,NA,NA,0.1806,2.1746,2.3552,2.1824,2020-01,1,0.956810631,0.1728,4.545780854
120,CBOM,26,1,2018,1/26/20,WS32,4,WOOD,NA,NA,NA,NA,8.8415,3.6651,12.5066,3.9894,2020-01,1,0.963320704,8.5172,224.058592
121,CBOM,18,4,2018,4/18/20,WS02,1,LEAF,NA,NA,NA,NA,6.06,3.5508,9.4832,3.9778,2020-04,0.978943894,0.928022386,5.623815656,147.9434811
122,CBOM,18,4,2018,4/18/20,WS02,1,MISC,NA,NA,NA,NA,0,0,0,0,2020-04,0,0,0,0
123,CBOM,18,4,2018,4/18/20,WS02,1,WOOD,NA,NA,NA,NA,3.1092,3.5487,6.6579,3.6665,2020-04,1,0.96211244,2.9914,78.69356971
124,CBOM,18,4,2018,4/18/20,WS02,2,LEAF,NA,NA,NA,NA,4.05,3.6589,7.6352,3.9182,2020-04,0.981802469,0.934788623,3.785893921,99.59400523
125,CBOM,18,4,2018,4/18/20,WS02,2,MISC,NA,NA,NA,NA,0,0,0,0,2020-04,0,0,0,0
126,CBOM,18,4,2018,4/18/20,WS02,2,WOOD,NA,NA,NA,NA,3.9995,3.4963,7.4958,3.8913,2020-04,1,0.901237655,3.6045,94.8221475
127,CBOM,18,4,2018,4/18/20,WS02,3,LEAF,NA,NA,NA,NA,1.8805,3.6313,5.5118,3.7742,2020-04,1,0.924009572,1.7376,45.71035192
128,CBOM,18,4,2018,4/18/20,WS02,3,MISC,NA,NA,NA,NA,0,0,0,0,2020-04,0,0,0,0
129,CBOM,18,4,2018,4/18/20,WS02,3,WOOD,NA,NA,NA,NA,0,0,0,0,2020-04,0,0,0,0
130,CBOM,18,4,2018,4/18/20,WS02,4,LEAF,NA,NA,NA,NA,3.3277,3.653,6.9807,3.9217,2020-04,1,0.919253538,3.059,80.47189602
131,CBOM,18,4,2018,4/18/20,WS02,4,MISC,NA,NA,NA,NA,2.2946,3.6758,5.9704,3.736,2020-04,1,0.973764491,2.2344,58.77947188
132,CBOM,18,4,2018,4/18/20,WS02,4,WOOD,NA,NA,NA,NA,2.1764,3.6624,5.8388,3.7754,2020-04,1,0.948079397,2.0634,54.28104291
133,CBOM,18,4,2018,4/18/20,WS06,1,LEAF,NA,NA,NA,NA,2.2711,3.5158,5.7869,3.7111,2020-04,1,0.914006429,2.0758,54.60724477
134,CBOM,18,4,2018,4/18/20,WS06,1,MISC,NA,NA,NA,NA,0.072,3.6688,3.7408,3.6994,2020-04,1,0.575,0.0414,1.08909333
135,CBOM,18,4,2018,4/18/20,WS06,1,WOOD,NA,NA,NA,NA,0.2579,3.6633,3.9212,3.6746,2020-04,1,0.956184568,0.2466,6.487208094
136,CBOM,18,4,2018,4/18/20,WS06,2,LEAF,NA,NA,NA,NA,1.4124,3.5475,4.9599,3.6101,2020-04,1,0.955678278,1.3498,35.5086516
137,CBOM,18,4,2018,4/18/20,WS06,2,MISC,NA,NA,NA,NA,0,0,0,0,2020-04,0,0,0,0
138,CBOM,18,4,2018,4/18/20,WS06,2,WOOD,NA,NA,NA,NA,6.4349,3.5225,9.9574,3.7257,2020-04,1,0.968422198,6.2317,163.9348527
139,CBOM,18,4,2018,4/18/20,WS06,3,LEAF,NA,NA,NA,NA,3.4115,3.5422,6.9537,3.9168,2020-04,1,0.890194929,3.0369,79.89052011
140,CBOM,18,4,2018,4/18/20,WS06,3,MISC,NA,NA,NA,NA,0,0,0,0,2020-04,0,0,0,0
141,CBOM,18,4,2018,4/18/20,WS06,3,WOOD,NA,NA,NA,NA,12.1044,3.56,15.6644,3.963,2020-04,1,0.966706322,11.7014,307.8240746
142,CBOM,18,4,2018,4/18/20,WS06,4,LEAF,NA,NA,NA,NA,1.1042,3.6288,4.733,3.7132,2020-04,1,0.923564572,1.0198,26.82747289
143,CBOM,18,4,2018,4/18/20,WS06,4,MISC,NA,NA,NA,NA,1.4205,3.6605,5.081,3.7525,2020-04,1,0.935234073,1.3285,34.94832097
144,CBOM,18,4,2018,4/18/20,WS06,4,WOOD,NA,NA,NA,NA,2.5883,3.6163,6.2046,3.7193,2020-04,1,0.96020554,2.4853,65.37979836
145,CBOM,18,4,2018,4/18/20,WS07,1,LEAF,NA,NA,NA,NA,2.0935,3.6312,5.7247,3.7559,2020-04,1,0.940434679,1.9688,51.79243834
146,CBOM,18,4,2018,4/18/20,WS07,1,MISC,NA,NA,NA,NA,0,0,0,0,2020-04,0,0,0,0
147,CBOM,18,4,2018,4/18/20,WS07,1,WOOD,NA,NA,NA,NA,13.372,3.6196,16.9916,3.9896,2020-04,1,0.972330242,13.002,342.0384413
148,CBOM,18,4,2018,4/18/20,WS07,2,LEAF,NA,NA,NA,NA,0.0243,3.6417,3.666,3.6432,2020-04,1,0.938271605,0.0228,0.599790529
149,CBOM,18,4,2018,4/18/20,WS07,2,MISC,NA,NA,NA,NA,0,0,0,0,2020-04,0,0,0,0
150,CBOM,18,4,2018,4/18/20,WS07,2,WOOD,NA,NA,NA,NA,0,0,0,0,2020-04,0,0,0,0
151,CBOM,18,4,2018,4/18/20,WS07,3,LEAF,NA,NA,NA,NA,1.2104,3.6429,4.8533,3.7407,2020-04,1,0.919200264,1.1126,29.26872557
152,CBOM,18,4,2018,4/18/20,WS07,3,MISC,NA,NA,NA,NA,0.0506,3.6465,3.6971,3.6492,2020-04,1,0.946640316,0.0479,1.260086244
153,CBOM,18,4,2018,4/18/20,WS07,3,WOOD,NA,NA,NA,NA,3.7505,3.651,7.4015,3.7437,2020-04,1,0.975283296,3.6578,96.2242894
154,CBOM,18,4,2018,4/18/20,WS07,4,LEAF,NA,NA,NA,NA,0.0623,3.6432,3.7055,3.6518,2020-04,1,0.861958266,0.0537,1.412664536
155,CBOM,18,4,2018,4/18/20,WS07,4,MISC,NA,NA,NA,NA,0,0,0,0,2020-04,0,0,0,0
156,CBOM,18,4,2018,4/18/20,WS07,4,WOOD,NA,NA,NA,NA,0,0,0,0,2020-04,0,0,0,0
157,CBOM,18,4,2018,4/18/20,WS08,1,LEAF,NA,NA,NA,NA,0.2945,3.6219,3.9164,3.6423,2020-04,1,0.930730051,0.2741,7.210639653
158,CBOM,18,4,2018,4/18/20,WS08,1,MISC,NA,NA,NA,NA,0,0,0,0,2020-04,0,0,0,0
159,CBOM,18,4,2018,4/18/20,WS08,1,WOOD,NA,NA,NA,NA,5.7775,3.6399,9.4174,3.7893,2020-04,1,0.974141064,5.6281,148.0561876
160,CBOM,18,4,2018,4/18/20,WS08,2,LEAF,NA,NA,NA,NA,0.0992,3.5376,3.6368,3.5465,2020-04,1,0.910282258,0.0903,2.375486175
161,CBOM,18,4,2018,4/18/20,WS08,2,MISC,NA,NA,NA,NA,0,0,0,0,2020-04,0,0,0,0
162,CBOM,18,4,2018,4/18/20,WS08,2,WOOD,NA,NA,NA,NA,0.2714,3.5309,3.8023,3.5369,2020-04,1,0.97789241,0.2654,6.981772214
163,CBOM,18,4,2018,4/18/20,WS08,3,LEAF,NA,NA,NA,NA,0.2441,3.6397,3.8838,3.6567,2020-04,1,0.930356411,0.2271,5.974229351
164,CBOM,18,4,2018,4/18/20,WS08,3,MISC,NA,NA,NA,NA,0,0,0,0,2020-04,0,0,0,0
165,CBOM,18,4,2018,4/18/20,WS08,3,WOOD,NA,NA,NA,NA,0.6001,3.6348,4.2349,3.6639,2020-04,1,0.951508082,0.571,15.02106984
166,CBOM,18,4,2018,4/18/20,WS08,4,LEAF,NA,NA,NA,NA,0.2853,3.544,3.8293,3.5628,2020-04,1,0.934104451,0.2665,7.010709477
167,CBOM,18,4,2018,4/18/20,WS08,4,MISC,NA,NA,NA,NA,0,0,0,0,2020-04,0,0,0,0
168,CBOM,18,4,2018,4/18/20,WS08,4,WOOD,NA,NA,NA,NA,3.1498,3.6823,6.8321,3.7791,2020-04,1,0.96926789,3.053,80.31405641
169,CBOM,18,4,2018,4/18/20,WS13,1,LEAF,NA,NA,NA,NA,0,0,0,0,2020-04,0,0,0,0
170,CBOM,18,4,2018,4/18/20,WS13,1,MISC,NA,NA,NA,NA,0,0,0,0,2020-04,0,0,0,0
171,CBOM,18,4,2018,4/18/20,WS13,1,WOOD,NA,NA,NA,NA,0.9972,3.615,4.6122,3.6463,2020-04,1,0.968612114,0.9659,25.40954703
172,CBOM,18,4,2018,4/18/20,WS13,2,LEAF,NA,NA,NA,NA,4.7059,8.2469,12.9528,3.6209,2020-04,1,1.983021314,9.3319,245.4905807
173,CBOM,18,4,2018,4/18/20,WS13,2,MISC,NA,NA,NA,NA,0,0,0,0,2020-04,0,0,0,0
174,CBOM,18,4,2018,4/18/20,WS13,2,WOOD,NA,NA,NA,NA,7.2799,3.6472,10.9271,3.8518,2020-04,1,0.971895218,7.0753,186.1271023
175,CBOM,18,4,2018,4/18/20,WS13,3,LEAF,NA,NA,NA,NA,0.0342,3.645,3.6792,3.652,2020-04,1,0.795321637,0.0272,0.715539579
176,CBOM,18,4,2018,4/18/20,WS13,3,MISC,NA,NA,NA,NA,0,0,0,0,2020-04,0,0,0,0
177,CBOM,18,4,2018,4/18/20,WS13,3,WOOD,NA,NA,NA,NA,0,0,0,0,2020-04,0,0,0,0
178,CBOM,18,4,2018,4/18/20,WS13,4,LEAF,NA,NA,NA,NA,15.48,3.6163,11.4056,4.1562,2020-04,0.503184755,0.930686968,14.40703426,379.0001188
179,CBOM,18,4,2018,4/18/20,WS13,4,MISC,NA,NA,NA,NA,3.7726,3.6481,7.4207,4.1374,2020-04,1,0.870301649,3.2833,86.37246688
180,CBOM,18,4,2018,4/18/20,WS13,4,WOOD,NA,NA,NA,NA,25.981,8.2278,34.2088,10.0266,2020-04,1,0.93076479,24.1822,636.1515148
181,CBOM,18,4,2018,4/18/20,WS14,1,LEAF,NA,NA,NA,NA,1.0392,3.5301,4.5693,3.6123,2020-04,1,0.920900693,0.957,25.17541827
182,CBOM,18,4,2018,4/18/20,WS14,1,MISC,NA,NA,NA,NA,0.0913,3.6396,3.7309,3.6444,2020-04,1,0.947426068,0.0865,2.275521087
183,CBOM,18,4,2018,4/18/20,WS14,1,WOOD,NA,NA,NA,NA,0,0,0,0,2020-04,0,0,0,0
184,CBOM,18,4,2018,4/18/20,WS14,2,LEAF,NA,NA,NA,NA,0,0,0,0,2020-04,0,0,0,0
185,CBOM,18,4,2018,4/18/20,WS14,2,MISC,NA,NA,NA,NA,0,0,0,0,2020-04,0,0,0,0
186,CBOM,18,4,2018,4/18/20,WS14,2,WOOD,NA,NA,NA,NA,0.0465,3.5231,3.5696,3.528,2020-04,1,0.894623656,0.0416,1.09435465
187,CBOM,18,4,2018,4/18/20,WS14,3,LEAF,NA,NA,NA,NA,2.2882,3.5382,5.8264,3.6806,2020-04,1,0.937767678,2.1458,56.44870692
188,CBOM,18,4,2018,4/18/20,WS14,3,MISC,NA,NA,NA,NA,0.2322,3.5487,3.7809,3.5549,2020-04,1,0.97329888,0.226,5.945292089
189,CBOM,18,4,2018,4/18/20,WS14,3,WOOD,NA,NA,NA,NA,6.8273,3.5516,10.3789,3.7063,2020-04,1,0.977340969,6.6726,175.5334336
190,CBOM,18,4,2018,4/18/20,WS14,4,LEAF,NA,NA,NA,NA,1.1185,3.5281,4.6466,3.5854,2020-04,1,0.948770675,1.0612,27.91656622
191,CBOM,18,4,2018,4/18/20,WS14,4,MISC,NA,NA,NA,NA,0.3418,3.6569,3.9987,3.6708,2020-04,1,0.959332943,0.3279,8.62593485
192,CBOM,18,4,2018,4/18/20,WS14,4,WOOD,NA,NA,NA,NA,0.7868,3.6419,4.4287,3.6686,2020-04,1,0.966065074,0.7601,19.9956483
193,CBOM,18,4,2018,4/18/20,WS18,1,LEAF,NA,NA,NA,NA,0.0049,3.5101,3.515,3.5111,2020-04,1,0.795918367,0.0039,0.102595748
194,CBOM,18,4,2018,4/18/20,WS18,1,MISC,NA,NA,NA,NA,0,0,0,0,2020-04,0,0,0,0
195,CBOM,18,4,2018,4/18/20,WS18,1,WOOD,NA,NA,NA,NA,0.2539,3.5129,3.7668,3.5245,2020-04,1,0.954312722,0.2423,6.374089704
196,CBOM,18,4,2018,4/18/20,WS18,2,LEAF,NA,NA,NA,NA,2.9258,3.6328,6.5586,3.9032,2020-04,1,0.907580833,2.6554,69.85455139
197,CBOM,18,4,2018,4/18/20,WS18,2,MISC,NA,NA,NA,NA,0.0026,3.6653,3.6679,3.6661,2020-04,1,0.692307692,0.0018,0.047351884
198,CBOM,18,4,2018,4/18/20,WS18,2,WOOD,NA,NA,NA,NA,4.7786,3.5409,8.3195,3.6909,2020-04,1,0.968610053,4.6286,121.7627388
199,CBOM,18,4,2018,4/18/20,WS18,3,LEAF,NA,NA,NA,NA,3.9426,3.5323,7.4749,4.0377,2020-04,1,0.87181048,3.4372,90.42105296
200,CBOM,18,4,2018,4/18/20,WS18,3,MISC,NA,NA,NA,NA,0,0,0,0,2020-04,0,0,0,0
201,CBOM,18,4,2018,4/18/20,WS18,3,WOOD,NA,NA,NA,NA,10.4297,3.541,13.9707,3.9551,2020-04,1,0.960296078,10.0156,263.4764046
202,CBOM,18,4,2018,4/18/20,WS18,4,LEAF,NA,NA,NA,NA,0.8295,3.5289,4.3584,3.6037,2020-04,1,0.909825196,0.7547,19.85359265
203,CBOM,18,4,2018,4/18/20,WS18,4,MISC,NA,NA,NA,NA,0,0,0,0,2020-04,0,0,0,0
204,CBOM,18,4,2018,4/18/20,WS18,4,WOOD,NA,NA,NA,NA,1.5791,3.5251,5.1042,3.5762,2020-04,1,0.967639795,1.528,40.19648811
205,CBOM,18,4,2018,4/18/20,WS27,1,LEAF,NA,NA,NA,NA,0,0,0,0,2020-04,0,0,0,0
206,CBOM,18,4,2018,4/18/20,WS27,1,MISC,NA,NA,NA,NA,0,0,0,0,2020-04,0,0,0,0
207,CBOM,18,4,2018,4/18/20,WS27,1,WOOD,NA,NA,NA,NA,0,0,0,0,2020-04,0,0,0,0
208,CBOM,18,4,2018,4/18/20,WS27,2,LEAF,NA,NA,NA,NA,8.69,3.6322,7.9849,4.256,2020-04,0.500886076,0.856686654,7.444607026,195.8423153
209,CBOM,18,4,2018,4/18/20,WS27,2,MISC,NA,NA,NA,NA,0.3836,3.6134,3.997,3.6455,2020-04,1,0.916319082,0.3515,9.246770661
210,CBOM,18,4,2018,4/18/20,WS27,2,WOOD,NA,NA,NA,NA,11.7556,3.6783,15.4339,3.9631,2020-04,1,0.975773248,11.4708,301.7577721
211,CBOM,18,4,2018,4/18/20,WS27,3,LEAF,NA,NA,NA,NA,1.5919,3.6308,5.2227,3.7728,2020-04,1,0.910798417,1.4499,38.14194248
212,CBOM,18,4,2018,4/18/20,WS27,3,MISC,NA,NA,NA,NA,0.0268,3.6038,3.6306,3.6052,2020-04,1,0.947761194,0.0254,0.668187695
213,CBOM,18,4,2018,4/18/20,WS27,3,WOOD,NA,NA,NA,NA,28.8176,8.2743,37.0919,9.705,2020-04,1,0.950353256,27.3869,720.4562828
214,CBOM,18,4,2018,4/18/20,WS27,4,LEAF,NA,NA,NA,NA,0.0859,3.6451,3.731,3.6512,2020-04,1,0.928987194,0.0798,2.099266853
215,CBOM,18,4,2018,4/18/20,WS27,4,MISC,NA,NA,NA,NA,0.0423,3.6913,3.7336,3.6936,2020-04,1,0.945626478,0.04,1.052264087
216,CBOM,18,4,2018,4/18/20,WS27,4,WOOD,NA,NA,NA,NA,0.829,3.6538,4.4828,3.6804,2020-04,1,0.967913148,0.8024,21.10841758
217,CBOM,18,4,2018,4/18/20,WS32,1,LEAF,NA,NA,NA,NA,0.025,3.6711,3.6961,3.6734,2020-04,1,0.908,0.0227,0.597159869
218,CBOM,18,4,2018,4/18/20,WS32,1,MISC,NA,NA,NA,NA,0,0,0,0,2020-04,0,0,0,0
219,CBOM,18,4,2018,4/18/20,WS32,1,WOOD,NA,NA,NA,NA,0.1407,3.6847,3.8254,3.6927,2020-04,1,0.943141436,0.1327,3.490886107
220,CBOM,18,4,2018,4/18/20,WS32,2,LEAF,NA,NA,NA,NA,0.1604,3.6061,3.7665,3.6168,2020-04,1,0.933291771,0.1497,3.938098344
221,CBOM,18,4,2018,4/18/20,WS32,2,MISC,NA,NA,NA,NA,0,0,0,0,2020-04,0,0,0,0
222,CBOM,18,4,2018,4/18/20,WS32,2,WOOD,NA,NA,NA,NA,0.0673,3.6011,3.6684,3.6089,2020-04,1,0.88410104,0.0595,1.565242829
223,CBOM,18,4,2018,4/18/20,WS32,3,LEAF,NA,NA,NA,NA,7.14,3.647,9.9527,4.1113,2020-04,0.883151261,0.926368207,6.614268995,173.998943
224,CBOM,18,4,2018,4/18/20,WS32,3,MISC,NA,NA,NA,NA,0.1419,3.5145,3.6564,3.521,2020-04,1,0.954193094,0.1354,3.561913933
225,CBOM,18,4,2018,4/18/20,WS32,3,WOOD,NA,NA,NA,NA,6.1037,3.6487,9.7524,3.9076,2020-04,1,0.957583105,5.8448,153.7568283
226,CBOM,18,4,2018,4/18/20,WS32,4,LEAF,NA,NA,NA,NA,1.2804,3.6515,4.9319,3.734,2020-04,1,0.93556701,1.1979,31.51267873
227,CBOM,18,4,2018,4/18/20,WS32,4,MISC,NA,NA,NA,NA,0,0,0,0,2020-04,0,0,0,0
228,CBOM,18,4,2018,4/18/20,WS32,4,WOOD,NA,NA,NA,NA,0.6474,3.6325,4.2799,3.6564,2020-04,1,0.963083102,0.6235,16.40216645
229,CBOM,18,4,2018,4/18/20,WS36,1,LEAF,NA,NA,NA,NA,0.0577,3.5186,3.5763,3.522,2020-04,1,0.941074523,0.0543,1.428448498
230,CBOM,18,4,2018,4/18/20,WS36,1,MISC,NA,NA,NA,NA,0,0,0,0,2020-04,0,0,0,0
231,CBOM,18,4,2018,4/18/20,WS36,1,WOOD,NA,NA,NA,NA,5.1192,3.6133,8.7325,3.7991,2020-04,1,0.963705266,4.9334,129.7809911
232,CBOM,18,4,2018,4/18/20,WS36,2,LEAF,NA,NA,NA,NA,0.0337,3.5413,3.575,3.5441,2020-04,1,0.916913947,0.0309,0.812874007
233,CBOM,18,4,2018,4/18/20,WS36,2,MISC,NA,NA,NA,NA,0,0,0,0,2020-04,0,0,0,0
234,CBOM,18,4,2018,4/18/20,WS36,2,WOOD,NA,NA,NA,NA,0,0,0,0,2020-04,0,0,0,0
235,CBOM,18,4,2018,4/18/20,WS36,3,LEAF,NA,NA,NA,NA,0.149,3.5462,3.6952,3.5595,2020-04,1,0.910738255,0.1357,3.569805914
236,CBOM,18,4,2018,4/18/20,WS36,3,MISC,NA,NA,NA,NA,0,0,0,0,2020-04,0,0,0,0
237,CBOM,18,4,2018,4/18/20,WS36,3,WOOD,NA,NA,NA,NA,1.0204,3.529,4.5494,3.5805,2020-04,1,0.949529596,0.9689,25.48846684
238,CBOM,18,4,2018,4/18/20,WS36,4,LEAF,NA,NA,NA,NA,1.3232,3.6054,4.9286,3.6995,2020-04,1,0.928884522,1.2291,32.33344472
239,CBOM,18,4,2018,4/18/20,WS36,4,MISC,NA,NA,NA,NA,0,0,0,0,2020-04,0,0,0,0
240,CBOM,18,4,2018,4/18/20,WS36,4,WOOD,NA,NA,NA,NA,1.748,3.6097,5.3577,3.6824,2020-04,1,0.958409611,1.6753,44.07145061
241,CBOM,26,7,2018,7/26/20,WS02,1,LEAF,NA,NA,NA,NA,1.1728,3.5208,4.6936,3.5888,2020-07,1,0.9420191,1.1048,29.06353407
242,CBOM,26,7,2018,7/26/20,WS02,1,MISC,NA,NA,NA,NA,0,0,0,0,2020-07,0,0,0,0
243,CBOM,26,7,2018,7/26/20,WS02,1,WOOD,NA,NA,NA,NA,4.3244,3.5485,7.8729,3.649,2020-07,1,0.976759782,4.2239,111.1164569
244,CBOM,26,7,2018,7/26/20,WS02,2,LEAF,NA,NA,NA,NA,0.055,3.6815,3.7365,3.6831,2020-07,1,0.970909091,0.0534,1.404772556
245,CBOM,26,7,2018,7/26/20,WS02,2,MISC,NA,NA,NA,NA,0,0,0,0,2020-07,0,0,0,0
246,CBOM,26,7,2018,7/26/20,WS02,2,WOOD,NA,NA,NA,NA,0.6521,3.5376,4.1897,3.5474,2020-07,1,0.98497163,0.6423,16.89673057
247,CBOM,26,7,2018,7/26/20,WS02,3,LEAF,NA,NA,NA,NA,2.6442,3.5367,6.1809,4.0614,2020-07,1,0.801565691,2.1195,55.75684329
248,CBOM,26,7,2018,7/26/20,WS02,3,MISC,NA,NA,NA,NA,0.068,3.5224,3.5904,3.5255,2020-07,1,0.954411765,0.0649,1.70729848
249,CBOM,26,7,2018,7/26/20,WS02,3,WOOD,NA,NA,NA,NA,8.4842,3.5322,12.0164,3.7725,2020-07,1,0.971676764,8.2439,216.8689976
250,CBOM,26,7,2018,7/26/20,WS02,4,LEAF,NA,NA,NA,NA,0.1379,3.5394,3.6773,3.5513,2020-07,1,0.913705584,0.126,3.314631873
251,CBOM,26,7,2018,7/26/20,WS02,4,MISC,NA,NA,NA,NA,0,0,0,0,2020-07,0,0,0,0
252,CBOM,26,7,2018,7/26/20,WS02,4,WOOD,NA,NA,NA,NA,0,0,0,0,2020-07,0,0,0,0
253,CBOM,26,7,2018,7/26/20,WS06,1,LEAF,NA,NA,NA,NA,0.645,3.5318,4.1768,3.5691,2020-07,1,0.942170543,0.6077,15.98652214
254,CBOM,26,7,2018,7/26/20,WS06,1,MISC,NA,NA,NA,NA,0,0,0,0,2020-07,0,0,0,0
255,CBOM,26,7,2018,7/26/20,WS06,1,WOOD,NA,NA,NA,NA,1.2807,3.5464,4.8271,3.6714,2020-07,1,0.902397127,1.1557,30.40254012
256,CBOM,26,7,2018,7/26/20,WS06,2,LEAF,NA,NA,NA,NA,1.9781,3.545,5.5231,3.6481,2020-07,1,0.947879278,1.875,49.32487906
257,CBOM,26,7,2018,7/26/20,WS06,2,MISC,NA,NA,NA,NA,0,0,0,0,2020-07,0,0,0,0
258,CBOM,26,7,2018,7/26/20,WS06,2,WOOD,NA,NA,NA,NA,0,0,0,0,2020-07,0,0,0,0
259,CBOM,26,7,2018,7/26/20,WS06,3,LEAF,NA,NA,NA,NA,0.0431,3.5046,3.5477,3.5055,2020-07,1,0.979118329,0.0422,1.110138611
260,CBOM,26,7,2018,7/26/20,WS06,3,MISC,NA,NA,NA,NA,0,0,0,0,2020-07,0,0,0,0
261,CBOM,26,7,2018,7/26/20,WS06,3,WOOD,NA,NA,NA,NA,0.162,3.5537,3.7157,3.566,2020-07,1,0.924074074,0.1497,3.938098344
262,CBOM,26,7,2018,7/26/20,WS06,4,LEAF,NA,NA,NA,NA,1.4916,3.5533,5.0449,3.7628,2020-07,1,0.859546795,1.2821,33.72769463
263,CBOM,26,7,2018,7/26/20,WS06,4,MISC,NA,NA,NA,NA,0,0,0,0,2020-07,0,0,0,0
264,CBOM,26,7,2018,7/26/20,WS06,4,WOOD,NA,NA,NA,NA,25.3726,8.199,33.5716,8.8672,2020-07,1,0.973664504,24.7044,649.8888225
265,CBOM,26,7,2018,7/26/20,WS07,1,LEAF,NA,NA,NA,NA,0,0,0,0,2020-07,0,0,0,0
266,CBOM,26,7,2018,7/26/20,WS07,1,MISC,NA,NA,NA,NA,0,0,0,0,2020-07,0,0,0,0
267,CBOM,26,7,2018,7/26/20,WS07,1,WOOD,NA,NA,NA,NA,0,0,0,0,2020-07,0,0,0,0
268,CBOM,26,7,2018,7/26/20,WS07,2,LEAF,NA,NA,NA,NA,4.1985,3.5481,7.7466,3.7702,2020-07,1,0.947100155,3.9764,104.6055728
269,CBOM,26,7,2018,7/26/20,WS07,2,MISC,NA,NA,NA,NA,0,0,0,0,2020-07,0,0,0,0
270,CBOM,26,7,2018,7/26/20,WS07,2,WOOD,NA,NA,NA,NA,10.6451,3.5495,14.1946,3.9917,2020-07,1,0.958459761,10.2029,268.4036312
271,CBOM,26,7,2018,7/26/20,WS07,3,LEAF,NA,NA,NA,NA,0.2339,3.6318,3.8657,3.6567,2020-07,1,0.89354425,0.209,5.498079852
272,CBOM,26,7,2018,7/26/20,WS07,3,MISC,NA,NA,NA,NA,0,0,0,0,2020-07,0,0,0,0
273,CBOM,26,7,2018,7/26/20,WS07,3,WOOD,NA,NA,NA,NA,0.1081,3.612,3.7201,3.6153,2020-07,1,0.96947271,0.1048,2.756931907
274,CBOM,26,7,2018,7/26/20,WS07,4,LEAF,NA,NA,NA,NA,0,0,0,0,2020-07,0,0,0,0
275,CBOM,26,7,2018,7/26/20,WS07,4,MISC,NA,NA,NA,NA,0,0,0,0,2020-07,0,0,0,0
276,CBOM,26,7,2018,7/26/20,WS07,4,WOOD,NA,NA,NA,NA,0,0,0,0,2020-07,0,0,0,0
277,CBOM,26,7,2018,7/26/20,WS08,2,LEAF,NA,NA,NA,NA,0,0,0,0,2020-07,0,0,0,0
278,CBOM,26,7,2018,7/26/20,WS08,2,MISC,NA,NA,NA,NA,0,0,0,0,2020-07,0,0,0,0
279,CBOM,26,7,2018,7/26/20,WS08,2,WOOD,NA,NA,NA,NA,0.2499,3.5381,3.788,3.5531,2020-07,1,0.93997599,0.2349,6.179420848
280,CBOM,26,7,2018,7/26/20,WS08,3,LEAF,NA,NA,NA,NA,0,0,0,0,2020-07,0,0,0,0
281,CBOM,26,7,2018,7/26/20,WS08,3,MISC,NA,NA,NA,NA,0,0,0,0,2020-07,0,0,0,0
282,CBOM,26,7,2018,7/26/20,WS08,3,WOOD,NA,NA,NA,NA,0,0,0,0,2020-07,0,0,0,0
283,CBOM,26,7,2018,7/26/20,WS08,4,LEAF,NA,NA,NA,NA,0.0892,3.5207,3.6099,3.5315,2020-07,1,0.878923767,0.0784,2.06243761
284,CBOM,26,7,2018,7/26/20,WS08,4,MISC,NA,NA,NA,NA,0,0,0,0,2020-07,0,0,0,0
285,CBOM,26,7,2018,7/26/20,WS08,4,WOOD,NA,NA,NA,NA,0.5883,3.545,4.1333,3.5587,2020-07,1,0.976712562,0.5746,15.1157736
286,CBOM,26,7,2018,7/26/20,WS13,1,LEAF,NA,NA,NA,NA,0,0,0,0,2020-07,0,0,0,0
287,CBOM,26,7,2018,7/26/20,WS13,1,MISC,NA,NA,NA,NA,0,0,0,0,2020-07,0,0,0,0
288,CBOM,26,7,2018,7/26/20,WS13,1,WOOD,NA,NA,NA,NA,0,0,0,0,2020-07,0,0,0,0
289,CBOM,26,7,2018,7/26/20,WS13,2,LEAF,NA,NA,NA,NA,2.7024,3.5426,6.245,3.9995,2020-07,1,0.830928064,2.2455,59.07147516
290,CBOM,26,7,2018,7/26/20,WS13,2,MISC,NA,NA,NA,NA,0.265,3.5217,3.7867,3.5358,2020-07,1,0.946792453,0.2509,6.600326483
291,CBOM,26,7,2018,7/26/20,WS13,2,WOOD,NA,NA,NA,NA,4.77,3.5121,8.2821,3.6487,2020-07,1,0.971362683,4.6334,121.8890105
292,CBOM,26,7,2018,7/26/20,WS13,3,LEAF,NA,NA,NA,NA,0.438,3.5332,3.9712,3.5566,2020-07,1,0.946575342,0.4146,10.90671726
293,CBOM,26,7,2018,7/26/20,WS13,3,MISC,NA,NA,NA,NA,0,0,0,0,2020-07,0,0,0,0
294,CBOM,26,7,2018,7/26/20,WS13,3,WOOD,NA,NA,NA,NA,7.5513,3.5308,11.0821,3.737,2020-07,1,0.972693444,7.3451,193.2246236
295,CBOM,26,7,2018,7/26/20,WS13,4,LEAF,NA,NA,NA,NA,0.1487,3.5241,3.6728,3.5307,2020-07,1,0.955615333,0.1421,3.738168167
296,CBOM,26,7,2018,7/26/20,WS13,4,MISC,NA,NA,NA,NA,0,0,0,0,2020-07,0,0,0,0
297,CBOM,26,7,2018,7/26/20,WS13,4,WOOD,NA,NA,NA,NA,0,0,0,0,2020-07,0,0,0,0
298,CBOM,26,7,2018,7/26/20,WS14,1,LEAF,NA,NA,NA,NA,0,0,0,0,2020-07,0,0,0,0
299,CBOM,26,7,2018,7/26/20,WS14,1,MISC,NA,NA,NA,NA,0,0,0,0,2020-07,0,0,0,0
300,CBOM,26,7,2018,7/26/20,WS14,1,WOOD,NA,NA,NA,NA,0,0,0,0,2020-07,0,0,0,0
301,CBOM,26,7,2018,7/26/20,WS14,2,LEAF,NA,NA,NA,NA,0.1699,3.5436,3.7135,3.553,2020-07,1,0.944673337,0.1605,4.222209647
302,CBOM,26,7,2018,7/26/20,WS14,2,MISC,NA,NA,NA,NA,0,0,0,0,2020-07,0,0,0,0
303,CBOM,26,7,2018,7/26/20,WS14,2,WOOD,NA,NA,NA,NA,0,0,0,0,2020-07,0,0,0,0
304,CBOM,26,7,2018,7/26/20,WS14,3,LEAF,NA,NA,NA,NA,0.494,3.618,4.112,3.679,2020-07,1,0.876518219,0.433,11.39075874
305,CBOM,26,7,2018,7/26/20,WS14,3,MISC,NA,NA,NA,NA,0,0,0,0,2020-07,0,0,0,0
306,CBOM,26,7,2018,7/26/20,WS14,3,WOOD,NA,NA,NA,NA,0.1398,3.6984,3.8382,3.7039,2020-07,1,0.960658083,0.1343,3.532976671
307,CBOM,26,7,2018,7/26/20,WS14,4,LEAF,NA,NA,NA,NA,0.498,3.5332,4.0312,3.5542,2020-07,1,0.957831325,0.477,12.54824923
308,CBOM,26,7,2018,7/26/20,WS14,4,MISC,NA,NA,NA,NA,0.0066,3.5181,3.5247,3.519,2020-07,1,0.863636364,0.0057,0.149947632
309,CBOM,26,7,2018,7/26/20,WS14,4,WOOD,NA,NA,NA,NA,0,0,0,0,2020-07,0,0,0,0
310,CBOM,26,7,2018,7/26/20,WS18,1,LEAF,NA,NA,NA,NA,0,0,0,0,2020-07,0,0,0,0
311,CBOM,26,7,2018,7/26/20,WS18,1,MISC,NA,NA,NA,NA,0,0,0,0,2020-07,0,0,0,0
312,CBOM,26,7,2018,7/26/20,WS18,1,WOOD,NA,NA,NA,NA,0.2654,3.6598,3.9252,3.6643,2020-07,1,0.983044461,0.2609,6.863392505
313,CBOM,26,7,2018,7/26/20,WS18,2,LEAF,NA,NA,NA,NA,1.0421,3.675,4.7171,3.7506,2020-07,1,0.927454179,0.9665,25.42533099
314,CBOM,26,7,2018,7/26/20,WS18,2,MISC,NA,NA,NA,NA,0.0145,3.6378,3.6523,3.6359,2020-07,1,1.131034483,0.0164,0.431428275
315,CBOM,26,7,2018,7/26/20,WS18,2,WOOD,NA,NA,NA,NA,0,0,0,0,2020-07,0,0,0,0
316,CBOM,26,7,2018,7/26/20,WS18,3,LEAF,NA,NA,NA,NA,1.3455,3.5476,4.8931,3.7237,2020-07,1,0.869119287,1.1694,30.76294057
317,CBOM,26,7,2018,7/26/20,WS18,3,MISC,NA,NA,NA,NA,0.0251,3.5564,3.5815,3.5582,2020-07,1,0.928286853,0.0233,0.61294383
318,CBOM,26,7,2018,7/26/20,WS18,3,WOOD,NA,NA,NA,NA,0.3539,3.5342,3.8881,3.5461,2020-07,1,0.966374682,0.342,8.99685794
319,CBOM,26,7,2018,7/26/20,WS18,4,LEAF,NA,NA,NA,NA,0,0,0,0,2020-07,0,0,0,0
320,CBOM,26,7,2018,7/26/20,WS18,4,MISC,NA,NA,NA,NA,0,0,0,0,2020-07,0,0,0,0
321,CBOM,26,7,2018,7/26/20,WS18,4,WOOD,NA,NA,NA,NA,1.1364,3.5294,4.6658,3.5458,2020-07,1,0.985568462,1.12,29.46339442
322,CBOM,26,7,2018,7/26/20,WS27,1,LEAF,NA,NA,NA,NA,0,0,0,0,2020-07,0,0,0,0
323,CBOM,26,7,2018,7/26/20,WS27,1,MISC,NA,NA,NA,NA,0,0,0,0,2020-07,0,0,0,0
324,CBOM,26,7,2018,7/26/20,WS27,1,WOOD,NA,NA,NA,NA,0,0,0,0,2020-07,0,0,0,0
325,CBOM,26,7,2018,7/26/20,WS27,2,LEAF,NA,NA,NA,NA,0,0,0,0,2020-07,0,0,0,0
326,CBOM,26,7,2018,7/26/20,WS27,2,MISC,NA,NA,NA,NA,0,0,0,0,2020-07,0,0,0,0
327,CBOM,26,7,2018,7/26/20,WS27,2,WOOD,NA,NA,NA,NA,0,0,0,0,2020-07,0,0,0,0
328,CBOM,26,7,2018,7/26/20,WS27,3,LEAF,NA,NA,NA,NA,0.603,3.5201,4.1231,3.5509,2020-07,1,0.948922056,0.5722,15.05263776
329,CBOM,26,7,2018,7/26/20,WS27,3,MISC,NA,NA,NA,NA,0,0,0,0,2020-07,0,0,0,0
330,CBOM,26,7,2018,7/26/20,WS27,3,WOOD,NA,NA,NA,NA,1.0988,3.5575,4.6563,3.5853,2020-07,1,0.974699672,1.071,28.17437092
331,CBOM,26,7,2018,7/26/20,WS27,4,LEAF,NA,NA,NA,NA,0.7592,3.5545,4.3137,3.6403,2020-07,1,0.886986301,0.6734,17.7148659
332,CBOM,26,7,2018,7/26/20,WS27,4,MISC,NA,NA,NA,NA,-3.5307,3.5307,NA,NA,2020-07,0,0,0,0
333,CBOM,26,7,2018,7/26/20,WS27,4,WOOD,NA,NA,NA,NA,5.7596,3.5411,9.3007,3.7517,2020-07,1,0.963434961,5.549,145.9753354
334,CBOM,26,7,2018,7/26/20,WS32,1,LEAF,NA,NA,NA,NA,0.0598,3.5086,3.5684,3.5196,2020-07,1,0.816053512,0.0488,1.283762186
335,CBOM,26,7,2018,7/26/20,WS32,1,MISC,NA,NA,NA,NA,0,0,0,0,2020-07,0,0,0,0
336,CBOM,26,7,2018,7/26/20,WS32,1,WOOD,NA,NA,NA,NA,1.7739,3.5162,5.2901,3.5376,2020-07,1,0.987936186,1.7525,46.10232029
337,CBOM,26,7,2018,7/26/20,WS32,2,LEAF,NA,NA,NA,NA,1.6307,3.655,5.2857,3.8354,2020-07,1,0.889372662,1.4503,38.15246512
338,CBOM,26,7,2018,7/26/20,WS32,2,MISC,NA,NA,NA,NA,0,0,0,0,2020-07,0,0,0,0
339,CBOM,26,7,2018,7/26/20,WS32,2,WOOD,NA,NA,NA,NA,9.2397,3.674,12.9137,4.0961,2020-07,1,0.954316699,8.8176,231.9610952
340,CBOM,26,7,2018,7/26/20,WS32,3,LEAF,NA,NA,NA,NA,0,0,0,0,2020-07,0,0,0,0
341,CBOM,26,7,2018,7/26/20,WS32,3,MISC,NA,NA,NA,NA,0,0,0,0,2020-07,0,0,0,0
342,CBOM,26,7,2018,7/26/20,WS32,3,WOOD,NA,NA,NA,NA,0,0,0,0,2020-07,0,0,0,0
343,CBOM,26,7,2018,7/26/20,WS32,4,LEAF,NA,NA,NA,NA,3.7181,3.5518,7.2699,3.9218,2020-07,1,0.900486808,3.3481,88.07713471
344,CBOM,26,7,2018,7/26/20,WS32,4,MISC,NA,NA,NA,NA,0.1809,3.5194,3.7003,3.5242,2020-07,1,0.973466003,0.1761,4.632592641
345,CBOM,26,7,2018,7/26/20,WS32,4,WOOD,NA,NA,NA,NA,11.4988,3.5177,15.0165,4,2020-07,1,0.958056493,11.0165,289.8066827
346,CBOM,26,7,2018,7/26/20,WS36,1,LEAF,NA,NA,NA,NA,0,0,0,0,2020-07,0,0,0,0
347,CBOM,26,7,2018,7/26/20,WS36,1,MISC,NA,NA,NA,NA,0,0,0,0,2020-07,0,0,0,0
348,CBOM,26,7,2018,7/26/20,WS36,1,WOOD,NA,NA,NA,NA,0.2357,3.6512,3.8869,3.6516,2020-07,1,0.998302927,0.2353,6.189943489
349,CBOM,26,7,2018,7/26/20,WS36,2,LEAF,NA,NA,NA,NA,0,0,0,0,2020-07,0,0,0,0
350,CBOM,26,7,2018,7/26/20,WS36,2,MISC,NA,NA,NA,NA,0,0,0,0,2020-07,0,0,0,0
351,CBOM,26,7,2018,7/26/20,WS36,2,WOOD,NA,NA,NA,NA,0,0,0,0,2020-07,0,0,0,0
352,CBOM,26,7,2018,7/26/20,WS36,3,LEAF,NA,NA,NA,NA,2.1396,3.6186,5.7582,3.742,2020-07,1,0.942325668,2.0162,53.03937128
353,CBOM,26,7,2018,7/26/20,WS36,3,WOOD,NA,NA,NA,NA,0.0348,3.6338,3.6686,3.635,2020-07,1,0.965517241,0.0336,0.883901833
354,CBOM,26,7,2018,7/26/20,WS36,3,WOOD,NA,NA,NA,NA,2.7528,3.6401,6.3929,3.7149,2020-07,1,0.972827666,2.678,70.4490806
355,CBOM,26,7,2018,7/26/20,WS36,4,LEAF,NA,NA,NA,NA,1.2719,3.6672,4.9391,3.716,2020-07,1,0.961632204,1.2231,32.17560511
356,CBOM,26,7,2018,7/26/20,WS36,4,WOOD,NA,NA,NA,NA,0,0,0,0,2020-07,0,0,0,0
357,CBOM,26,7,2018,7/26/20,WS36,4,WOOD,NA,NA,NA,NA,1.0883,3.6451,4.7334,3.67,2020-07,1,0.977120279,1.0634,27.97444074
358,CBOM,16,10,2018,10/16/20,WS02,1,WOOD,NA,NA,NA,NA,2.5427,3.6505,6.1932,3.692,2020-10,1,0.983678767,2.5012,65.79807333
359,CBOM,16,10,2018,10/16/20,WS02,1,MISC,NA,NA,NA,NA,0,0,0,0,2020-10,0,0,0,0
360,CBOM,16,10,2018,10/16/20,WS02,1,LEAF,NA,NA,NA,NA,0.7132,3.6298,4.343,3.6795,2020-10,1,0.930314077,0.6635,17.45443054
361,CBOM,16,10,2018,10/16/20,WS02,2,WOOD,NA,NA,NA,NA,0,0,0,0,2020-10,0,0,0,0
362,CBOM,16,10,2018,10/16/20,WS02,2,MISC,NA,NA,NA,NA,0,0,0,0,2020-10,0,0,0,0
363,CBOM,16,10,2018,10/16/20,WS02,2,LEAF,NA,NA,NA,NA,0.1356,3.6442,3.7798,3.6506,2020-10,1,0.95280236,0.1292,3.398813
364,CBOM,16,10,2018,10/16/20,WS02,3,WOOD,NA,NA,NA,NA,0,0,0,0,2020-10,0,0,0,0
365,CBOM,16,10,2018,10/16/20,WS02,3,MISC,NA,NA,NA,NA,0,0,0,0,2020-10,0,0,0,0
366,CBOM,16,10,2018,10/16/20,WS02,3,LEAF,NA,NA,NA,NA,0,0,0,0,2020-10,0,0,0,0
367,CBOM,16,10,2018,10/16/20,WS02,4,WOOD,NA,NA,NA,NA,0,0,0,0,2020-10,0,0,0,0
368,CBOM,16,10,2018,10/16/20,WS02,4,MISC,NA,NA,NA,NA,0,0,0,0,2020-10,0,0,0,0
369,CBOM,16,10,2018,10/16/20,WS02,4,LEAF,NA,NA,NA,NA,0.5452,3.6436,4.1888,3.6763,2020-10,1,0.94002201,0.5125,13.48213361
370,CBOM,17,10,2018,10/17/20,WS06,1,WOOD,NA,NA,NA,NA,0.0303,3.6229,3.6532,3.626,2020-10,1,0.897689769,0.0272,0.715539579
371,CBOM,17,10,2018,10/17/20,WS06,1,MISC,NA,NA,NA,NA,0.6961,3.6153,4.3114,3.6493,2020-10,1,0.951156443,0.6621,17.41760129
372,CBOM,17,10,2018,10/17/20,WS06,1,LEAF,NA,NA,NA,NA,2.1987,3.607,5.8057,3.8593,2020-10,1,0.885250375,1.9464,51.20317045
373,CBOM,17,10,2018,10/17/20,WS06,2,WOOD,NA,NA,NA,NA,4.521,3.6772,8.1982,3.8395,2020-10,1,0.964100863,4.3587,114.6625869
374,CBOM,17,10,2018,10/17/20,WS06,2,MISC,NA,NA,NA,NA,0.0328,3.6111,3.6439,3.6116,2020-10,1,0.984756098,0.0323,0.84970325
375,CBOM,17,10,2018,10/17/20,WS06,2,LEAF,NA,NA,NA,NA,2.9698,3.6581,6.6279,3.8634,2020-10,1,0.930870766,2.7645,72.72460168
376,CBOM,17,10,2018,10/17/20,WS06,3,WOOD,NA,NA,NA,NA,0.1164,3.5263,3.6427,3.5313,2020-10,1,0.957044674,0.1114,2.930555481
377,CBOM,17,10,2018,10/17/20,WS06,3,MISC,NA,NA,NA,NA,0,0,0,0,2020-10,0,0,0,0
378,CBOM,17,10,2018,10/17/20,WS06,3,LEAF,NA,NA,NA,NA,1.1703,3.5278,4.6981,3.6795,2020-10,1,0.870375117,1.0186,26.79590496
379,CBOM,17,10,2018,10/17/20,WS06,4,WOOD,NA,NA,NA,NA,3.9886,3.6758,7.6644,3.73,2020-10,1,0.986411272,3.9344,103.5006956
380,CBOM,17,10,2018,10/17/20,WS06,4,MISC,NA,NA,NA,NA,0,0,0,0,2020-10,0,0,0,0
381,CBOM,17,10,2018,10/17/20,WS06,4,LEAF,NA,NA,NA,NA,0.3799,3.6233,4.0032,3.641,2020-10,1,0.953408792,0.3622,9.528251304
382,CBOM,16,10,2018,10/16/20,WS07,1,WOOD,NA,NA,NA,NA,0.7481,3.556,4.3041,3.6101,2020-10,1,0.927683465,0.694,18.2567819
383,CBOM,16,10,2018,10/16/20,WS07,1,MISC,NA,NA,NA,NA,0,0,0,0,2020-10,0,0,0,0
384,CBOM,16,10,2018,10/16/20,WS07,1,LEAF,NA,NA,NA,NA,2.4083,3.5218,5.9301,3.6674,2020-10,1,0.939542416,2.2627,59.52394872
385,CBOM,16,10,2018,10/16/20,WS07,2,WOOD,NA,NA,NA,NA,0,0,0,0,2020-10,0,0,0,0
386,CBOM,16,10,2018,10/16/20,WS07,2,MISC,NA,NA,NA,NA,0,0,0,0,2020-10,0,0,0,0
387,CBOM,16,10,2018,10/16/20,WS07,2,LEAF,NA,NA,NA,NA,0.0017,3.5648,3.5665,3.5647,2020-10,1,1.058823529,0.0018,0.047351884
388,CBOM,16,10,2018,10/16/20,WS07,3,WOOD,NA,NA,NA,NA,0,0,0,0,2020-10,0,0,0,0
389,CBOM,16,10,2018,10/16/20,WS07,3,MISC,NA,NA,NA,NA,0.0438,3.6517,3.6955,3.6605,2020-10,1,0.799086758,0.035,0.920731076
390,CBOM,16,10,2018,10/16/20,WS07,3,LEAF,NA,NA,NA,NA,0.2199,3.5109,3.7308,3.5216,2020-10,1,0.951341519,0.2092,5.503341173
391,CBOM,16,10,2018,10/16/20,WS07,4,WOOD,NA,NA,NA,NA,0.7582,3.5486,4.3068,3.5705,2020-10,1,0.971115801,0.7363,19.36955117
392,CBOM,16,10,2018,10/16/20,WS07,4,MISC,NA,NA,NA,NA,0,0,0,0,2020-10,0,0,0,0
393,CBOM,16,10,2018,10/16/20,WS07,4,LEAF,NA,NA,NA,NA,1.0975,3.5333,4.6308,3.5901,2020-10,1,0.948246014,1.0407,27.37728087
394,CBOM,17,10,2018,10/17/20,WS08,1,WOOD,NA,NA,NA,NA,0,0,0,0,2020-10,0,0,0,0
395,CBOM,17,10,2018,10/17/20,WS08,1,MISC,NA,NA,NA,NA,0,0,0,0,2020-10,0,0,0,0
396,CBOM,17,10,2018,10/17/20,WS08,1,LEAF,NA,NA,NA,NA,0,0,0,0,2020-10,0,0,0,0
397,CBOM,17,10,2018,10/17/20,WS08,2,WOOD,NA,NA,NA,NA,0,0,0,0,2020-10,0,0,0,0
398,CBOM,17,10,2018,10/17/20,WS08,2,MISC,NA,NA,NA,NA,0,0,0,0,2020-10,0,0,0,0
399,CBOM,17,10,2018,10/17/20,WS08,2,LEAF,NA,NA,NA,NA,0,0,0,0,2020-10,0,0,0,0
400,CBOM,17,10,2018,10/17/20,WS08,3,WOOD,NA,NA,NA,NA,0,0,0,0,2020-10,0,0,0,0
401,CBOM,17,10,2018,10/17/20,WS08,3,MISC,NA,NA,NA,NA,0,0,0,0,2020-10,0,0,0,0
402,CBOM,17,10,2018,10/17/20,WS08,3,LEAF,NA,NA,NA,NA,0.3993,3.6261,4.0254,3.6607,2020-10,1,0.91334836,0.3647,9.594017809
403,CBOM,17,10,2018,10/17/20,WS08,4,WOOD,NA,NA,NA,NA,0,0,0,0,2020-10,0,0,0,0
404,CBOM,17,10,2018,10/17/20,WS08,4,MISC,NA,NA,NA,NA,0,0,0,0,2020-10,0,0,0,0
405,CBOM,17,10,2018,10/17/20,WS08,4,LEAF,NA,NA,NA,NA,0,0,0,0,2020-10,0,0,0,0
406,CBOM,17,10,2018,10/17/20,WS13,1,WOOD,NA,NA,NA,NA,0,NA,NA,NA,2020-10,0,0,0,0
407,CBOM,17,10,2018,10/17/20,WS13,1,MISC,NA,NA,NA,NA,0.0286,3.6427,3.6713,3.669,2020-10,1,0.08041958,0.0023,0.060505185
408,CBOM,17,10,2018,10/17/20,WS13,1,LEAF,NA,NA,NA,NA,0.6742,3.6433,4.3175,3.671,2020-10,1,0.958914269,0.6465,17.0072183
409,CBOM,17,10,2018,10/17/20,WS13,2,WOOD,NA,NA,NA,NA,1.0941,3.6375,4.7316,3.6728,2020-10,1,0.967736039,1.0588,27.85343037
410,CBOM,17,10,2018,10/17/20,WS13,2,MISC,NA,NA,NA,NA,0,0,0,0,2020-10,0,0,0,0
411,CBOM,17,10,2018,10/17/20,WS13,2,LEAF,NA,NA,NA,NA,1.6494,3.6265,5.2759,3.7388,2020-10,1,0.931914636,1.5371,40.43587819
412,CBOM,17,10,2018,10/17/20,WS13,3,WOOD,NA,NA,NA,NA,0.0083,3.5342,3.5425,3.5345,2020-10,1,0.963855422,0.008,0.210452817
413,CBOM,17,10,2018,10/17/20,WS13,3,MISC,NA,NA,NA,NA,0,0,0,0,2020-10,0,0,0,0
414,CBOM,17,10,2018,10/17/20,WS13,3,LEAF,NA,NA,NA,NA,0,0,0,0,2020-10,0,0,0,0
415,CBOM,17,10,2018,10/17/20,WS13,4,WOOD,NA,NA,NA,NA,17.4102,3.6112,21.0214,5.4169,2020-10,1,0.896284936,15.6045,410.5013735
416,CBOM,17,10,2018,10/17/20,WS13,4,MISC,NA,NA,NA,NA,0.0355,3.631,3.6665,3.6392,2020-10,1,0.769014085,0.0273,0.718170239
417,CBOM,17,10,2018,10/17/20,WS13,4,LEAF,NA,NA,NA,NA,0.2666,3.5406,3.8072,3.7448,2020-10,1,0.234058515,0.0624,1.641531975
418,CBOM,17,10,2018,10/17/20,WS14,1,WOOD,NA,NA,NA,NA,0,0,0,0,2020-10,0,0,0,0
419,CBOM,17,10,2018,10/17/20,WS14,1,MISC,NA,NA,NA,NA,0,0,0,0,2020-10,0,0,0,0
420,CBOM,17,10,2018,10/17/20,WS14,1,LEAF,NA,NA,NA,NA,0,0,0,0,2020-10,0,0,0,0
421,CBOM,17,10,2018,10/17/20,WS14,2,WOOD,NA,NA,NA,NA,3.6257,3.6247,7.2504,3.8221,2020-10,1,0.945555341,3.4283,90.1869242
422,CBOM,17,10,2018,10/17/20,WS14,2,MISC,NA,NA,NA,NA,0,0,0,0,2020-10,0,0,0,0
423,CBOM,17,10,2018,10/17/20,WS14,2,LEAF,NA,NA,NA,NA,0.0303,3.6014,3.6317,3.604,2020-10,1,0.914191419,0.0277,0.72869288
424,CBOM,17,10,2018,10/17/20,WS14,3,WOOD,NA,NA,NA,NA,15.0027,3.6365,18.6392,3.924,2020-10,1,0.980836783,14.7152,387.1069122
425,CBOM,17,10,2018,10/17/20,WS14,3,MISC,NA,NA,NA,NA,0,0,0,0,2020-10,0,0,0,0
426,CBOM,17,10,2018,10/17/20,WS14,3,LEAF,NA,NA,NA,NA,0.5383,3.5526,4.0909,3.5927,2020-10,1,0.925506223,0.4982,13.1059492
427,CBOM,17,10,2018,10/17/20,WS14,4,WOOD,NA,NA,NA,NA,0,0,0,0,2020-10,0,0,0,0
428,CBOM,17,10,2018,10/17/20,WS14,4,MISC,NA,NA,NA,NA,0,0,0,0,2020-10,0,0,0,0
429,CBOM,17,10,2018,10/17/20,WS14,4,LEAF,NA,NA,NA,NA,0.205,3.5009,3.7059,3.518,2020-10,1,0.916585366,0.1879,4.943010547
430,CBOM,17,10,2018,10/17/20,WS18,1,WOOD,NA,NA,NA,NA,0,0,0,0,2020-10,0,0,0,0
431,CBOM,17,10,2018,10/17/20,WS18,1,MISC,NA,NA,NA,NA,0,0,0,0,2020-10,0,0,0,0
432,CBOM,17,10,2018,10/17/20,WS18,1,LEAF,NA,NA,NA,NA,0.4917,3.5464,4.0381,3.5769,2020-10,1,0.937970307,0.4612,12.13260492
433,CBOM,17,10,2018,10/17/20,WS18,2,WOOD,NA,NA,NA,NA,0.099,3.5991,3.6981,3.6006,2020-10,1,0.984848485,0.0975,2.564893711
434,CBOM,17,10,2018,10/17/20,WS18,2,MISC,NA,NA,NA,NA,0,0,0,0,2020-10,0,0,0,0
435,CBOM,17,10,2018,10/17/20,WS18,2,LEAF,NA,NA,NA,NA,0.0443,3.6629,3.7072,3.6662,2020-10,1,0.925507901,0.041,1.078570689
436,CBOM,17,10,2018,10/17/20,WS18,3,WOOD,NA,NA,NA,NA,2.3253,3.6469,5.9722,3.7454,2020-10,1,0.957639874,2.2268,58.5795417
437,CBOM,17,10,2018,10/17/20,WS18,3,MISC,NA,NA,NA,NA,0,0,0,0,2020-10,0,0,0,0
438,CBOM,17,10,2018,10/17/20,WS18,3,LEAF,NA,NA,NA,NA,1.9758,3.6437,5.6195,3.7539,2020-10,1,0.944225124,1.8656,49.077597
439,CBOM,17,10,2018,10/17/20,WS18,4,WOOD,NA,NA,NA,NA,0.2296,3.5127,3.7423,3.5195,2020-10,1,0.970383275,0.2228,5.861110962
440,CBOM,17,10,2018,10/17/20,WS18,4,MISC,NA,NA,NA,NA,0,0,0,0,2020-10,0,0,0,0
441,CBOM,17,10,2018,10/17/20,WS18,4,LEAF,NA,NA,NA,NA,1.4728,3.6106,5.0834,3.6947,2020-10,1,0.942897882,1.3887,36.53197843
442,CBOM,17,10,2018,10/17/20,WS27,1,WOOD,NA,NA,NA,NA,0,0,0,0,2020-10,0,0,0,0
443,CBOM,17,10,2018,10/17/20,WS27,1,MISC,NA,NA,NA,NA,0,0,0,0,2020-10,0,0,0,0
444,CBOM,17,10,2018,10/17/20,WS27,1,LEAF,NA,NA,NA,NA,0,0,0,0,2020-10,0,0,0,0
445,CBOM,17,10,2018,10/17/20,WS27,2,WOOD,NA,NA,NA,NA,0,0,0,0,2020-10,0,0,0,0
446,CBOM,17,10,2018,10/17/20,WS27,2,MISC,NA,NA,NA,NA,0,0,0,0,2020-10,0,0,0,0
447,CBOM,17,10,2018,10/17/20,WS27,2,LEAF,NA,NA,NA,NA,0.3496,3.5272,3.8768,3.5497,2020-10,1,0.935640732,0.3271,8.604889568
448,CBOM,17,10,2018,10/17/20,WS27,3,WOOD,NA,NA,NA,NA,1.1054,3.5275,4.6329,3.5597,2020-10,1,0.970870273,1.0732,28.23224544
449,CBOM,17,10,2018,10/17/20,WS27,3,MISC,NA,NA,NA,NA,0,0,0,0,2020-10,0,0,0,0
450,CBOM,17,10,2018,10/17/20,WS27,3,LEAF,NA,NA,NA,NA,2.20009,3.5505,5.75059,3.6401,2020-10,1,0.959274393,2.11049,55.5198208
451,CBOM,17,10,2018,10/17/20,WS27,4,WOOD,NA,NA,NA,NA,3.3417,1.7743,5.116,1.8105,2020-10,1,0.98916719,3.3055,86.95647345
452,CBOM,17,10,2018,10/17/20,WS27,4,MISC,NA,NA,NA,NA,0,0,0,0,2020-10,0,0,0,0
453,CBOM,17,10,2018,10/17/20,WS27,4,LEAF,NA,NA,NA,NA,0.0784,3.5433,3.6217,3.5476,2020-10,1,0.945153061,0.0741,1.94931922
454,CBOM,17,10,2018,10/17/20,WS32,1,WOOD,NA,NA,NA,NA,0.1244,3.6152,3.7396,3.6179,2020-10,1,0.97829582,0.1217,3.201513483
455,CBOM,17,10,2018,10/17/20,WS32,1,MISC,NA,NA,NA,NA,0,0,0,0,2020-10,0,0,0,0
456,CBOM,17,10,2018,10/17/20,WS32,1,LEAF,NA,NA,NA,NA,0.0968,3.6118,3.7086,3.617,2020-10,1,0.946280992,0.0916,2.409684758
457,CBOM,17,10,2018,10/17/20,WS32,2,WOOD,NA,NA,NA,NA,0.6288,3.5298,4.1586,3.5637,2020-10,1,0.946087786,0.5949,15.64979763
458,CBOM,17,10,2018,10/17/20,WS32,2,MISC,NA,NA,NA,NA,0.0112,3.5426,3.5538,3.5428,2020-10,1,0.982142857,0.011,0.289372624
459,CBOM,17,10,2018,10/17/20,WS32,2,LEAF,NA,NA,NA,NA,2.1592,3.5122,5.6714,3.644,2020-10,1,0.938958874,2.0274,53.33400523
460,CBOM,17,10,2018,10/17/20,WS32,3,WOOD,NA,NA,NA,NA,0,0,0,0,2020-10,0,0,0,0
461,CBOM,17,10,2018,10/17/20,WS32,3,MISC,NA,NA,NA,NA,0,0,0,0,2020-10,0,0,0,0
462,CBOM,17,10,2018,10/17/20,WS32,3,LEAF,NA,NA,NA,NA,3.1425,1.7759,4.9184,1.9529,2020-10,1,0.943675418,2.9655,78.01222872
463,CBOM,17,10,2018,10/17/20,WS32,4,WOOD,NA,NA,NA,NA,3.8165,3.6559,7.4724,3.9434,2020-10,1,0.9246692,3.529,92.83599904
464,CBOM,17,10,2018,10/17/20,WS32,4,MISC,NA,NA,NA,NA,0.2378,3.5334,3.7712,3.5558,2020-10,1,0.905803196,0.2154,5.666442106
465,CBOM,17,10,2018,10/17/20,WS32,4,LEAF,NA,NA,NA,NA,5.7065,1.7386,7.4451,2.1676,2020-10,1,0.924822571,5.2775,138.8330929
466,CBOM,16,10,2018,10/16/20,WS36,1,WOOD,NA,NA,NA,NA,0,0,0,0,2020-10,0,0,0,0
467,CBOM,16,10,2018,10/16/20,WS36,1,MISC,NA,NA,NA,NA,0,0,0,0,2020-10,0,0,0,0
468,CBOM,16,10,2018,10/16/20,WS36,1,LEAF,NA,NA,NA,NA,0,0,0,0,2020-10,0,0,0,0
469,CBOM,16,10,2018,10/16/20,WS36,2,WOOD,NA,NA,NA,NA,9.6976,3.5765,13.2741,3.7188,2020-10,1,0.985326266,9.5553,251.3674757
470,CBOM,16,10,2018,10/16/20,WS36,2,MISC,NA,NA,NA,NA,0,0,0,0,2020-10,0,0,0,0
471,CBOM,16,10,2018,10/16/20,WS36,2,LEAF,NA,NA,NA,NA,0.507,3.6097,4.1167,3.6554,2020-10,1,0.909861933,0.4613,12.13523558
472,CBOM,16,10,2018,10/16/20,WS36,3,WOOD,NA,NA,NA,NA,0,0,0,0,2020-10,0,0,0,0
473,CBOM,16,10,2018,10/16/20,WS36,3,MISC,NA,NA,NA,NA,0,0,0,0,2020-10,0,0,0,0
474,CBOM,16,10,2018,10/16/20,WS36,3,LEAF,NA,NA,NA,NA,0.2024,3.6691,3.8715,3.6787,2020-10,1,0.95256917,0.1928,5.071912897
475,CBOM,16,10,2018,10/16/20,WS36,4,WOOD,NA,NA,NA,NA,0.0798,3.6491,3.7289,3.653,2020-10,1,0.95112782,0.0759,1.996671104
476,CBOM,16,10,2018,10/16/20,WS36,4,MISC,NA,NA,NA,NA,0.0041,3.5485,3.5526,3.5487,2020-10,1,0.951219512,0.0039,0.102595748
477,CBOM,16,10,2018,10/16/20,WS36,4,LEAF,NA,NA,NA,NA,0,0,0,0,2020-10,0,0,0,0
478,CBOM,24,1,2019,1/24/20,WS09,1,WOOD,NA,NA,NA,NA,0.0814,3.6743,3.7557,3.6798,2020-01,1,0.932432432,0.0759,1.996671104
479,CBOM,24,1,2019,1/24/20,WS09,1,MISC,NA,NA,NA,NA,0,0,0,0,2020-01,0,0,0,0
480,CBOM,24,1,2019,1/24/20,WS09,1,LEAF,NA,NA,NA,NA,2.063,3.532,5.595,3.6741,2020-01,1,0.931119729,1.9209,50.5323521
481,CBOM,24,1,2019,1/24/20,USHF,1,WOOD,NA,NA,NA,NA,0,0,0,0,2020-01,0,0,0,0
482,CBOM,24,1,2019,1/24/20,USHF,1,MISC,NA,NA,NA,NA,0,0,0,0,2020-01,0,0,0,0
483,CBOM,24,1,2019,1/24/20,USHF,1,LEAF,NA,NA,NA,NA,0.0572,3.6652,3.7224,3.6684,2020-01,1,0.944055944,0.054,1.420556517
484,CBOM,24,1,2019,1/24/20,USHF,3,WOOD,NA,NA,NA,NA,0,0,0,0,2020-01,0,0,0,0
485,CBOM,24,1,2019,1/24/20,USHF,3,MISC,NA,NA,NA,NA,0,0,0,0,2020-01,0,0,0,0
486,CBOM,24,1,2019,1/24/20,USHF,3,LEAF,NA,NA,NA,NA,0.598,3.6345,4.2325,3.6716,2020-01,1,0.937959866,0.5609,14.75537315
487,CBOM,24,1,2019,1/24/20,USHF,4,WOOD,NA,NA,NA,NA,0,0,0,0,2020-01,0,0,0,0
488,CBOM,24,1,2019,1/24/20,USHF,4,MISC,NA,NA,NA,NA,0,0,0,0,2020-01,0,0,0,0
489,CBOM,24,1,2019,1/24/20,USHF,4,LEAF,NA,NA,NA,NA,0.0518,3.5433,3.5951,3.5464,2020-01,1,0.94015444,0.0487,1.281131525
490,CBOM,24,1,2019,1/24/20,USHF,2,WOOD,NA,NA,NA,NA,0,0,0,0,2020-01,0,0,0,0
491,CBOM,24,1,2019,1/24/20,USHF,2,MISC,NA,NA,NA,NA,0,0,0,0,2020-01,0,0,0,0
492,CBOM,24,1,2019,1/24/20,USHF,2,LEAF,NA,NA,NA,NA,0.043,3.6617,3.7047,3.6658,2020-01,1,0.904651163,0.0389,1.023326824
493,CBOM,24,1,2019,1/24/20,WS09,4,WOOD,NA,NA,NA,NA,0.5578,3.5237,4.0815,3.5467,2020-01,1,0.958766583,0.5348,14.06877084
494,CBOM,24,1,2019,1/24/20,WS09,4,MISC,NA,NA,NA,NA,0,0,0,0,2020-01,0,0,0,0
495,CBOM,24,1,2019,1/24/20,WS09,4,LEAF,NA,NA,NA,NA,0.1022,3.5355,3.6377,3.5416,2020-01,1,0.940313112,0.0961,2.528064468
496,CBOM,24,1,2019,1/24/20,CWCR,1,WOOD,NA,NA,NA,NA,0,0,0,0,2020-01,0,0,0,0
497,CBOM,24,1,2019,1/24/20,CWCR,1,MISC,NA,NA,NA,NA,0,0,0,0,2020-01,0,0,0,0
498,CBOM,24,1,2019,1/24/20,CWCR,1,LEAF,NA,NA,NA,NA,0.0362,3.5147,3.5509,3.5422,2020-01,1,0.240331492,0.0087,0.228867439
499,CBOM,24,1,2019,1/24/20,CWCR,2,WOOD,NA,NA,NA,NA,1.5333,3.6321,5.1654,3.6816,2020-01,1,0.967716689,1.4838,39.03373629
500,CBOM,24,1,2019,1/24/20,CWCR,2,MISC,NA,NA,NA,NA,0,0,0,0,2020-01,0,0,0,0
501,CBOM,24,1,2019,1/24/20,CWCR,2,LEAF,NA,NA,NA,NA,0.107,3.5423,3.6493,3.5493,2020-01,1,0.934579439,0.1,2.630660216
502,CBOM,24,1,2019,1/24/20,HNCR,4,WOOD,NA,NA,NA,NA,0,0,0,0,2020-01,0,0,0,0
503,CBOM,24,1,2019,1/24/20,HNCR,4,MISC,NA,NA,NA,NA,0,0,0,0,2020-01,0,0,0,0
504,CBOM,24,1,2019,1/24/20,HNCR,4,LEAF,NA,NA,NA,NA,0.0264,3.5324,3.5588,3.5342,2020-01,1,0.931818182,0.0246,0.647142413
505,CBOM,24,1,2019,1/24/20,WS09,2,WOOD,NA,NA,NA,NA,0,0,0,0,2020-01,0,0,0,0
506,CBOM,24,1,2019,1/24/20,WS09,2,MISC,NA,NA,NA,NA,0,0,0,0,2020-01,0,0,0,0
507,CBOM,24,1,2019,1/24/20,WS09,2,LEAF,NA,NA,NA,NA,0,0,0,0,2020-01,0,0,0,0
508,CBOM,24,1,2019,1/24/20,HNCR,1,WOOD,NA,NA,NA,NA,5.481,3.5531,9.0341,3.9459,2020-01,1,0.928334246,5.0882,133.8532531
509,CBOM,24,1,2019,1/24/20,HNCR,1,MISC,NA,NA,NA,NA,0,0,0,0,2020-01,0,0,0,0
510,CBOM,24,1,2019,1/24/20,HNCR,1,LEAF,NA,NA,NA,NA,1.8683,3.6975,5.5658,3.8224,2020-01,1,0.933147781,1.7434,45.86293021
511,CBOM,24,1,2019,1/24/20,HNCR,2,WOOD,NA,NA,NA,NA,0,0,0,0,2020-01,0,0,0,0
512,CBOM,24,1,2019,1/24/20,HNCR,2,MISC,NA,NA,NA,NA,0,0,0,0,2020-01,0,0,0,0
513,CBOM,24,1,2019,1/24/20,HNCR,2,LEAF,NA,NA,NA,NA,0.0538,3.5128,3.5666,3.5162,2020-01,1,0.936802974,0.0504,1.325852749
514,CBOM,24,1,2019,1/24/20,HNCR,3,WOOD,NA,NA,NA,NA,0.2981,3.6358,3.9339,3.6479,2020-01,1,0.959409594,0.286,7.523688219
515,CBOM,24,1,2019,1/24/20,HNCR,3,MISC,NA,NA,NA,NA,0.1051,3.6148,3.7199,3.616,2020-01,1,0.988582303,0.1039,2.733255965
516,CBOM,24,1,2019,1/24/20,HNCR,3,LEAF,NA,NA,NA,NA,0.1313,3.6321,3.7634,3.6451,2020-01,1,0.900990099,0.1183,3.112071036
517,CBOM,24,1,2019,1/24/20,WS09,3,WOOD,NA,NA,NA,NA,0,0,0,0,2020-01,0,0,0,0
518,CBOM,24,1,2019,1/24/20,WS09,3,MISC,NA,NA,NA,NA,0,0,0,0,2020-01,0,0,0,0
519,CBOM,24,1,2019,1/24/20,WS09,3,LEAF,NA,NA,NA,NA,0.0384,3.5389,3.5773,3.542,2020-01,1,0.919270833,0.0353,0.928623056
520,CBOM,24,1,2019,1/24/20,WS37,4,WOOD,NA,NA,NA,NA,0,0,0,0,2020-01,0,0,0,0
521,CBOM,24,1,2019,1/24/20,WS37,4,MISC,NA,NA,NA,NA,0.0295,3.5541,3.5836,3.5542,2020-01,1,0.996610169,0.0294,0.773414104
522,CBOM,24,1,2019,1/24/20,WS37,4,LEAF,NA,NA,NA,NA,0.2267,3.6674,3.8941,3.6777,2020-01,1,0.954565505,0.2164,5.692748708
523,CBOM,24,1,2019,1/24/20,CWCR,4,WOOD,NA,NA,NA,NA,0.6218,3.5204,4.1422,3.5658,2020-01,1,0.926986169,0.5764,15.16312549
524,CBOM,24,1,2019,1/24/20,CWCR,4,MISC,NA,NA,NA,NA,0,0,0,0,2020-01,0,0,0,0
525,CBOM,24,1,2019,1/24/20,CWCR,4,LEAF,NA,NA,NA,NA,0.4756,3.6094,4.085,3.6444,2020-01,1,0.926408747,0.4406,11.59068891
526,CBOM,24,1,2019,1/24/20,WS37,3,WOOD,NA,NA,NA,NA,1.0532,3.5229,4.5761,3.555,2020-01,1,0.969521458,1.0211,26.86167147
527,CBOM,24,1,2019,1/24/20,WS37,3,MISC,NA,NA,NA,NA,0.0428,3.5202,3.563,3.5211,2020-01,1,0.978971963,0.0419,1.102246631
528,CBOM,24,1,2019,1/24/20,WS37,3,LEAF,NA,NA,NA,NA,0.0074,3.6343,3.6417,3.6337,2020-01,1,1.081081081,0.008,0.210452817
529,CBOM,24,1,2019,1/24/20,WS01,4,WOOD,NA,NA,NA,NA,10.1768,3.6741,13.8509,4.0899,2020-01,1,0.959142363,9.761,256.7787437
530,CBOM,24,1,2019,1/24/20,WS01,4,MISC,NA,NA,NA,NA,0.2687,3.5279,3.7966,3.5538,2020-01,1,0.903609974,0.2428,6.387243005
531,CBOM,24,1,2019,1/24/20,WS01,4,LEAF,NA,NA,NA,NA,4.1227,8.344,12.4667,8.6074,2020-01,1,0.936109831,3.8593,101.5250697
532,CBOM,24,1,2019,1/24/20,WS01,3,WOOD,NA,NA,NA,NA,1.0851,3.6368,4.7219,3.6729,2020-01,1,0.966731177,1.049,27.59562567
533,CBOM,24,1,2019,1/24/20,WS01,3,MISC,NA,NA,NA,NA,0,0,0,0,2020-01,0,0,0,0
534,CBOM,24,1,2019,1/24/20,WS01,3,LEAF,NA,NA,NA,NA,0.0629,3.6141,3.677,3.6137,2020-01,1,1.0063593,0.0633,1.665207917
535,CBOM,24,1,2019,1/24/20,CWCR,3,WOOD,NA,NA,NA,NA,0.5057,3.6648,4.1705,3.6691,2020-01,1,0.991496935,0.5014,13.19013033
536,CBOM,24,1,2019,1/24/20,CWCR,3,MISC,NA,NA,NA,NA,0,0,0,0,2020-01,0,0,0,0
537,CBOM,24,1,2019,1/24/20,CWCR,3,LEAF,NA,NA,NA,NA,0.3248,3.6489,3.9737,3.6688,2020-01,1,0.938731527,0.3049,8.020883
538,CBOM,24,1,2019,1/24/20,WS01,2,WOOD,NA,NA,NA,NA,0,0,0,0,2020-01,0,0,0,0
539,CBOM,24,1,2019,1/24/20,WS01,2,MISC,NA,NA,NA,NA,0,0,0,0,2020-01,0,0,0,0
540,CBOM,24,1,2019,1/24/20,WS01,2,LEAF,NA,NA,NA,NA,0,0,0,0,2020-01,0,0,0,0
541,CBOM,24,1,2019,1/24/20,WS01,1,WOOD,NA,NA,NA,NA,2.0179,3.6635,5.6814,3.7366,2020-01,1,0.963774221,1.9448,51.16107989
542,CBOM,24,1,2019,1/24/20,WS01,1,MISC,NA,NA,NA,NA,0,0,0,0,2020-01,0,0,0,0
543,CBOM,24,1,2019,1/24/20,WS01,1,LEAF,NA,NA,NA,NA,0.1886,3.6565,3.8451,3.6981,2020-01,1,0.779427359,0.147,3.867070518
544,CBOM,24,1,2019,1/24/20,LCCR,1,WOOD,NA,NA,NA,NA,0,0,0,0,2020-01,0,0,0,0
545,CBOM,24,1,2019,1/24/20,LCCR,1,MISC,NA,NA,NA,NA,0,0,0,0,2020-01,0,0,0,0
546,CBOM,24,1,2019,1/24/20,LCCR,1,LEAF,NA,NA,NA,NA,0,0,0,0,2020-01,0,0,0,0
547,CBOM,24,1,2019,1/24/20,WS34,3,WOOD,NA,NA,NA,NA,0.5267,3.6684,4.1951,3.701,2020-01,1,0.938105183,0.4941,12.99809213
548,CBOM,24,1,2019,1/24/20,WS34,3,MISC,NA,NA,NA,NA,0,0,0,0,2020-01,0,0,0,0
549,CBOM,24,1,2019,1/24/20,WS34,3,LEAF,NA,NA,NA,NA,0.203,3.5118,3.7148,3.5255,2020-01,1,0.932512315,0.1893,4.97983979
550,CBOM,24,1,2019,1/24/20,WS17,2,WOOD,NA,NA,NA,NA,3.0884,3.6378,6.7262,3.7437,2020-01,1,0.9657104,2.9825,78.45944095
551,CBOM,24,1,2019,1/24/20,WS17,2,MISC,NA,NA,NA,NA,0,0,0,0,2020-01,0,0,0,0
552,CBOM,24,1,2019,1/24/20,WS17,2,LEAF,NA,NA,NA,NA,4.3495,3.6531,8.0026,6.7337,2020-01,1,0.291734682,1.2689,33.38044749
553,CBOM,24,1,2019,1/24/20,WS34,2,WOOD,NA,NA,NA,NA,12.6039,3.5306,16.1345,3.7118,2020-01,1,0.985623497,12.4227,326.7990267
554,CBOM,24,1,2019,1/24/20,WS34,2,MISC,NA,NA,NA,NA,0.5101,3.5481,4.0582,3.568,2020-01,1,0.960988042,0.4902,12.89549638
555,CBOM,24,1,2019,1/24/20,WS34,2,LEAF,NA,NA,NA,NA,11.42,3.5614,9.8137,3.8231,2020-01,0.547486865,0.958143403,10.94199766,287.8467794
556,CBOM,24,1,2019,1/24/20,WS31,3,WOOD,NA,NA,NA,NA,0.0332,3.6111,3.6443,3.6114,2020-01,1,0.990963855,0.0329,0.865487211
557,CBOM,24,1,2019,1/24/20,WS31,3,MISC,NA,NA,NA,NA,0,0,0,0,2020-01,0,0,0,0
558,CBOM,24,1,2019,1/24/20,WS31,3,LEAF,NA,NA,NA,NA,1.1272,3.5255,4.6527,3.595,2020-01,1,0.938342796,1.0577,27.82449311
559,CBOM,24,1,2019,1/24/20,LCCR,2,WOOD,NA,NA,NA,NA,5.5082,3.6409,9.1491,4.0519,2020-01,1,0.925383973,5.0972,134.0900126
560,CBOM,24,1,2019,1/24/20,LCCR,2,MISC,NA,NA,NA,NA,0,0,0,0,2020-01,0,0,0,0
561,CBOM,24,1,2019,1/24/20,LCCR,2,LEAF,NA,NA,NA,NA,0.9893,3.6523,4.6416,3.7142,2020-01,1,0.937430506,0.9274,24.39674285
562,CBOM,24,1,2019,1/24/20,WS31,1,WOOD,NA,NA,NA,NA,5.1924,3.5546,8.747,3.6535,2020-01,1,0.980952931,5.0935,133.9926781
563,CBOM,24,1,2019,1/24/20,WS31,1,MISC,NA,NA,NA,NA,0,0,0,0,2020-01,0,0,0,0
564,CBOM,24,1,2019,1/24/20,WS31,1,LEAF,NA,NA,NA,NA,2.0145,3.624,5.6385,3.7364,2020-01,1,0.944204517,1.9021,50.03778798
565,CBOM,24,1,2019,1/24/20,LCCR,4,WOOD,NA,NA,NA,NA,3.3165,3.6654,6.9819,3.762,2020-01,1,0.970872908,3.2199,84.70462831
566,CBOM,24,1,2019,1/24/20,LCCR,4,MISC,NA,NA,NA,NA,0.7096,3.5458,4.2554,3.5633,2020-01,1,0.975338219,0.6921,18.20679936
567,CBOM,24,1,2019,1/24/20,LCCR,4,LEAF,NA,NA,NA,NA,12.45,3.6345,8.9413,3.8141,2020-01,0.426248996,0.966156629,12.02865003,316.432911
568,CBOM,24,1,2019,1/24/20,LCCR,3,WOOD,NA,NA,NA,NA,2.9293,3.6268,6.5561,3.8056,2020-01,1,0.938961527,2.7505,72.35630925
569,CBOM,24,1,2019,1/24/20,LCCR,3,MISC,NA,NA,NA,NA,0,0,0,0,2020-01,0,0,0,0
570,CBOM,24,1,2019,1/24/20,LCCR,3,LEAF,NA,NA,NA,NA,0.1669,3.5057,3.6726,3.5238,2020-01,1,0.891551827,0.1488,3.914422402
571,CBOM,24,1,2019,1/24/20,WS34,1,WOOD,NA,NA,NA,NA,0.1143,3.6196,3.7339,3.6236,2020-01,1,0.965004374,0.1103,2.901618219
572,CBOM,24,1,2019,1/24/20,WS34,1,MISC,NA,NA,NA,NA,0,0,0,0,2020-01,0,0,0,0
573,CBOM,24,1,2019,1/24/20,WS34,1,LEAF,NA,NA,NA,NA,0.4606,3.5281,3.9887,3.5713,2020-01,1,0.906209292,0.4174,10.98037574
574,CBOM,24,1,2019,1/24/20,WS31,4,WOOD,NA,NA,NA,NA,4.19,3.5549,7.7449,3.6188,2020-01,1,0.984749403,4.1261,108.5436712
575,CBOM,24,1,2019,1/24/20,WS31,4,MISC,NA,NA,NA,NA,0.109,3.5621,3.6711,3.5687,2020-01,1,0.939449541,0.1024,2.693796062
576,CBOM,24,1,2019,1/24/20,WS31,4,LEAF,NA,NA,NA,NA,1.2103,3.6594,4.8697,3.7215,2020-01,1,0.948690407,1.1482,30.2052406
577,CBOM,24,1,2019,1/24/20,WS37,2,WOOD,NA,NA,NA,NA,0.7987,3.6338,4.4325,3.6567,2020-01,1,0.971328409,0.7758,20.40866196
578,CBOM,24,1,2019,1/24/20,WS37,2,MISC,NA,NA,NA,NA,0,0,0,0,2020-01,0,0,0,0
579,CBOM,24,1,2019,1/24/20,WS37,2,LEAF,NA,NA,NA,NA,0.0774,3.6433,3.7207,3.6465,2020-01,1,0.958656331,0.0742,1.951949881
580,CBOM,24,1,2019,1/24/20,WS37,1,WOOD,NA,NA,NA,NA,0,0,0,0,2020-01,0,0,0,0
581,CBOM,24,1,2019,1/24/20,WS37,1,MISC,NA,NA,NA,NA,0,0,0,0,2020-01,0,0,0,0
582,CBOM,24,1,2019,1/24/20,WS37,1,LEAF,NA,NA,NA,NA,0,0,0,0,2020-01,0,0,0,0
583,CBOM,24,1,2019,1/24/20,WS17,4,WOOD,NA,NA,NA,NA,1.7739,3.5245,5.2984,3.5874,2020-01,1,0.964541406,1.711,45.0105963
584,CBOM,24,1,2019,1/24/20,WS17,4,MISC,NA,NA,NA,NA,0,0,0,0,2020-01,0,0,0,0
585,CBOM,24,1,2019,1/24/20,WS17,4,LEAF,NA,NA,NA,NA,1.5555,3.601,5.1565,3.9759,2020-01,1,0.758984249,1.1806,31.05757451
586,CBOM,24,1,2019,1/24/20,WS17,3,WOOD,NA,NA,NA,NA,7.1196,3.543,10.6626,3.7267,2020-01,1,0.974197989,6.9359,182.4599619
587,CBOM,24,1,2019,1/24/20,WS17,3,MISC,NA,NA,NA,NA,0,0,0,0,2020-01,0,0,0,0
588,CBOM,24,1,2019,1/24/20,WS17,3,LEAF,NA,NA,NA,NA,1.1473,3.5471,4.6944,3.7969,2020-01,1,0.78227142,0.8975,23.61017544
589,CBOM,24,1,2019,1/24/20,WS31,2,WOOD,NA,NA,NA,NA,11.7466,3.5204,15.267,4.3485,2020-01,1,0.929503005,10.9185,287.2286357
590,CBOM,24,1,2019,1/24/20,WS31,2,MISC,NA,NA,NA,NA,0.0152,3.6009,3.6161,3.6009,2020-01,1,1,0.0152,0.399860353
591,CBOM,24,1,2019,1/24/20,WS31,2,LEAF,NA,NA,NA,NA,2.6538,3.6501,6.3039,4.2376,2020-01,1,0.778619338,2.0663,54.35733205
592,CBOM,24,1,2019,1/24/20,WS34,4,WOOD,NA,NA,NA,NA,7.8196,3.548,11.3676,3.8742,2020-01,1,0.958284311,7.4934,197.1258927
593,CBOM,24,1,2019,1/24/20,WS34,4,MISC,NA,NA,NA,NA,0.7716,3.5299,4.3015,3.8204,2020-01,1,0.62350959,0.4811,12.6561063
594,CBOM,24,1,2019,1/24/20,WS34,4,LEAF,NA,NA,NA,NA,4.7033,3.6192,8.3225,4.1563,2020-01,1,0.885803585,4.1662,109.5985659
595,CBOM,24,1,2019,1/24/20,WS17,1,WOOD,NA,NA,NA,NA,0.1175,3.521,3.6385,3.5245,2020-01,1,0.970212766,0.114,2.998952647
596,CBOM,24,1,2019,1/24/20,WS17,1,MISC,NA,NA,NA,NA,0,0,0,0,2020-01,0,0,0,0
597,CBOM,24,1,2019,1/24/20,WS17,1,LEAF,NA,NA,NA,NA,0.0054,3.5395,3.5449,3.5392,2020-01,1,1.055555556,0.0057,0.149947632
598,CBOM,11,4,2019,4/11/20,HNCR,1,WOOD,NA,NA,NA,NA,0,0,0,0,2020-04,0,0,0,0
599,CBOM,11,4,2019,4/11/20,HNCR,1,MISC,NA,NA,NA,NA,0.0156,3.6472,3.6628,3.6462,2020-04,1,1.064102564,0.0166,0.436689596
600,CBOM,11,4,2019,4/11/20,HNCR,1,LEAF,NA,NA,NA,NA,0.0596,3.6452,3.7048,3.701,2020-04,1,0.063758389,0.0038,0.099965088
601,CBOM,11,4,2019,4/11/20,CWCR,4,WOOD,NA,NA,NA,NA,0,0,0,0,2020-04,0,0,0,0
602,CBOM,11,4,2019,4/11/20,CWCR,4,MISC,NA,NA,NA,NA,0,0,0,0,2020-04,0,0,0,0
603,CBOM,11,4,2019,4/11/20,CWCR,4,LEAF,NA,NA,NA,NA,0,0,0,0,2020-04,0,0,0,0
604,CBOM,11,4,2019,4/11/20,CWCR,3,WOOD,NA,NA,NA,NA,0,0,0,0,2020-04,0,0,0,0
605,CBOM,11,4,2019,4/11/20,CWCR,3,MISC,NA,NA,NA,NA,0.001,3.6222,3.6232,3.6214,2020-04,1,1.8,0.0018,0.047351884
606,CBOM,11,4,2019,4/11/20,CWCR,3,LEAF,NA,NA,NA,NA,0.0126,3.6051,3.6177,3.6046,2020-04,1,1.03968254,0.0131,0.344616488
607,CBOM,11,4,2019,4/11/20,CWCR,2,WOOD,NA,NA,NA,NA,0.0487,3.6322,3.6809,3.6331,2020-04,1,0.981519507,0.0478,1.257455583
608,CBOM,11,4,2019,4/11/20,CWCR,2,MISC,NA,NA,NA,NA,0,0,0,0,2020-04,0,0,0,0
609,CBOM,11,4,2019,4/11/20,CWCR,2,LEAF,NA,NA,NA,NA,0.0409,3.5172,3.5581,3.5192,2020-04,1,0.951100244,0.0389,1.023326824
610,CBOM,11,4,2019,4/11/20,CWCR,1,WOOD,NA,NA,NA,NA,0,0,0,0,2020-04,0,0,0,0
611,CBOM,11,4,2019,4/11/20,CWCR,1,MISC,NA,NA,NA,NA,0,0,0,0,2020-04,0,0,0,0
612,CBOM,11,4,2019,4/11/20,CWCR,1,LEAF,NA,NA,NA,NA,0,0,0,0,2020-04,0,0,0,0
613,CBOM,11,4,2019,4/11/20,WS09,4,WOOD,NA,NA,NA,NA,0,0,0,0,2020-04,0,0,0,0
614,CBOM,11,4,2019,4/11/20,WS09,4,MISC,NA,NA,NA,NA,0.0019,3.5341,3.536,3.534,2020-04,1,1.052631579,0.002,0.052613204
615,CBOM,11,4,2019,4/11/20,WS09,4,LEAF,NA,NA,NA,NA,0.0422,3.6609,3.7031,3.6627,2020-04,1,0.957345972,0.0404,1.062786727
616,CBOM,11,4,2019,4/11/20,WS09,3,WOOD,NA,NA,NA,NA,0.1791,3.556,3.7351,3.5638,2020-04,1,0.956448911,0.1713,4.506320951
617,CBOM,11,4,2019,4/11/20,WS09,3,MISC,NA,NA,NA,NA,0.0107,3.5226,3.5333,3.5227,2020-04,1,0.990654206,0.0106,0.278849983
618,CBOM,11,4,2019,4/11/20,WS09,3,LEAF,NA,NA,NA,NA,0.1594,3.6397,3.7991,3.6457,2020-04,1,0.962358846,0.1534,4.035432772
619,CBOM,11,4,2019,4/11/20,WS09,1,WOOD,NA,NA,NA,NA,0,0,0,0,2020-04,0,0,0,0
620,CBOM,11,4,2019,4/11/20,WS09,1,MISC,NA,NA,NA,NA,0,0,0,0,2020-04,0,0,0,0
621,CBOM,11,4,2019,4/11/20,WS09,1,LEAF,NA,NA,NA,NA,0,0,0,0,2020-04,0,0,0,0
622,CBOM,11,4,2019,4/11/20,WS09,2,WOOD,NA,NA,NA,NA,0,0,0,0,2020-04,0,0,0,0
623,CBOM,11,4,2019,4/11/20,WS09,2,MISC,NA,NA,NA,NA,0,0,0,0,2020-04,0,0,0,0
624,CBOM,11,4,2019,4/11/20,WS09,2,LEAF,NA,NA,NA,NA,0.0929,3.631,3.7239,3.6385,2020-04,1,0.91926803,0.0854,2.246583825
625,CBOM,11,4,2019,4/11/20,WS17,1,WOOD,NA,NA,NA,NA,11.6549,3.63,15.2849,3.7546,2020-04,1,0.989309218,11.5303,303.3230149
626,CBOM,11,4,2019,4/11/20,WS17,1,MISC,NA,NA,NA,NA,0.0078,3.5312,3.539,3.5318,2020-04,1,0.923076923,0.0072,0.189407536
627,CBOM,11,4,2019,4/11/20,WS17,1,LEAF,NA,NA,NA,NA,0.2187,3.534,3.7527,3.5535,2020-04,1,0.910836763,0.1992,5.240275151
628,CBOM,11,4,2019,4/11/20,HNCR,2,WOOD,NA,NA,NA,NA,0,0,0,0,2020-04,0,0,0,0
629,CBOM,11,4,2019,4/11/20,HNCR,2,MISC,NA,NA,NA,NA,0,0,0,0,2020-04,0,0,0,0
630,CBOM,11,4,2019,4/11/20,HNCR,2,LEAF,NA,NA,NA,NA,0.6882,3.5333,4.2215,3.5769,2020-04,1,0.936646324,0.6446,16.95723575
631,CBOM,11,4,2019,4/11/20,WS31,1,WOOD,NA,NA,NA,NA,0.5377,3.5127,4.0504,3.5378,2020-04,1,0.953319695,0.5126,13.48476427
632,CBOM,11,4,2019,4/11/20,WS31,1,MISC,NA,NA,NA,NA,0,0,0,0,2020-04,0,0,0,0
633,CBOM,11,4,2019,4/11/20,WS31,1,LEAF,NA,NA,NA,NA,1.1408,3.546,4.6868,3.6231,2020-04,1,0.932415849,1.0637,27.98233272
634,CBOM,11,4,2019,4/11/20,HNCR,4,WOOD,NA,NA,NA,NA,0.6515,3.5393,4.1908,3.6284,2020-04,1,0.86323868,0.5624,14.79483306
635,CBOM,11,4,2019,4/11/20,HNCR,4,MISC,NA,NA,NA,NA,0,0,0,0,2020-04,0,0,0,0
636,CBOM,11,4,2019,4/11/20,HNCR,4,LEAF,NA,NA,NA,NA,0.0054,3.5527,3.5581,3.5531,2020-04,1,0.925925926,0.005,0.131533011
637,CBOM,11,4,2019,4/11/20,HNCR,3,WOOD,NA,NA,NA,NA,0,0,0,0,2020-04,0,0,0,0
638,CBOM,11,4,2019,4/11/20,HNCR,3,MISC,NA,NA,NA,NA,0,0,0,0,2020-04,0,0,0,0
639,CBOM,11,4,2019,4/11/20,HNCR,3,LEAF,NA,NA,NA,NA,0.0411,3.6754,3.7165,3.6768,2020-04,1,0.96593674,0.0397,1.044372106
640,CBOM,11,4,2019,4/11/20,WS17,4,WOOD,NA,NA,NA,NA,3.8334,3.5336,7.367,4.9772,2020-04,1,0.623415245,2.3898,62.86751785
641,CBOM,11,4,2019,4/11/20,WS17,4,MISC,NA,NA,NA,NA,0,0,0,0,2020-04,0,0,0,0
642,CBOM,11,4,2019,4/11/20,WS17,4,LEAF,NA,NA,NA,NA,0.0289,3.6187,3.6476,3.6191,2020-04,1,0.98615917,0.0285,0.749738162
643,CBOM,11,4,2019,4/11/20,WS17,3,WOOD,NA,NA,NA,NA,28.2763,8.271,36.5473,8.8482,2020-04,1,0.979587145,27.6991,728.669204
644,CBOM,11,4,2019,4/11/20,WS17,3,MISC,NA,NA,NA,NA,0,0,0,0,2020-04,0,0,0,0
645,CBOM,11,4,2019,4/11/20,WS17,3,LEAF,NA,NA,NA,NA,0.0589,3.6587,3.7176,3.6597,2020-04,1,0.983022071,0.0579,1.523152265
646,CBOM,11,4,2019,4/11/20,WS31,2,WOOD,NA,NA,NA,NA,14.6404,3.6591,18.2995,4.2213,2020-04,1,0.96159941,14.0782,370.3496066
647,CBOM,11,4,2019,4/11/20,WS31,2,MISC,NA,NA,NA,NA,0.3961,3.6457,4.0418,3.6651,2020-04,1,0.951022469,0.3767,9.909697035
648,CBOM,11,4,2019,4/11/20,WS31,2,LEAF,NA,NA,NA,NA,-0.0755,3.657,3.5815,3.5345,2020-04,1,-0.622516556,0.047,1.236410302
649,CBOM,11,4,2019,4/11/20,WS37,4,WOOD,NA,NA,NA,NA,5.5415,3.5421,9.0836,3.6299,2020-04,1,0.984155914,5.4537,143.4683162
650,CBOM,11,4,2019,4/11/20,WS37,4,MISC,NA,NA,NA,NA,0,0,0,0,2020-04,0,0,0,0
651,CBOM,11,4,2019,4/11/20,WS37,4,LEAF,NA,NA,NA,NA,0.1726,3.5287,3.7013,3.5338,2020-04,1,0.970451912,0.1675,4.406355862
652,CBOM,11,4,2019,4/11/20,WS37,1,WOOD,NA,NA,NA,NA,19.1609,3.6266,22.7875,3.8012,2020-04,1,0.990887693,18.9863,499.4650407
653,CBOM,11,4,2019,4/11/20,WS37,1,MISC,NA,NA,NA,NA,0,0,0,0,2020-04,0,0,0,0
654,CBOM,11,4,2019,4/11/20,WS37,1,LEAF,NA,NA,NA,NA,0.0216,3.5288,3.5504,3.5286,2020-04,1,1.009259259,0.0218,0.573483927
655,CBOM,11,4,2019,4/11/20,WS31,4,WOOD,NA,NA,NA,NA,7.8485,3.5531,11.4016,3.742,2020-04,1,0.975931707,7.6596,201.4980499
656,CBOM,11,4,2019,4/11/20,WS31,4,MISC,NA,NA,NA,NA,0,0,0,0,2020-04,0,0,0,0
657,CBOM,11,4,2019,4/11/20,WS31,4,LEAF,NA,NA,NA,NA,0.7974,3.5547,4.3521,3.5598,2020-04,1,0.993604214,0.7923,20.84272089
658,CBOM,11,4,2019,4/11/20,WS31,3,WOOD,NA,NA,NA,NA,0,0,0,0,2020-04,0,0,0,0
659,CBOM,11,4,2019,4/11/20,WS31,3,MISC,NA,NA,NA,NA,0,0,0,0,2020-04,0,0,0,0
660,CBOM,11,4,2019,4/11/20,WS31,3,LEAF,NA,NA,NA,NA,0,0,0,0,2020-04,0,0,0,0
661,CBOM,11,4,2019,4/11/20,USHF,3,WOOD,NA,NA,NA,NA,0,0,0,0,2020-04,0,0,0,0
662,CBOM,11,4,2019,4/11/20,USHF,3,MISC,NA,NA,NA,NA,0,0,0,0,2020-04,0,0,0,0
663,CBOM,11,4,2019,4/11/20,USHF,3,LEAF,NA,NA,NA,NA,0.1449,3.6493,3.7942,3.6562,2020-04,1,0.952380952,0.138,3.630311099
664,CBOM,11,4,2019,4/11/20,USHF,1,WOOD,NA,NA,NA,NA,0,0,0,0,2020-04,0,0,0,0
665,CBOM,11,4,2019,4/11/20,USHF,1,MISC,NA,NA,NA,NA,0,0,0,0,2020-04,0,0,0,0
666,CBOM,11,4,2019,4/11/20,USHF,1,LEAF,NA,NA,NA,NA,0,0,0,0,2020-04,0,0,0,0
667,CBOM,11,4,2019,4/11/20,USHF,4,WOOD,NA,NA,NA,NA,0,0,0,0,2020-04,0,0,0,0
668,CBOM,11,4,2019,4/11/20,USHF,4,MISC,NA,NA,NA,NA,0,0,0,0,2020-04,0,0,0,0
669,CBOM,11,4,2019,4/11/20,USHF,4,LEAF,NA,NA,NA,NA,0,0,0,0,2020-04,0,0,0,0
670,CBOM,11,4,2019,4/11/20,WS17,2,WOOD,NA,NA,NA,NA,12.4986,3.5221,16.0207,3.6348,2020-04,1,0.99098299,12.3859,325.8309437
671,CBOM,11,4,2019,4/11/20,WS17,2,MISC,NA,NA,NA,NA,0.0475,3.5293,3.5768,3.5328,2020-04,1,0.926315789,0.044,1.157490495
672,CBOM,11,4,2019,4/11/20,WS17,2,LEAF,NA,NA,NA,NA,0.2314,3.5377,3.7691,3.5476,2020-04,1,0.95721694,0.2215,5.826912379
673,CBOM,11,4,2019,4/11/20,WS01,2,WOOD,NA,NA,NA,NA,7.3752,3.6539,11.0291,3.6056,2020-04,1,1.006548975,7.4235,195.2870612
674,CBOM,11,4,2019,4/11/20,WS01,2,MISC,NA,NA,NA,NA,0,0,0,0,2020-04,0,0,0,0
675,CBOM,11,4,2019,4/11/20,WS01,2,LEAF,NA,NA,NA,NA,0.0107,3.5357,3.5464,3.5362,2020-04,1,0.953271028,0.0102,0.268327342
676,CBOM,11,4,2019,4/11/20,WS01,1,WOOD,NA,NA,NA,NA,3.0917,3.5311,6.6228,3.9275,2020-04,1,0.871785749,2.6953,70.90418481
677,CBOM,11,4,2019,4/11/20,WS01,1,MISC,NA,NA,NA,NA,0,0,0,0,2020-04,0,0,0,0
678,CBOM,11,4,2019,4/11/20,WS01,1,LEAF,NA,NA,NA,NA,0.116,3.5229,3.6389,3.528,2020-04,1,0.956034483,0.1109,2.91740218
679,CBOM,11,4,2019,4/11/20,WS34,1,WOOD,NA,NA,NA,NA,7.9668,3.6716,11.6384,3.9656,2020-04,1,0.963096852,7.6728,201.8452971
680,CBOM,11,4,2019,4/11/20,WS34,1,MISC,NA,NA,NA,NA,0.0636,3.5223,3.5859,3.5267,2020-04,1,0.93081761,0.0592,1.557350848
681,CBOM,11,4,2019,4/11/20,WS34,1,LEAF,NA,NA,NA,NA,0.5217,3.6101,4.1318,3.6574,2020-04,1,0.909334867,0.4744,12.47985207
682,CBOM,11,4,2019,4/11/20,WS34,2,WOOD,NA,NA,NA,NA,3.9248,3.6104,7.5352,3.7732,2020-04,1,0.958520179,3.762,98.96543734
683,CBOM,11,4,2019,4/11/20,WS34,2,MISC,NA,NA,NA,NA,0.0207,3.5546,3.5753,3.5566,2020-04,1,0.903381643,0.0187,0.49193346
684,CBOM,11,4,2019,4/11/20,WS34,2,LEAF,NA,NA,NA,NA,2.6448,3.6014,6.2462,3.8209,2020-04,1,0.917006957,2.4253,63.80140223
685,CBOM,11,4,2019,4/11/20,WS34,3,WOOD,NA,NA,NA,NA,0,0,0,0,2020-04,0,0,0,0
686,CBOM,11,4,2019,4/11/20,WS34,3,MISC,NA,NA,NA,NA,0,0,0,0,2020-04,0,0,0,0
687,CBOM,11,4,2019,4/11/20,WS34,3,LEAF,NA,NA,NA,NA,0,0,0,0,2020-04,0,0,0,0
688,CBOM,11,4,2019,4/11/20,WS34,4,WOOD,NA,NA,NA,NA,1.726,3.6989,5.4249,3.8752,2020-04,1,0.897856315,1.5497,40.76734137
689,CBOM,11,4,2019,4/11/20,WS34,4,MISC,NA,NA,NA,NA,0,0,0,0,2020-04,0,0,0,0
690,CBOM,11,4,2019,4/11/20,WS34,4,LEAF,NA,NA,NA,NA,1.162,3.531,4.693,3.623,2020-04,1,0.920826162,1.07,28.14806432
691,CBOM,11,4,2019,4/11/20,WS37,2,WOOD,NA,NA,NA,NA,1.4937,3.6505,5.1442,3.7294,2020-04,1,0.947178148,1.4148,37.21858074
692,CBOM,11,4,2019,4/11/20,WS37,2,MISC,NA,NA,NA,NA,0.0469,3.5544,3.6013,3.555,2020-04,1,0.987206823,0.0463,1.21799568
693,CBOM,11,4,2019,4/11/20,WS37,2,LEAF,NA,NA,NA,NA,0.1219,3.6221,3.744,3.6271,2020-04,1,0.958982773,0.1169,3.075241793
694,CBOM,11,4,2019,4/11/20,WS37,3,WOOD,NA,NA,NA,NA,0.1027,3.6373,3.74,3.6407,2020-04,1,0.966893866,0.0993,2.612245595
695,CBOM,11,4,2019,4/11/20,WS37,3,MISC,NA,NA,NA,NA,0.0177,3.6498,3.6675,3.6499,2020-04,1,0.994350282,0.0176,0.462996198
696,CBOM,11,4,2019,4/11/20,WS37,3,LEAF,NA,NA,NA,NA,0.037,3.5132,3.5502,3.5147,2020-04,1,0.959459459,0.0355,0.933884377
697,CBOM,11,4,2019,4/11/20,LCCR,1,WOOD,NA,NA,NA,NA,0,0,0,0,2020-04,0,0,0,0
698,CBOM,11,4,2019,4/11/20,LCCR,1,MISC,NA,NA,NA,NA,0,0,0,0,2020-04,0,0,0,0
699,CBOM,11,4,2019,4/11/20,LCCR,1,LEAF,NA,NA,NA,NA,0,0,0,0,2020-04,0,0,0,0
700,CBOM,11,4,2019,4/11/20,LCCR,2,WOOD,NA,NA,NA,NA,0.1708,3.6302,3.801,3.6827,2020-04,1,0.692622951,0.1183,3.112071036
701,CBOM,11,4,2019,4/11/20,LCCR,2,MISC,NA,NA,NA,NA,0.0021,3.5306,3.5327,3.5307,2020-04,1,0.952380952,0.002,0.052613204
702,CBOM,11,4,2019,4/11/20,LCCR,2,LEAF,NA,NA,NA,NA,0,0,0,0,2020-04,0,0,0,0
703,CBOM,11,4,2019,4/11/20,LCCR,3,WOOD,NA,NA,NA,NA,0,0,0,0,2020-04,0,0,0,0
704,CBOM,11,4,2019,4/11/20,LCCR,3,MISC,NA,NA,NA,NA,0.0196,3.65,3.6696,3.6503,2020-04,1,0.984693878,0.0193,0.507717422
705,CBOM,11,4,2019,4/11/20,LCCR,3,LEAF,NA,NA,NA,NA,0.0238,3.5449,3.5687,3.5461,2020-04,1,0.949579832,0.0226,0.594529209
706,CBOM,11,4,2019,4/11/20,LCCR,4,WOOD,NA,NA,NA,NA,1.3349,3.5209,4.8558,3.5792,2020-04,1,0.956326317,1.2766,33.58300832
707,CBOM,11,4,2019,4/11/20,LCCR,4,MISC,NA,NA,NA,NA,0,0,0,0,2020-04,0,0,0,0
708,CBOM,11,4,2019,4/11/20,LCCR,4,LEAF,NA,NA,NA,NA,0.3841,3.5165,3.9006,3.5391,2020-04,1,0.941161156,0.3615,9.509836682
709,CBOM,11,4,2019,4/11/20,WS01,3,WOOD,NA,NA,NA,NA,0.4187,3.6239,4.0426,3.6486,2020-04,1,0.941007882,0.394,10.36480125
710,CBOM,11,4,2019,4/11/20,WS01,3,MISC,NA,NA,NA,NA,0.0081,3.5419,3.55,3.542,2020-04,1,0.987654321,0.008,0.210452817
711,CBOM,11,4,2019,4/11/20,WS01,3,LEAF,NA,NA,NA,NA,0.0248,3.6578,3.6826,3.6608,2020-04,1,0.879032258,0.0218,0.573483927
712,CBOM,11,4,2019,4/11/20,WS01,4,WOOD,NA,NA,NA,NA,3.868,3.6345,7.5025,4.4919,2020-04,1,0.778335057,3.0106,79.19865647
713,CBOM,11,4,2019,4/11/20,WS01,4,MISC,NA,NA,NA,NA,0,0,0,0,2020-04,0,0,0,0
714,CBOM,11,4,2019,4/11/20,WS01,4,LEAF,NA,NA,NA,NA,0.4727,3.5325,4.0052,3.5987,2020-04,1,0.859953459,0.4065,10.69363378
715,CBOM,26,7,2019,7/26/20,WS01,2,WOOD,NA,NA,NA,NA,0.169,3.562,3.731,3.5659,2020-07,1,0.976923077,0.1651,4.343220017
716,CBOM,26,7,2019,7/26/20,WS01,2,LEAF,NA,NA,NA,NA,0.0442,3.6661,3.7103,3.668,2020-07,1,0.957013575,0.0423,1.112769272
717,CBOM,26,7,2019,7/26/20,WS01,2,MISC,NA,NA,NA,NA,0,0,0,0,2020-07,0,0,0,0
718,CBOM,26,7,2019,7/26/20,WS01,1,WOOD,NA,NA,NA,NA,0,0,0,0,2020-07,0,0,0,0
719,CBOM,26,7,2019,7/26/20,WS01,1,LEAF,NA,NA,NA,NA,0.0168,3.5292,3.546,3.5299,2020-07,1,0.958333333,0.0161,0.423536295
720,CBOM,26,7,2019,7/26/20,WS01,1,MISC,NA,NA,NA,NA,0,0,0,0,2020-07,0,0,0,0
721,CBOM,26,7,2019,7/26/20,WS01,3,WOOD,NA,NA,NA,NA,0.4178,3.6528,4.0706,3.6633,2020-07,1,0.974868358,0.4073,10.71467906
722,CBOM,26,7,2019,7/26/20,WS01,3,LEAF,NA,NA,NA,NA,0.058,3.5306,3.5886,3.5318,2020-07,1,0.979310345,0.0568,1.494215003
723,CBOM,26,7,2019,7/26/20,WS01,3,MISC,NA,NA,NA,NA,0,0,0,0,2020-07,0,0,0,0
724,CBOM,26,7,2019,7/26/20,USHF,4,WOOD,NA,NA,NA,NA,0.2028,3.5234,3.7262,3.5284,2020-07,1,0.975345168,0.1978,5.203445908
725,CBOM,26,7,2019,7/26/20,USHF,4,LEAF,NA,NA,NA,NA,0,0,0,0,2020-07,0,0,0,0
726,CBOM,26,7,2019,7/26/20,USHF,4,MISC,NA,NA,NA,NA,0,0,0,0,2020-07,0,0,0,0
727,CBOM,26,7,2019,7/26/20,USHF,3,WOOD,NA,NA,NA,NA,0,0,0,0,2020-07,0,0,0,0
728,CBOM,26,7,2019,7/26/20,USHF,3,LEAF,NA,NA,NA,NA,0,0,0,0,2020-07,0,0,0,0
729,CBOM,26,7,2019,7/26/20,USHF,3,MISC,NA,NA,NA,NA,0,0,0,0,2020-07,0,0,0,0
730,CBOM,26,7,2019,7/26/20,WS34,3,WOOD,NA,NA,NA,NA,0.5118,3.5384,4.0502,3.5601,2020-07,1,0.957600625,0.4901,12.89286572
731,CBOM,26,7,2019,7/26/20,WS34,3,LEAF,NA,NA,NA,NA,0.2525,3.6482,3.9007,3.7523,2020-07,1,0.587722772,0.1484,3.903899761
732,CBOM,26,7,2019,7/26/20,WS34,3,MISC,NA,NA,NA,NA,0,0,0,0,2020-07,0,0,0,0
733,CBOM,26,7,2019,7/26/20,USHF,2,WOOD,NA,NA,NA,NA,0,0,0,0,2020-07,0,0,0,0
734,CBOM,26,7,2019,7/26/20,USHF,2,LEAF,NA,NA,NA,NA,0,0,0,0,2020-07,0,0,0,0
735,CBOM,26,7,2019,7/26/20,USHF,2,MISC,NA,NA,NA,NA,0,0,0,0,2020-07,0,0,0,0
736,CBOM,26,7,2019,7/26/20,WS01,4,WOOD,NA,NA,NA,NA,0,0,0,0,2020-07,0,0,0,0
737,CBOM,26,7,2019,7/26/20,WS01,4,LEAF,NA,NA,NA,NA,0,0,0,0,2020-07,0,0,0,0
738,CBOM,26,7,2019,7/26/20,WS01,4,MISC,NA,NA,NA,NA,0,0,0,0,2020-07,0,0,0,0
739,CBOM,26,7,2019,7/26/20,USHF,1,WOOD,NA,NA,NA,NA,0,0,0,0,2020-07,0,0,0,0
740,CBOM,26,7,2019,7/26/20,USHF,1,LEAF,NA,NA,NA,NA,0,0,0,0,2020-07,0,0,0,0
741,CBOM,26,7,2019,7/26/20,USHF,1,MISC,NA,NA,NA,NA,0,0,0,0,2020-07,0,0,0,0
742,CBOM,26,7,2019,7/26/20,WS31,3,WOOD,NA,NA,NA,NA,0.2722,3.6246,3.8968,3.6402,2020-07,1,0.942689199,0.2566,6.750274115
743,CBOM,26,7,2019,7/26/20,WS31,3,LEAF,NA,NA,NA,NA,0,0,0,0,2020-07,0,0,0,0
744,CBOM,26,7,2019,7/26/20,WS31,3,MISC,NA,NA,NA,NA,0.8763,3.6838,4.5601,3.9015,2020-07,1,0.751569097,0.6586,17.32552819
745,CBOM,26,7,2019,7/26/20,WS31,4,WOOD,NA,NA,NA,NA,0,0,0,0,2020-07,0,0,0,0
746,CBOM,26,7,2019,7/26/20,WS31,4,LEAF,NA,NA,NA,NA,0.0127,3.6825,3.6952,3.6824,2020-07,1,1.007874016,0.0128,0.336724508
747,CBOM,26,7,2019,7/26/20,WS31,4,MISC,NA,NA,NA,NA,0,0,0,0,2020-07,0,0,0,0
748,CBOM,26,7,2019,7/26/20,LCCR,2,WOOD,NA,NA,NA,NA,0,0,0,0,2020-07,0,0,0,0
749,CBOM,26,7,2019,7/26/20,LCCR,2,LEAF,NA,NA,NA,NA,0,0,0,0,2020-07,0,0,0,0
750,CBOM,26,7,2019,7/26/20,LCCR,2,MISC,NA,NA,NA,NA,0,0,0,0,2020-07,0,0,0,0
751,CBOM,26,7,2019,7/26/20,LCCR,3,WOOD,NA,NA,NA,NA,0.2408,3.5285,3.7693,3.5386,2020-07,1,0.958056478,0.2307,6.068933119
752,CBOM,26,7,2019,7/26/20,LCCR,3,LEAF,NA,NA,NA,NA,0,0,0,0,2020-07,0,0,0,0
753,CBOM,26,7,2019,7/26/20,LCCR,3,MISC,NA,NA,NA,NA,0,0,0,0,2020-07,0,0,0,0
754,CBOM,26,7,2019,7/26/20,LCCR,4,WOOD,NA,NA,NA,NA,0,0,0,0,2020-07,0,0,0,0
755,CBOM,26,7,2019,7/26/20,LCCR,4,LEAF,NA,NA,NA,NA,0.0028,3.5321,3.5349,3.5317,2020-07,1,1.142857143,0.0032,0.084181127
756,CBOM,26,7,2019,7/26/20,LCCR,4,MISC,NA,NA,NA,NA,0,0,0,0,2020-07,0,0,0,0
757,CBOM,26,7,2019,7/26/20,LCCR,1,WOOD,NA,NA,NA,NA,1.1352,3.5627,4.6979,3.6911,2020-07,1,0.886892178,1.0068,26.48548706
758,CBOM,26,7,2019,7/26/20,LCCR,1,LEAF,NA,NA,NA,NA,0,0,0,0,2020-07,0,0,0,0
759,CBOM,26,7,2019,7/26/20,LCCR,1,MISC,NA,NA,NA,NA,0,0,0,0,2020-07,0,0,0,0
760,CBOM,26,7,2019,7/26/20,HNCR,4,WOOD,NA,NA,NA,NA,0,0,0,0,2020-07,0,0,0,0
761,CBOM,26,7,2019,7/26/20,HNCR,4,LEAF,NA,NA,NA,NA,0,0,0,0,2020-07,0,0,0,0
762,CBOM,26,7,2019,7/26/20,HNCR,4,MISC,NA,NA,NA,NA,0,0,0,0,2020-07,0,0,0,0
763,CBOM,26,7,2019,7/26/20,HNCR,3,WOOD,NA,NA,NA,NA,0,0,0,0,2020-07,0,0,0,0
764,CBOM,26,7,2019,7/26/20,HNCR,3,LEAF,NA,NA,NA,NA,0.0146,3.6753,3.6899,3.6709,2020-07,1,1.301369863,0.019,0.499825441
765,CBOM,26,7,2019,7/26/20,HNCR,3,MISC,NA,NA,NA,NA,0.04,3.5564,3.5964,3.5575,2020-07,1,0.9725,0.0389,1.023326824
766,CBOM,26,7,2019,7/26/20,WS09,1,WOOD,NA,NA,NA,NA,0,0,0,0,2020-07,0,0,0,0
767,CBOM,26,7,2019,7/26/20,WS09,1,LEAF,NA,NA,NA,NA,0,0,0,0,2020-07,0,0,0,0
768,CBOM,26,7,2019,7/26/20,WS09,1,MISC,NA,NA,NA,NA,0,0,0,0,2020-07,0,0,0,0
769,CBOM,26,7,2019,7/26/20,WS09,3,WOOD,NA,NA,NA,NA,0,0,0,0,2020-07,0,0,0,0
770,CBOM,26,7,2019,7/26/20,WS09,3,LEAF,NA,NA,NA,NA,0.1395,3.5479,3.6874,3.5562,2020-07,1,0.940501792,0.1312,3.451426204
771,CBOM,26,7,2019,7/26/20,WS09,3,MISC,NA,NA,NA,NA,0,0,0,0,2020-07,0,0,0,0
772,CBOM,26,7,2019,7/26/20,WS09,4,WOOD,NA,NA,NA,NA,3.8816,3.648,7.5296,4.4824,2020-07,1,0.785037098,3.0472,80.16147811
773,CBOM,26,7,2019,7/26/20,WS09,4,LEAF,NA,NA,NA,NA,0.6716,3.6442,4.3158,3.6913,2020-07,1,0.92986897,0.6245,16.42847305
774,CBOM,26,7,2019,7/26/20,WS09,4,MISC,NA,NA,NA,NA,0.0392,3.636,3.6752,3.642,2020-07,1,0.846938776,0.0332,0.873379192
775,CBOM,26,7,2019,7/26/20,CWCR,3,WOOD,NA,NA,NA,NA,0,0,0,0,2020-07,0,0,0,0
776,CBOM,26,7,2019,7/26/20,CWCR,3,LEAF,NA,NA,NA,NA,0,0,0,0,2020-07,0,0,0,0
777,CBOM,26,7,2019,7/26/20,CWCR,3,MISC,NA,NA,NA,NA,0,0,0,0,2020-07,0,0,0,0
778,CBOM,26,7,2019,7/26/20,CWCR,1,WOOD,NA,NA,NA,NA,0,0,0,0,2020-07,0,0,0,0
779,CBOM,26,7,2019,7/26/20,CWCR,1,LEAF,NA,NA,NA,NA,0,0,0,0,2020-07,0,0,0,0
780,CBOM,26,7,2019,7/26/20,CWCR,1,MISC,NA,NA,NA,NA,0,0,0,0,2020-07,0,0,0,0
781,CBOM,26,7,2019,7/26/20,WS09,2,WOOD,NA,NA,NA,NA,0,0,0,0,2020-07,0,0,0,0
782,CBOM,26,7,2019,7/26/20,WS09,2,LEAF,NA,NA,NA,NA,0,0,0,0,2020-07,0,0,0,0
783,CBOM,26,7,2019,7/26/20,WS09,2,MISC,NA,NA,NA,NA,0,0,0,0,2020-07,0,0,0,0
784,CBOM,26,7,2019,7/26/20,CWCR,4,WOOD,NA,NA,NA,NA,0,0,0,0,2020-07,0,0,0,0
785,CBOM,26,7,2019,7/26/20,CWCR,4,LEAF,NA,NA,NA,NA,0.0034,3.5531,3.5565,3.5531,2020-07,1,1,0.0034,0.089442447
786,CBOM,26,7,2019,7/26/20,CWCR,4,MISC,NA,NA,NA,NA,0,0,0,0,2020-07,0,0,0,0
787,CBOM,26,7,2019,7/26/20,CWCR,2,WOOD,NA,NA,NA,NA,0,0,0,0,2020-07,0,0,0,0
788,CBOM,26,7,2019,7/26/20,CWCR,2,LEAF,NA,NA,NA,NA,0,0,0,0,2020-07,0,0,0,0
789,CBOM,26,7,2019,7/26/20,CWCR,2,MISC,NA,NA,NA,NA,0,0,0,0,2020-07,0,0,0,0
790,CBOM,26,7,2019,7/26/20,WS31,2,WOOD,NA,NA,NA,NA,3.7353,3.6135,7.3488,3.7083,2020-07,1,0.974620512,3.6405,95.76918518
791,CBOM,26,7,2019,7/26/20,WS31,2,LEAF,NA,NA,NA,NA,1.2498,3.6255,4.8753,3.8302,2020-07,1,0.836213794,1.0451,27.49302992
792,CBOM,26,7,2019,7/26/20,WS31,2,MISC,NA,NA,NA,NA,0,0,0,0,2020-07,0,0,0,0
793,CBOM,26,7,2019,7/26/20,WS31,1,WOOD,NA,NA,NA,NA,0,0,0,0,2020-07,0,0,0,0
794,CBOM,26,7,2019,7/26/20,WS31,1,LEAF,NA,NA,NA,NA,0,0,0,0,2020-07,0,0,0,0
795,CBOM,26,7,2019,7/26/20,WS31,1,MISC,NA,NA,NA,NA,0,0,0,0,2020-07,0,0,0,0
796,CBOM,26,7,2019,7/26/20,WS17,4,WOOD,NA,NA,NA,NA,9.3758,3.5557,12.9315,3.6551,2020-07,1,0.989398238,9.2764,244.0305643
797,CBOM,26,7,2019,7/26/20,WS17,4,LEAF,NA,NA,NA,NA,3.3606,3.6542,7.0148,3.9259,2020-07,1,0.919151342,3.0889,81.25846342
798,CBOM,26,7,2019,7/26/20,WS17,4,MISC,NA,NA,NA,NA,0,0,0,0,2020-07,0,0,0,0
799,CBOM,26,7,2019,7/26/20,WS17,2,WOOD,NA,NA,NA,NA,0.4832,3.5468,4.03,3.6594,2020-07,1,0.766970199,0.3706,9.749226762
800,CBOM,26,7,2019,7/26/20,WS17,2,LEAF,NA,NA,NA,NA,2.2579,3.6382,5.8961,3.7425,2020-07,1,0.953806634,2.1536,56.65389842
801,CBOM,26,7,2019,7/26/20,WS17,2,MISC,NA,NA,NA,NA,0,0,0,0,2020-07,0,0,0,0
802,CBOM,26,7,2019,7/26/20,HNCR,1,WOOD,NA,NA,NA,NA,0,0,0,0,2020-07,0,0,0,0
803,CBOM,26,7,2019,7/26/20,HNCR,1,LEAF,NA,NA,NA,NA,0,0,0,0,2020-07,0,0,0,0
804,CBOM,26,7,2019,7/26/20,HNCR,1,MISC,NA,NA,NA,NA,0,0,0,0,2020-07,0,0,0,0
805,CBOM,26,7,2019,7/26/20,HNCR,2,WOOD,NA,NA,NA,NA,0,0,0,0,2020-07,0,0,0,0
806,CBOM,26,7,2019,7/26/20,HNCR,2,LEAF,NA,NA,NA,NA,0,0,0,0,2020-07,0,0,0,0
807,CBOM,26,7,2019,7/26/20,HNCR,2,MISC,NA,NA,NA,NA,0,0,0,0,2020-07,0,0,0,0
808,CBOM,26,7,2019,7/26/20,WS34,1,WOOD,NA,NA,NA,NA,0,0,0,0,2020-07,0,0,0,0
809,CBOM,26,7,2019,7/26/20,WS34,1,LEAF,NA,NA,NA,NA,0.2344,3.6408,3.8752,3.6811,2020-07,1,0.828071672,0.1941,5.10611148
810,CBOM,26,7,2019,7/26/20,WS34,1,MISC,NA,NA,NA,NA,0,0,0,0,2020-07,0,0,0,0
811,CBOM,26,7,2019,7/26/20,WS34,2,WOOD,NA,NA,NA,NA,1.9621,3.6542,5.6163,3.8145,2020-07,1,0.918301819,1.8018,47.39923578
812,CBOM,26,7,2019,7/26/20,WS34,2,LEAF,NA,NA,NA,NA,0.2572,3.6625,3.9197,3.6819,2020-07,1,0.924572317,0.2378,6.255709995
813,CBOM,26,7,2019,7/26/20,WS34,2,MISC,NA,NA,NA,NA,0,0,NA,0,2020-07,0,0,0,0
814,CBOM,26,7,2019,7/26/20,WS34,4,WOOD,NA,NA,NA,NA,7.074,3.6167,10.6907,3.9771,2020-07,1,0.94905287,6.7136,176.6120043
815,CBOM,26,7,2019,7/26/20,WS34,4,LEAF,NA,NA,NA,NA,1.0889,3.6604,4.7493,3.7915,2020-07,1,0.879603269,0.9578,25.19646355
816,CBOM,26,7,2019,7/26/20,WS34,4,MISC,NA,NA,NA,NA,0.0935,3.5238,3.6173,3.538,2020-07,1,0.848128342,0.0793,2.086113552
817,CBOM,26,7,2019,7/26/20,WS37,4,WOOD,NA,NA,NA,NA,1.1251,3.5524,4.6775,3.6108,2020-07,1,0.948093503,1.0667,28.06125253
818,CBOM,26,7,2019,7/26/20,WS37,4,LEAF,NA,NA,NA,NA,0.9786,3.5527,4.5313,3.5669,2020-07,1,0.985489475,0.9644,25.37008713
819,CBOM,26,7,2019,7/26/20,WS37,4,MISC,NA,NA,NA,NA,0,0,0,0,2020-07,0,0,0,0
820,CBOM,26,7,2019,7/26/20,WS37,3,WOOD,NA,NA,NA,NA,3.591,3.6309,7.2219,3.7821,2020-07,1,0.957894737,3.4398,90.48945012
821,CBOM,26,7,2019,7/26/20,WS37,3,LEAF,NA,NA,NA,NA,1.9249,3.5068,5.4317,3.6105,2020-07,1,0.946127072,1.8212,47.90958386
822,CBOM,26,7,2019,7/26/20,WS37,3,MISC,NA,NA,NA,NA,0,0,0,0,2020-07,0,0,0,0
823,CBOM,26,7,2019,7/26/20,WS37,1,WOOD,NA,NA,NA,NA,0.1926,3.5283,3.7209,3.5503,2020-07,1,0.885773624,0.1706,4.487906329
824,CBOM,26,7,2019,7/26/20,WS37,1,LEAF,NA,NA,NA,NA,0,0,0,0,2020-07,0,0,0,0
825,CBOM,26,7,2019,7/26/20,WS37,1,MISC,NA,NA,NA,NA,0,0,0,0,2020-07,0,0,0,0
826,CBOM,26,7,2019,7/26/20,WS37,2,WOOD,NA,NA,NA,NA,0,0,0,0,2020-07,0,0,0,0
827,CBOM,26,7,2019,7/26/20,WS37,2,LEAF,NA,NA,NA,NA,0.0071,3.6083,3.6154,3.609,2020-07,1,0.901408451,0.0064,0.168362254
828,CBOM,26,7,2019,7/26/20,WS37,2,MISC,NA,NA,NA,NA,0,0,0,0,2020-07,0,0,0,0
829,CBOM,26,7,2019,7/26/20,WS17,1,WOOD,NA,NA,NA,NA,11.6347,3.6825,15.3172,3.8603,2020-07,1,0.984718128,11.4569,301.3921103
830,CBOM,26,7,2019,7/26/20,WS17,1,LEAF,NA,NA,NA,NA,0,0,0,0,2020-07,0,0,0,0
831,CBOM,26,7,2019,7/26/20,WS17,1,MISC,NA,NA,NA,NA,0,0,0,0,2020-07,0,0,0,0
832,CBOM,26,7,2019,7/26/20,WS17,3,WOOD,NA,NA,NA,NA,0.7036,3.5282,4.2318,3.5472,2020-07,1,0.97299602,0.6846,18.00949984
833,CBOM,26,7,2019,7/26/20,WS17,3,LEAF,NA,NA,NA,NA,0.1048,3.6145,3.7193,3.6196,2020-07,1,0.951335878,0.0997,2.622768236
834,CBOM,26,7,2019,7/26/20,WS17,3,MISC,NA,NA,NA,NA,0,0,0,0,2020-07,0,0,0,0
835,CBOM,26,7,2019,7/26/20,USHF,3,WOOD,NA,NA,NA,NA,0,0,0,0,2020-07,0,0,0,0
836,CBOM,26,7,2019,7/26/20,USHF,3,LEAF,NA,NA,NA,NA,0,0,0,0,2020-07,0,0,0,0
837,CBOM,26,7,2019,7/26/20,USHF,3,MISC,NA,NA,NA,NA,0,0,0,0,2020-07,0,0,0,0
838,CBOM,18,10,2019,10/18/20,USHF,4,WOOD,NA,NA,NA,NA,0,0,0,0,2020-10,0,0,0,0
839,CBOM,18,10,2019,10/18/20,USHF,4,LEAF,NA,NA,NA,NA,4.1237,3.5259,7.6496,3.9829,2020-10,1,0.889177195,3.6667,96.45841815
840,CBOM,18,10,2019,10/18/20,USHF,4,MISC,NA,NA,NA,NA,0,0,0,0,2020-10,0,0,0,0
841,CBOM,18,10,2019,10/18/20,USHF,1,WOOD,NA,NA,NA,NA,0,0,0,0,2020-10,0,0,0,0
842,CBOM,18,10,2019,10/18/20,USHF,1,LEAF,NA,NA,NA,NA,2.9568,3.525,6.4818,3.7783,2020-10,1,0.914333063,2.7035,71.11989895
843,CBOM,18,10,2019,10/18/20,USHF,1,MISC,NA,NA,NA,NA,0.0279,3.6172,3.6451,3.6176,2020-10,1,0.985663082,0.0275,0.72343156
844,CBOM,18,10,2019,10/18/20,USHF,2,WOOD,NA,NA,NA,NA,0,0,0,0,2020-10,0,0,0,0
845,CBOM,18,10,2019,10/18/20,USHF,2,LEAF,NA,NA,NA,NA,0,0,0,0,2020-10,0,0,0,0
846,CBOM,18,10,2019,10/18/20,USHF,2,MISC,NA,NA,NA,NA,0,0,0,0,2020-10,0,0,0,0
847,CBOM,18,10,2019,10/18/20,HNCR,2,WOOD,NA,NA,NA,NA,1.36437,3.5025,4.86687,3.6577,2020-10,1,0.886247865,1.20917,31.80915414
848,CBOM,18,10,2019,10/18/20,HNCR,2,LEAF,NA,NA,NA,NA,0,0,0,0,2020-10,0,0,0,0
849,CBOM,18,10,2019,10/18/20,HNCR,2,MISC,NA,NA,NA,NA,0,0,0,0,2020-10,0,0,0,0
850,CBOM,18,10,2019,10/18/20,HNCR,1,WOOD,NA,NA,NA,NA,0,0,0,0,2020-10,0,0,0,0
851,CBOM,18,10,2019,10/18/20,HNCR,1,LEAF,NA,NA,NA,NA,0,0,0,0,2020-10,0,0,0,0
852,CBOM,18,10,2019,10/18/20,HNCR,1,MISC,NA,NA,NA,NA,0,0,0,0,2020-10,0,0,0,0
853,CBOM,18,10,2019,10/18/20,HNCR,3,WOOD,NA,NA,NA,NA,0,0,0,0,2020-10,0,0,0,0
854,CBOM,18,10,2019,10/18/20,HNCR,3,LEAF,NA,NA,NA,NA,0,0,0,0,2020-10,0,0,0,0
855,CBOM,18,10,2019,10/18/20,HNCR,3,MISC,NA,NA,NA,NA,0,0,0,0,2020-10,0,0,0,0
856,CBOM,18,10,2019,10/18/20,HNCR,4,WOOD,NA,NA,NA,NA,0,0,0,0,2020-10,0,0,0,0
857,CBOM,18,10,2019,10/18/20,HNCR,4,LEAF,NA,NA,NA,NA,5.2799,3.6234,8.9033,4.6299,2020-10,1,0.80937139,4.2734,112.4186337
858,CBOM,18,10,2019,10/18/20,HNCR,4,MISC,NA,NA,NA,NA,0,0,0,0,2020-10,0,0,0,0
859,CBOM,18,10,2019,10/18/20,CWCR,3,WOOD,NA,NA,NA,NA,0,0,0,0,2020-10,0,0,0,0
860,CBOM,18,10,2019,10/18/20,CWCR,3,LEAF,NA,NA,NA,NA,4.2276,3.5518,7.7794,3.8039,2020-10,1,0.940368058,3.9755,104.5818969
861,CBOM,18,10,2019,10/18/20,CWCR,3,MISC,NA,NA,NA,NA,0,0,0,0,2020-10,0,0,0,0
862,CBOM,18,10,2019,10/18/20,CWCR,4,WOOD,NA,NA,NA,NA,0.7037,3.5401,4.2438,3.5721,2020-10,1,0.954526076,0.6717,17.67014467
863,CBOM,18,10,2019,10/18/20,CWCR,4,LEAF,NA,NA,NA,NA,2.2604,3.6249,5.8853,3.7697,2020-10,1,0.935940541,2.1156,55.65424754
864,CBOM,18,10,2019,10/18/20,CWCR,4,MISC,NA,NA,NA,NA,0,0,0,0,2020-10,0,0,0,0
865,CBOM,18,10,2019,10/18/20,CWCR,2,WOOD,NA,NA,NA,NA,0.5456,3.5377,4.0833,3.5605,2020-10,1,0.958211144,0.5228,13.75309161
866,CBOM,18,10,2019,10/18/20,CWCR,2,LEAF,NA,NA,NA,NA,0.0121,3.5412,3.5533,3.5413,2020-10,1,0.991735537,0.012,0.315679226
867,CBOM,18,10,2019,10/18/20,CWCR,2,MISC,NA,NA,NA,NA,0,0,0,0,2020-10,0,0,0,0
868,CBOM,18,10,2019,10/18/20,CWCR,1,WOOD,NA,NA,NA,NA,0,0,0,0,2020-10,0,0,0,0
869,CBOM,18,10,2019,10/18/20,CWCR,1,LEAF,NA,NA,NA,NA,0,0,0,0,2020-10,0,0,0,0
870,CBOM,18,10,2019,10/18/20,CWCR,1,MISC,NA,NA,NA,NA,0,0,0,0,2020-10,0,0,0,0
871,CBOM,18,10,2019,10/18/20,LCCR,1,WOOD,NA,NA,NA,NA,89.47,8.3219,30.3646,9.1671,2020-10,0.246369733,0.96165624,86.03938379,2263.40384
872,CBOM,18,10,2019,10/18/20,LCCR,1,LEAF,NA,NA,NA,NA,4.1284,3.5743,7.7027,4.0423,2020-10,1,0.886638892,3.6604,96.29268656
873,CBOM,18,10,2019,10/18/20,LCCR,1,MISC,NA,NA,NA,NA,0.366,3.532,3.898,3.5358,2020-10,1,0.989617486,0.3622,9.528251304
874,CBOM,18,10,2019,10/18/20,LCCR,3,WOOD,NA,NA,NA,NA,0,0,0,0,2020-10,0,0,0,0
875,CBOM,18,10,2019,10/18/20,LCCR,3,LEAF,NA,NA,NA,NA,2.6629,3.5294,6.1923,3.7297,2020-10,1,0.924781254,2.4626,64.78263849
876,CBOM,18,10,2019,10/18/20,LCCR,3,MISC,NA,NA,NA,NA,0,0,0,0,2020-10,0,0,0,0
877,CBOM,18,10,2019,10/18/20,LCCR,2,WOOD,NA,NA,NA,NA,0,0,0,0,2020-10,0,0,0,0
878,CBOM,18,10,2019,10/18/20,LCCR,2,LEAF,NA,NA,NA,NA,0,0,0,0,2020-10,0,0,0,0
879,CBOM,18,10,2019,10/18/20,LCCR,2,MISC,NA,NA,NA,NA,0,0,0,0,2020-10,0,0,0,0
880,CBOM,18,10,2019,10/18/20,LCCR,4,WOOD,NA,NA,NA,NA,0.4855,3.6181,4.1036,3.6289,2020-10,1,0.977754892,0.4747,12.48774405
881,CBOM,18,10,2019,10/18/20,LCCR,4,LEAF,NA,NA,NA,NA,1.1942,3.636,4.8302,3.7071,2020-10,1,0.940462234,1.1231,29.54494489
882,CBOM,18,10,2019,10/18/20,LCCR,4,MISC,NA,NA,NA,NA,0,0,0,0,2020-10,0,0,0,0
883,CBOM,18,10,2019,10/18/20,WS09,1,WOOD,NA,NA,NA,NA,0.8123,3.6488,4.4611,3.7634,2020-10,1,0.858919119,0.6977,18.35411633
884,CBOM,18,10,2019,10/18/20,WS09,1,LEAF,NA,NA,NA,NA,2.1672,3.5617,5.7289,3.7118,2020-10,1,0.930740126,2.0171,53.06304722
885,CBOM,18,10,2019,10/18/20,WS09,1,MISC,NA,NA,NA,NA,0,0,0,0,2020-10,0,0,0,0
886,CBOM,18,10,2019,10/18/20,WS09,2,WOOD,NA,NA,NA,NA,0.3731,3.5546,3.9277,3.5594,2020-10,1,0.987134816,0.3683,9.688721577
887,CBOM,18,10,2019,10/18/20,WS09,2,LEAF,NA,NA,NA,NA,0.3304,3.5336,3.864,3.5469,2020-10,1,0.959745763,0.3171,8.341823546
888,CBOM,18,10,2019,10/18/20,WS09,2,MISC,NA,NA,NA,NA,0,0,0,0,2020-10,0,0,0,0
889,CBOM,18,10,2019,10/18/20,WS09,3,WOOD,NA,NA,NA,NA,3.0526,3.5781,6.6307,3.7601,2020-10,1,0.940378694,2.8706,75.51573217
890,CBOM,18,10,2019,10/18/20,WS09,3,LEAF,NA,NA,NA,NA,0.1371,3.5341,3.6712,3.5432,2020-10,1,0.933625091,0.128,3.367245077
891,CBOM,18,10,2019,10/18/20,WS09,3,MISC,NA,NA,NA,NA,0,0,0,0,2020-10,0,0,0,0
892,CBOM,18,10,2019,10/18/20,WS09,4,WOOD,NA,NA,NA,NA,0,0,0,0,2020-10,0,0,0,0
893,CBOM,18,10,2019,10/18/20,WS09,4,LEAF,NA,NA,NA,NA,0,0,0,0,2020-10,0,0,0,0
894,CBOM,18,10,2019,10/18/20,WS09,4,MISC,NA,NA,NA,NA,0,0,0,0,2020-10,0,0,0,0
895,CBOM,18,10,2019,10/18/20,WS17,2,WOOD,NA,NA,NA,NA,4.0309,3.6769,7.7078,3.7349,2020-10,1,0.985611154,3.9729,104.5134997
896,CBOM,18,10,2019,10/18/20,WS17,2,LEAF,NA,NA,NA,NA,1.5082,3.5528,5.061,3.6819,2020-10,1,0.914401273,1.3791,36.27943504
897,CBOM,18,10,2019,10/18/20,WS17,2,MISC,NA,NA,NA,NA,0.0145,3.6217,3.6362,3.6234,2020-10,1,0.882758621,0.0128,0.336724508
898,CBOM,18,10,2019,10/18/20,WS17,1,WOOD,NA,NA,NA,NA,12.7269,3.6167,16.3436,3.7552,2020-10,1,0.989117538,12.5884,331.1580307
899,CBOM,18,10,2019,10/18/20,WS17,1,LEAF,NA,NA,NA,NA,2.2828,3.5313,5.8141,3.7549,2020-10,1,0.902050114,2.0592,54.17055518
900,CBOM,18,10,2019,10/18/20,WS17,1,MISC,NA,NA,NA,NA,0,0,0,0,2020-10,0,0,0,0
901,CBOM,18,10,2019,10/18/20,WS17,3,WOOD,NA,NA,NA,NA,0,0,0,0,2020-10,0,0,0,0
902,CBOM,18,10,2019,10/18/20,WS17,3,LEAF,NA,NA,NA,NA,1.7516,3.5341,5.2857,3.6275,2020-10,1,0.946677324,1.6582,43.62160771
903,CBOM,18,10,2019,10/18/20,WS17,3,MISC,NA,NA,NA,NA,10.9178,8.2577,19.1755,8.4561,2020-10,1,0.981827841,10.7194,281.9909912
904,CBOM,18,10,2019,10/18/20,WS17,4,WOOD,NA,NA,NA,NA,2.4853,3.5351,6.0204,3.5696,2020-10,1,0.986118376,2.4508,64.47222058
905,CBOM,18,10,2019,10/18/20,WS17,4,LEAF,NA,NA,NA,NA,4.6138,3.5163,8.1301,3.9813,2020-10,1,0.899215397,4.1488,109.1408311
906,CBOM,18,10,2019,10/18/20,WS17,4,MISC,NA,NA,NA,NA,5.1473,8.2788,13.4261,8.4588,2020-10,1,0.96503021,4.9673,130.6727849
907,CBOM,18,10,2019,10/18/20,WS01,1,WOOD,NA,NA,NA,NA,2.9895,3.6319,6.6214,3.7001,2020-10,1,0.977186821,2.9213,76.8494769
908,CBOM,18,10,2019,10/18/20,WS01,1,LEAF,NA,NA,NA,NA,2.71,3.5309,6.2346,3.6946,2020-10,0.997675277,0.939453342,2.545918556,66.9744666
909,CBOM,18,10,2019,10/18/20,WS01,1,MISC,NA,NA,NA,NA,0,0,0,0,2020-10,0,0,0,0
910,CBOM,18,10,2019,10/18/20,WS01,4,WOOD,NA,NA,NA,NA,4.3063,3.556,7.8623,3.6413,2020-10,1,0.980191812,4.221,111.0401677
911,CBOM,18,10,2019,10/18/20,WS01,4,LEAF,NA,NA,NA,NA,4.0463,3.6632,7.7095,3.9728,2020-10,1,0.923485654,3.7367,98.29988031
912,CBOM,18,10,2019,10/18/20,WS01,4,MISC,NA,NA,NA,NA,0,0,0,0,2020-10,0,0,0,0
913,CBOM,18,10,2019,10/18/20,WS01,2,WOOD,NA,NA,NA,NA,0,0,0,0,2020-10,0,0,0,0
914,CBOM,18,10,2019,10/18/20,WS01,2,LEAF,NA,NA,NA,NA,0.5675,3.5282,4.0957,3.6014,2020-10,1,0.871013216,0.4943,13.00335345
915,CBOM,18,10,2019,10/18/20,WS01,2,MISC,NA,NA,NA,NA,0.1174,3.5209,3.6383,3.5346,2020-10,1,0.88330494,0.1037,2.727994644
916,CBOM,18,10,2019,10/18/20,WS01,3,WOOD,NA,NA,NA,NA,0.2781,3.6588,3.9369,3.7015,2020-10,1,0.846458109,0.2354,6.192574149
917,CBOM,18,10,2019,10/18/20,WS01,3,LEAF,NA,NA,NA,NA,0,0,0,0,2020-10,0,0,0,0
918,CBOM,18,10,2019,10/18/20,WS01,3,MISC,NA,NA,NA,NA,0,0,0,0,2020-10,0,0,0,0
919,CBOM,18,10,2019,10/18/20,WS31,4,WOOD,NA,NA,NA,NA,0,0,0,0,2020-10,0,0,0,0
920,CBOM,18,10,2019,10/18/20,WS31,4,LEAF,NA,NA,NA,NA,0.9536,3.5359,4.4895,3.5997,2020-10,1,0.933095638,0.8898,23.40761461
921,CBOM,18,10,2019,10/18/20,WS31,4,MISC,NA,NA,NA,NA,0,0,0,0,2020-10,0,0,0,0
922,CBOM,18,10,2019,10/18/20,WS31,1,WOOD,NA,NA,NA,NA,0.4965,3.5568,4.0533,3.5731,2020-10,1,0.967170191,0.4802,12.63243036
923,CBOM,18,10,2019,10/18/20,WS31,1,LEAF,NA,NA,NA,NA,3.3871,3.6631,7.0502,4.0134,2020-10,1,0.896578194,3.0368,79.88788945
924,CBOM,18,10,2019,10/18/20,WS31,1,MISC,NA,NA,NA,NA,0,0,0,0,2020-10,0,0,0,0
925,CBOM,18,10,2019,10/18/20,WS31,3,WOOD,NA,NA,NA,NA,0,0,0,0,2020-10,0,0,0,0
926,CBOM,18,10,2019,10/18/20,WS31,3,LEAF,NA,NA,NA,NA,2.9486,3.6523,6.6009,3.8251,2020-10,1,0.941395917,2.7758,73.02186629
927,CBOM,18,10,2019,10/18/20,WS31,3,MISC,NA,NA,NA,NA,0,0,0,0,2020-10,0,0,0,0
928,CBOM,18,10,2019,10/18/20,WS31,2,WOOD,NA,NA,NA,NA,0.1117,3.6401,3.7518,3.6561,2020-10,1,0.856759176,0.0957,2.517541827
929,CBOM,18,10,2019,10/18/20,WS31,2,LEAF,NA,NA,NA,NA,8.03,3.6132,7.1081,3.8375,2020-10,0.435230386,0.935820767,7.514640762,197.6846649
930,CBOM,18,10,2019,10/18/20,WS31,2,MISC,NA,NA,NA,NA,0,0,0,0,2020-10,0,0,0,0
931,CBOM,18,10,2019,10/18/20,WS34,3,WOOD,NA,NA,NA,NA,0.8294,3.6618,4.4912,3.68,2020-10,1,0.978056426,0.8112,21.33991568
932,CBOM,18,10,2019,10/18/20,WS34,3,LEAF,NA,NA,NA,NA,4.2814,3.5386,7.82,3.8298,2020-10,1,0.931984865,3.9902,104.968604
933,CBOM,18,10,2019,10/18/20,WS34,3,MISC,NA,NA,NA,NA,0,0,0,0,2020-10,0,0,0,0
934,CBOM,18,10,2019,10/18/20,WS34,4,WOOD,NA,NA,NA,NA,0.2892,3.6171,3.9063,3.6263,2020-10,1,0.968188105,0.28,7.365848606
935,CBOM,18,10,2019,10/18/20,WS34,4,LEAF,NA,NA,NA,NA,1.2231,3.6444,4.8675,3.6926,2020-10,1,0.960591939,1.1749,30.90762688
936,CBOM,18,10,2019,10/18/20,WS34,4,MISC,NA,NA,NA,NA,0,0,0,0,2020-10,0,0,0,0
937,CBOM,18,10,2019,10/18/20,WS34,1,WOOD,NA,NA,NA,NA,0.4206,3.6112,4.0318,3.6409,2020-10,1,0.929386591,0.3909,10.28325079
938,CBOM,18,10,2019,10/18/20,WS34,1,LEAF,NA,NA,NA,NA,1.0926,3.649,4.7416,3.7119,2020-10,1,0.942430899,1.0297,27.08790825
939,CBOM,18,10,2019,10/18/20,WS34,1,MISC,NA,NA,NA,NA,0,0,0,0,2020-10,0,0,0,0
940,CBOM,18,10,2019,10/18/20,WS34,2,WOOD,NA,NA,NA,NA,0.7226,3.5235,4.2461,3.5518,2020-10,1,0.96083587,0.6943,18.26467388
941,CBOM,18,10,2019,10/18/20,WS34,2,LEAF,NA,NA,NA,NA,3.6611,3.6265,7.2876,3.8426,2020-10,1,0.940974024,3.445,90.62624445
942,CBOM,18,10,2019,10/18/20,WS34,2,MISC,NA,NA,NA,NA,0,0,0,0,2020-10,0,0,0,0
943,CBOM,18,10,2019,10/18/20,WS37,3,WOOD,NA,NA,NA,NA,1.0448,3.6242,4.669,3.6797,2020-10,1,0.946879786,0.9893,26.02512152
944,CBOM,18,10,2019,10/18/20,WS37,3,LEAF,NA,NA,NA,NA,4.1459,3.6343,7.7802,3.9596,2020-10,1,0.92153694,3.8206,100.5070042
945,CBOM,18,10,2019,10/18/20,WS37,3,MISC,NA,NA,NA,NA,0,0,0,0,2020-10,0,0,0,0
946,CBOM,18,10,2019,10/18/20,WS37,1,WOOD,NA,NA,NA,NA,0,0,0,0,2020-10,0,0,0,0
947,CBOM,18,10,2019,10/18/20,WS37,1,LEAF,NA,NA,NA,NA,2.9629,3.5479,6.5108,3.7029,2020-10,1,0.947686388,2.8079,73.86630822
948,CBOM,18,10,2019,10/18/20,WS37,1,MISC,NA,NA,NA,NA,0,0,0,0,2020-10,0,0,0,0
949,CBOM,18,10,2019,10/18/20,WS37,2,WOOD,NA,NA,NA,NA,0,0,0,0,2020-10,0,0,0,0
950,CBOM,18,10,2019,10/18/20,WS37,2,LEAF,NA,NA,NA,NA,0,0,0,0,2020-10,0,0,0,0
951,CBOM,18,10,2019,10/18/20,WS37,2,MISC,NA,NA,NA,NA,0,0,0,0,2020-10,0,0,0,0
952,CBOM,18,10,2019,10/18/20,WS37,4,WOOD,NA,NA,NA,NA,1.4881,3.5293,5.0174,3.5748,2020-10,1,0.969424098,1.4426,37.94990428
953,CBOM,18,10,2019,10/18/20,WS37,4,LEAF,NA,NA,NA,NA,36.01,3.5428,9.2649,3.9479,2020-10,0.158903082,0.929204313,33.46064731,880.2359371
954,CBOM,18,10,2019,10/18/20,WS37,4,MISC,NA,NA,NA,NA,0.194,3.5448,3.7388,3.5507,2020-10,1,0.969587629,0.1881,4.948271867